Date,Incidence,Untreated,New_Starts_1L,1L_Legacy-ASCT,1L_VRd-ASCT,1L_D-VRd-ASCT,1L_MP-legacy,1L_VMP,1L_Rd,1L_VRd,1L_DRd,1L_Isa-VRd,1L_D-VRd,2L_Legacy-salvage,2L_Vd,2L_Rd,2L_KRd,2L_Ixa-Rd,2L_Elo-Rd,2L_Kd,2L_DRd,2L_DVd,2L_PVd,2L_DKd,2L_SVd,2L_Isa-Kd,2L_DPd,2L_Cilta-cel,2L_Tec-Dara,3L_Legacy-salvage,3L_Vd,3L_Rd,3L_Pd,3L_Kd,3L_DPd,3L_Elo-Pd,3L_Isa-Pd,3L_DKd,3L_SVd,3L_Isa-Kd,3L_Ide-cel,3L_Cilta-cel,3L_BVd,3L_Tec-Dara,4L+_Legacy-salvage,4L+_Vd,4L+_Pd,4L+_Dara,4L+_Sd,4L+_Belamaf,4L+_Ide-cel,4L+_Cilta-cel,4L+_Teclistamab,4L+_Talquetamab,4L+_Elranatamab,4L+_Linvoseltamab,Total_1L,Total_2L,Total_3L,Total_4L+,Starts_1L,Progressions_1L,Deaths_1L,Starts_2L,Progressions_2L,Deaths_2L,Starts_3L,Progressions_3L,Deaths_3L,Starts_4L+,Starts_4L+_first,Progressions_4L+,Deaths_4L+,No_Next_Line_1L,No_Next_Line_2L,No_Next_Line_3L,No_Next_Line_4L+
1999-01-01,1249.8333333333333,183.7255,1041.1111666666666,9475.473269486216,0.0,0.0,11490.310887991154,0.0,0.0,0.0,0.0,0.0,0.0,2336.272944246896,0.0,0.0,0.0,0.0,0.0,0.0,0.0,0.0,0.0,0.0,0.0,0.0,0.0,0.0,0.0,1680.7801654757593,0.0,0.0,0.0,0.0,0.0,0.0,0.0,0.0,0.0,0.0,0.0,0.0,0.0,0.0,2091.7832382874453,0.0,0.0,0.0,0.0,0.0,0.0,0.0,0.0,0.0,0.0,0.0,20965.78415747737,2336.272944246896,1680.7801654757593,2091.7832382874453,1041.1111666666666,950.6109937075207,64.40633798260956,759.4099193929859,739.5112065467364,16.170331232822438,553.729707866337,531.4333194419848,19.421847942885414,707.2616498631721,344.83930973859907,660.0646080783426,43.65706046261052,190.1221987415041,184.8778016366841,186.0016618046947,297.0290736352542
1999-02-01,1249.8333333333333,187.47500000000002,1062.3583333333333,9494.978389154505,0.0,0.0,11516.35377608126,0.0,0.0,0.0,0.0,0.0,0.0,2339.8840915646147,0.0,0.0,0.0,0.0,0.0,0.0,0.0,0.0,0.0,0.0,0.0,0.0,0.0,0.0,0.0,1683.6211464554883,0.0,0.0,0.0,0.0,0.0,0.0,0.0,0.0,0.0,0.0,0.0,0.0,0.0,0.0,2095.3355322029383,0.0,0.0,0.0,0.0,0.0,0.0,0.0,0.0,0.0,0.0,0.0,21011.332165235763,2339.8840915646147,1683.6211464554883,2095.3355322029383,1062.3583333333333,952.2646762328691,64.54564934206915,760.4887949660166,740.6822456053233,16.19540204297422,554.6334049100523,532.3377194505589,19.454704479764366,708.4671920803787,345.4316576372902,661.1837136609238,43.73118450396162,190.4529352465738,185.17056140133081,186.3182018076956,297.53267114741567
1999-03-01,1249.8333333333333,187.47500000000002,1062.3583333333333,9513.847779512074,0.0,0.0,11541.146218563545,0.0,0.0,0.0,0.0,0.0,0.0,2343.6136914582903,0.0,0.0,0.0,0.0,0.0,0.0,0.0,0.0,0.0,0.0,0.0,0.0,0.0,0.0,0.0,1686.4150420834476,0.0,0.0,0.0,0.0,0.0,0.0,0.0,0.0,0.0,0.0,0.0,0.0,0.0,0.0,2098.8947791774426,0.0,0.0,0.0,0.0,0.0,0.0,0.0,0.0,0.0,0.0,0.0,21054.993998075617,2343.6136914582903,1686.4150420834476,2098.8947791774426,1062.3583333333333,954.0170598792382,64.6794406142401,761.8117409862953,741.860931060953,16.22121003166696,555.5116842039924,533.2307556231482,19.48703295288493,709.6705601563715,346.0195176428633,662.3058525431093,43.80546063875775,190.8034119758476,185.46523276523826,186.63076446810186,298.03763364439914
1999-04-01,1249.8333333333333,187.47500000000002,1062.3583333333333,9532.079583178407,0.0,0.0,11564.681833719405,0.0,0.0,0.0,0.0,0.0,0.0,2347.506914616343,0.0,0.0,0.0,0.0,0.0,0.0,0.0,0.0,0.0,0.0,0.0,0.0,0.0,0.0,0.0,1689.178180683397,0.0,0.0,0.0,0.0,0.0,0.0,0.0,0.0,0.0,0.0,0.0,0.0,0.0,0.0,2102.4539726727166,0.0,0.0,0.0,0.0,0.0,0.0,0.0,0.0,0.0,0.0,0.0,21096.76141689781,2347.506914616343,1689.178180683397,2102.4539726727166,1062.3583333333333,955.7833540235731,64.8075604875654,763.2136479033907,743.0723263625383,16.2480983827993,556.3956982957147,534.1135562617358,19.519003434029415,710.8682100537565,346.5999911550463,663.4292701881591,43.87974637032311,191.1566708047146,185.76808159063458,186.9397446916075,298.54317158467154
1999-05-01,1249.8333333333333,187.47500000000002,1062.3583333333333,9549.678076668373,0.0,0.0,11586.975330758787,0.0,0.0,0.0,0.0,0.0,0.0,2351.5364343886167,0.0,0.0,0.0,0.0,0.0,0.0,0.0,0.0,0.0,0.0,0.0,0.0,0.0,0.0,0.0,1691.939639334991,0.0,0.0,0.0,0.0,0.0,0.0,0.0,0.0,0.0,0.0,0.0,0.0,0.0,0.0,2106.0076928479666,0.0,0.0,0.0,0.0,0.0,0.0,0.0,0.0,0.0,0.0,0.0,21136.653407427162,2351.5364343886167,1691.939639334991,2106.0076928479666,1062.3583333333333,957.5363173910846,64.93002541289829,764.6266832188585,744.321248190663,16.275915255922047,557.3042447719038,534.9918500288031,19.55093609150694,712.0599101736158,347.17381157012824,664.5522614294814,43.95392856888446,191.50726347821688,186.08031204766576,187.24714751008108,299.0485176432666
1999-06-01,1249.8333333333333,187.47500000000002,1062.3583333333333,9566.650964922219,0.0,0.0,11608.052995874907,0.0,0.0,0.0,0.0,0.0,0.0,2355.658848975837,0.0,0.0,0.0,0.0,0.0,0.0,0.0,0.0,0.0,0.0,0.0,0.0,0.0,0.0,0.0,1694.72491630886,0.0,0.0,0.0,0.0,0.0,0.0,0.0,0.0,0.0,0.0,0.0,0.0,0.0,0.0,2109.5543348216515,0.0,0.0,0.0,0.0,0.0,0.0,0.0,0.0,0.0,0.0,0.0,21174.703960797124,2355.658848975837,1694.72491630886,2109.5543348216515,1062.3583333333333,959.2608648918384,65.04691507152968,766.0290539128678,745.6022563979983,16.304382927649073,558.2409361429973,535.8725387611341,19.583120407993977,713.2484463049368,347.744702518722,665.6738346483863,44.02796968286562,191.85217297836763,186.40056409949958,187.55538856639694,299.5532255917738
1999-07-01,1249.8333333333333,187.47500000000002,1062.3583333333333,9583.008189557662,0.0,0.0,11627.94838248437,0.0,0.0,0.0,0.0,0.0,0.0,2359.828961693226,0.0,0.0,0.0,0.0,0.0,0.0,0.0,0.0,0.0,0.0,0.0,0.0,0.0,0.0,0.0,1697.5496176580812,0.0,0.0,0.0,0.0,0.0,0.0,0.0,0.0,0.0,0.0,0.0,0.0,0.0,0.0,2113.09619114369,0.0,0.0,0.0,0.0,0.0,0.0,0.0,0.0,0.0,0.0,0.0,21210.956572042032,2359.828961693226,1697.5496176580812,2113.09619114369,1062.3583333333333,960.9473762373134,65.15834585111546,767.4086919134708,746.9053789329807,16.3332002631005,559.2016922984988,536.7612509074586,19.615740041818974,714.4377592513497,348.3171501947372,666.7939913473517,44.101911581959484,192.18947524746264,186.72634473324518,187.8664378176105,300.05729610630823
1999-08-01,1249.8333333333333,187.47500000000002,1062.3583333333333,9598.761260881192,0.0,0.0,11646.699837767952,0.0,0.0,0.0,0.0,0.0,0.0,2364.005536272882,0.0,0.0,0.0,0.0,0.0,0.0,0.0,0.0,0.0,0.0,0.0,0.0,0.0,0.0,0.0,1700.4185831556056,0.0,0.0,0.0,0.0,0.0,0.0,0.0,0.0,0.0,0.0,0.0,0.0,0.0,0.0,2116.6382276921477,0.0,0.0,0.0,0.0,0.0,0.0,0.0,0.0,0.0,0.0,0.0,21245.461098649146,2364.005536272882,1700.4185831556056,2116.6382276921477,1062.3583333333333,962.5893488236279,65.26445790259132,768.7579009898508,748.2192401491445,16.362086261050457,560.1790341997355,537.6612099476149,19.648858754596112,715.6315083308916,348.89481308984807,667.9136194605474,44.175852321886246,192.51786976472553,187.05481003728613,188.1814234816652,300.56112875724625
1999-09-01,1249.8333333333333,187.47500000000002,1062.3583333333333,9613.922829837464,0.0,0.0,11664.34889092972,0.0,0.0,0.0,0.0,0.0,0.0,2368.153430812731,0.0,0.0,0.0,0.0,0.0,0.0,0.0,0.0,0.0,0.0,0.0,0.0,0.0,0.0,0.0,1703.3275384976064,0.0,0.0,0.0,0.0,0.0,0.0,0.0,0.0,0.0,0.0,0.0,0.0,0.0,0.0,2120.186434123612,0.0,0.0,0.0,0.0,0.0,0.0,0.0,0.0,0.0,0.0,0.0,21278.27172076718,2368.153430812731,1703.3275384976064,2120.186434123612,1062.3583333333333,964.182303836476,65.36540737882045,770.0714790589024,749.5327867728107,16.390797746242615,561.1644301118583,538.573038560765,19.68243620909248,716.8322771692508,349.4797864659497,669.0341575089755,44.249913228811224,192.83646076729514,187.38319669320268,188.50056349626774,301.06537087903894
1999-10-01,1249.8333333333333,187.47500000000002,1062.3583333333333,9628.506389276135,0.0,0.0,11680.939119065966,0.0,0.0,0.0,0.0,0.0,0.0,2372.2439852049756,0.0,0.0,0.0,0.0,0.0,0.0,0.0,0.0,0.0,0.0,0.0,0.0,0.0,0.0,0.0,1706.2656669398725,0.0,0.0,0.0,0.0,0.0,0.0,0.0,0.0,0.0,0.0,0.0,0.0,0.0,0.0,2123.746301438909,0.0,0.0,0.0,0.0,0.0,0.0,0.0,0.0,0.0,0.0,0.0,21309.4455083421,2372.2439852049756,1706.2656669398725,2123.746301438909,1062.3583333333333,965.7231845267113,65.4613612317038,771.3458430691808,750.8361545817551,16.419134095181143,562.1495900796081,539.4951060658343,19.716355571507613,718.0412616944338,350.07247506449727,670.1571866738396,44.32420770529694,193.14463690534222,187.70903864543877,188.823287123042,301.5707340032278
1999-11-01,1249.8333333333333,187.47500000000002,1062.3583333333333,9642.526052980267,0.0,0.0,11696.515309114537,0.0,0.0,0.0,0.0,0.0,0.0,2376.25458399248,0.0,0.0,0.0,0.0,0.0,0.0,0.0,0.0,0.0,0.0,0.0,0.0,0.0,0.0,0.0,1709.2182127645217,0.0,0.0,0.0,0.0,0.0,0.0,0.0,0.0,0.0,0.0,0.0,0.0,0.0,0.0,2127.32169476655,0.0,0.0,0.0,0.0,0.0,0.0,0.0,0.0,0.0,0.0,0.0,21339.041362094802,2376.25458399248,1709.2182127645217,2127.32169476655,1062.3583333333333,967.2099861023237,65.55249347830478,772.5785476213691,752.1210133085273,16.446935525337704,563.1271159363163,540.4241175639053,19.750452547761622,719.2582716134041,350.6718189427923,671.2840607152687,44.3988175704944,193.44199722046469,188.03025332713182,189.14844114736684,302.07782732187087
1999-12-01,1249.8333333333333,187.47500000000002,1062.3583333333333,9655.996385338207,0.0,0.0,11711.122818723305,0.0,0.0,0.0,0.0,0.0,0.0,2380.1678832195703,0.0,0.0,0.0,0.0,0.0,0.0,0.0,0.0,0.0,0.0,0.0,0.0,0.0,0.0,0.0,1712.168686841249,0.0,0.0,0.0,0.0,0.0,0.0,0.0,0.0,0.0,0.0,0.0,0.0,0.0,0.0,2130.9141934862732,0.0,0.0,0.0,0.0,0.0,0.0,0.0,0.0,0.0,0.0,0.0,21367.119204061513,2380.1678832195703,1712.168686841249,2130.9141934862732,1062.3583333333333,968.6415089657179,65.63898240091132,773.767988881859,753.380611131323,16.474078523445435,564.0907599813954,541.3557453169187,19.78454058774926,720.4819098099363,351.27567641653843,672.4156323510724,44.4737787391405,193.72830179314354,188.34515278283075,189.47451086092155,302.5870345579826
2000-01-01,1318.3333333333333,187.47500000000002,1062.3583333333333,9668.932266071186,0.0,0.0,11724.80707898021,0.0,0.0,0.0,0.0,0.0,0.0,2383.9709583995414,0.0,0.0,0.0,0.0,0.0,0.0,0.0,0.0,0.0,0.0,0.0,0.0,0.0,0.0,0.0,1715.1005254211823,0.0,0.0,0.0,0.0,0.0,0.0,0.0,0.0,0.0,0.0,0.0,0.0,0.0,0.0,2134.5228559929983,0.0,0.0,0.0,0.0,0.0,0.0,0.0,0.0,0.0,0.0,0.0,21393.739345051396,2383.9709583995414,1715.1005254211823,2134.5228559929983,1062.3583333333333,970.0171839573323,65.721008386118,774.9132071725744,754.6096616267604,16.500470365843356,565.0354583484923,542.2851895354023,19.81843023315659,721.709832249087,351.8812344559972,673.552094133986,44.549075608375844,194.0034367914664,188.6524154066901,189.7998163373908,303.09844236029363
2000-02-01,1318.3333333333333,197.75000000000003,1120.5833333333333,9701.439128552796,0.0,0.0,11774.588625835211,0.0,0.0,0.0,0.0,0.0,0.0,2387.654500279516,0.0,0.0,0.0,0.0,0.0,0.0,0.0,0.0,0.0,0.0,0.0,0.0,0.0,0.0,0.0,1717.998210378849,0.0,0.0,0.0,0.0,0.0,0.0,0.0,0.0,0.0,0.0,0.0,0.0,0.0,0.0,2138.1443131080164,0.0,0.0,0.0,0.0,0.0,0.0,0.0,0.0,0.0,0.0,0.0,21476.027754388007,2387.654500279516,1717.998210378849,2138.1443131080164,1120.5833333333333,972.3232417099504,65.97168228677029,776.0137471658659,755.8041615444155,16.52604374147539,565.9572462200703,543.207618798311,19.85194246409249,722.9390249717039,352.48537319801153,674.6929255277711,44.624642328914184,194.46464834199003,188.95104038610387,190.12266657940884,303.611816487497
2000-03-01,1318.3333333333333,197.75000000000003,1120.5833333333333,9733.054736637841,0.0,0.0,11822.348663900122,0.0,0.0,0.0,0.0,0.0,0.0,2391.875143251472,0.0,0.0,0.0,0.0,0.0,0.0,0.0,0.0,0.0,0.0,0.0,0.0,0.0,0.0,0.0,1720.847933947497,0.0,0.0,0.0,0.0,0.0,0.0,0.0,0.0,0.0,0.0,0.0,0.0,0.0,0.0,2141.773081361803,0.0,0.0,0.0,0.0,0.0,0.0,0.0,0.0,0.0,0.0,0.0,21555.403400537965,2391.875143251472,1720.847933947497,2141.773081361803,1120.5833333333333,974.9935400418963,66.21414714148169,777.8585933679603,757.0828531993745,16.555097196629635,566.8531211583116,544.1184807470572,19.884916842606344,724.1660612591763,353.0849522189022,675.8369242150203,44.70036879036924,194.9987080083792,189.27071329984364,190.44146826147002,304.1266158967591
2000-04-01,1318.3333333333333,197.75000000000003,1120.5833333333333,9763.748240727018,0.0,0.0,11867.99619332714,0.0,0.0,0.0,0.0,0.0,0.0,2396.7635214814545,0.0,0.0,0.0,0.0,0.0,0.0,0.0,0.0,0.0,0.0,0.0,0.0,0.0,0.0,0.0,1723.7142841441348,0.0,0.0,0.0,0.0,0.0,0.0,0.0,0.0,0.0,0.0,0.0,0.0,0.0,0.0,2145.4019975617407,0.0,0.0,0.0,0.0,0.0,0.0,0.0,0.0,0.0,0.0,0.0,21631.74443405416,2396.7635214814545,1723.7142841441348,2145.4019975617407,1120.5833333333333,977.794611467668,66.44768834946836,779.994832033517,758.5178318384442,16.588621965090525,567.8121398995308,545.0277382303764,19.918051472516773,725.3873208038484,353.6770124855872,676.9822953030565,44.7761093008546,195.55892229353356,189.62945795961105,190.7597083806317,304.6420328863754
2000-05-01,1318.3333333333333,197.75000000000003,1120.5833333333333,9793.505646249581,0.0,0.0,11911.499807351996,0.0,0.0,0.0,0.0,0.0,0.0,2402.248491114472,0.0,0.0,0.0,0.0,0.0,0.0,0.0,0.0,0.0,0.0,0.0,0.0,0.0,0.0,0.0,1726.6932477557168,0.0,0.0,0.0,0.0,0.0,0.0,0.0,0.0,0.0,0.0,0.0,0.0,0.0,0.0,2149.0302748415697,0.0,0.0,0.0,0.0,0.0,0.0,0.0,0.0,0.0,0.0,0.0,21705.005453601578,2402.248491114472,1726.6932477557168,2149.0302748415697,1120.5833333333333,980.6502578574195,66.67205592849317,782.2356891741344,760.1244889696918,16.626230571425037,568.8883738788331,545.9569946902532,19.95241557699791,726.6082922664258,354.26802984974466,678.1281727395029,44.85184224709333,196.13005157148388,190.03112224242295,191.0849481415886,305.1576777327763
2000-06-01,1318.3333333333333,197.75000000000003,1120.5833333333333,9822.322490268543,0.0,0.0,11952.86187342417,0.0,0.0,0.0,0.0,0.0,0.0,2408.212395351833,0.0,0.0,0.0,0.0,0.0,0.0,0.0,0.0,0.0,0.0,0.0,0.0,0.0,0.0,0.0,1729.8676094325185,0.0,0.0,0.0,0.0,0.0,0.0,0.0,0.0,0.0,0.0,0.0,0.0,0.0,0.0,2152.668823773255,0.0,0.0,0.0,0.0,0.0,0.0,0.0,0.0,0.0,0.0,0.0,21775.184363692715,2408.212395351833,1729.8676094325185,2152.668823773255,1120.5833333333333,983.517244021406,66.88717922079562,784.5202062859357,761.8891290535838,16.667172994990793,570.0933667272689,546.9300497552907,19.988955295176318,727.8425415553912,354.87204654866457,679.27621211805,44.92778050565597,196.70344880428115,190.47228226339595,191.42551741435173,305.67429545312245
2000-07-01,1318.3333333333333,197.75000000000003,1120.5833333333333,9850.200652601685,0.0,0.0,11992.10691593173,0.0,0.0,0.0,0.0,0.0,0.0,2414.530713117113,0.0,0.0,0.0,0.0,0.0,0.0,0.0,0.0,0.0,0.0,0.0,0.0,0.0,0.0,0.0,1733.2899447155078,0.0,0.0,0.0,0.0,0.0,0.0,0.0,0.0,0.0,0.0,0.0,0.0,0.0,0.0,2156.3397719593304,0.0,0.0,0.0,0.0,0.0,0.0,0.0,0.0,0.0,0.0,0.0,21842.307568533415,2414.530713117113,1733.2899447155078,2156.3397719593304,1120.5833333333333,986.3670333662985,67.09309512633098,786.8137952171248,763.7848563076845,16.710621144160385,571.4168467901878,547.9662206363612,20.028290870837324,729.1064490058666,355.50453234093897,680.4311335963062,45.004367223485,197.27340667325967,190.94621407692114,191.7881772227264,306.19401011833776
2000-08-01,1318.3333333333333,197.75000000000003,1120.5833333333333,9877.14659074958,0.0,0.0,12029.274981186994,0.0,0.0,0.0,0.0,0.0,0.0,2421.0882402300963,0.0,0.0,0.0,0.0,0.0,0.0,0.0,0.0,0.0,0.0,0.0,0.0,0.0,0.0,0.0,1736.9805898994541,0.0,0.0,0.0,0.0,0.0,0.0,0.0,0.0,0.0,0.0,0.0,0.0,0.0,0.0,2160.0725124009546,0.0,0.0,0.0,0.0,0.0,0.0,0.0,0.0,0.0,0.0,0.0,21906.421571936575,2421.0882402300963,1736.9805898994541,2160.0725124009546,1120.5833333333333,989.1794165793059,67.28991335086897,789.0936266930389,765.7803084736852,16.755791106370744,572.8386422307634,549.0773149252122,20.07068212160504,730.4151668916031,356.1780434136348,681.6002268882334,45.08219956174524,197.83588331586114,191.4450771184213,192.17706022382427,306.720102099705
2000-09-01,1318.3333333333333,197.75000000000003,1120.5833333333333,9903.170222553123,0.0,0.0,12064.417322021405,0.0,0.0,0.0,0.0,0.0,0.0,2427.7852632839968,0.0,0.0,0.0,0.0,0.0,0.0,0.0,0.0,0.0,0.0,0.0,0.0,0.0,0.0,0.0,1740.9325525782908,0.0,0.0,0.0,0.0,0.0,0.0,0.0,0.0,0.0,0.0,0.0,0.0,0.0,0.0,2163.898705531921,0.0,0.0,0.0,0.0,0.0,0.0,0.0,0.0,0.0,0.0,0.0,21967.587544574526,2427.7852632839968,1740.9325525782908,2163.898705531921,1120.5833333333333,991.9395650107613,67.47779568461527,791.3435332634448,767.8445162491955,16.80199396034916,574.3352313552639,550.2671926200526,20.116076056374133,731.7803794899163,356.90025470138795,682.7922580162244,45.1619283427251,198.3879130021522,191.96112906229888,192.5935174170184,307.25651610730097
2000-10-01,1318.3333333333333,197.75000000000003,1120.5833333333333,9928.284154803478,0.0,0.0,12097.593356057667,0.0,0.0,0.0,0.0,0.0,0.0,2434.538882313382,0.0,0.0,0.0,0.0,0.0,0.0,0.0,0.0,0.0,0.0,0.0,0.0,0.0,0.0,0.0,1745.1189271412486,0.0,0.0,0.0,0.0,0.0,0.0,0.0,0.0,0.0,0.0,0.0,0.0,0.0,0.0,2167.8477459869937,0.0,0.0,0.0,0.0,0.0,0.0,0.0,0.0,0.0,0.0,0.0,22025.877510861144,2434.538882313382,1745.1189271412486,2167.8477459869937,1120.5833333333333,994.6364248974214,67.65694214929857,793.551652008609,769.9493823881694,16.848650591053733,575.8833871868967,551.532825890634,20.164186733305158,733.2094171119577,357.6736752030342,684.0162118402578,45.24416481662691,198.92728497948423,192.48734559704235,193.03648906172188,307.80729532811597
2000-11-01,1318.3333333333333,197.75000000000003,1120.5833333333333,9952.503117637283,0.0,0.0,12128.868405785415,0.0,0.0,0.0,0.0,0.0,0.0,2441.2820231953715,0.0,0.0,0.0,0.0,0.0,0.0,0.0,0.0,0.0,0.0,0.0,0.0,0.0,0.0,0.0,1749.5003653244469,0.0,0.0,0.0,0.0,0.0,0.0,0.0,0.0,0.0,0.0,0.0,0.0,0.0,0.0,2171.9434177269445,0.0,0.0,0.0,0.0,0.0,0.0,0.0,0.0,0.0,0.0,0.0,22081.3715234227,2441.2820231953715,1749.5003653244469,2171.9434177269445,1120.5833333333333,997.2617397214623,67.82758105031421,795.7091399179371,772.0707105323982,16.895288503549786,577.462036791127,552.8660198924224,20.214578715506264,734.705253341054,358.4963368289121,685.280171328937,45.32941027216667,199.4523479442924,193.01767763309954,193.50310696234783,308.3760770980216
2000-12-01,1318.3333333333333,197.75000000000003,1120.5833333333333,9975.843531329858,0.0,0.0,12158.31195890738,0.0,0.0,0.0,0.0,0.0,0.0,2447.9614897902593,0.0,0.0,0.0,0.0,0.0,0.0,0.0,0.0,0.0,0.0,0.0,0.0,0.0,0.0,0.0,1754.0314166151468,0.0,0.0,0.0,0.0,0.0,0.0,0.0,0.0,0.0,0.0,0.0,0.0,0.0,0.0,2176.20192022046,0.0,0.0,0.0,0.0,0.0,0.0,0.0,0.0,0.0,0.0,0.0,22134.155490237237,2447.9614897902593,1754.0314166151468,2176.20192022046,1120.5833333333333,999.8094050326652,67.98996148613045,797.8093917771698,774.1883946685105,16.941530513771554,579.0530328992986,554.2552420188734,20.26673958972554,736.2670071609899,359.3629129300746,686.5904915266586,45.41801314081593,199.961881006533,193.5470986671276,193.9893347066057,308.96572118699635
2001-01-01,1352.8333333333333,197.75000000000003,1120.5833333333333,9998.323163548856,0.0,0.0,12185.996296626763,0.0,0.0,0.0,0.0,0.0,0.0,2454.535768924213,0.0,0.0,0.0,0.0,0.0,0.0,0.0,0.0,0.0,0.0,0.0,0.0,0.0,0.0,0.0,1758.6653292307706,0.0,0.0,0.0,0.0,0.0,0.0,0.0,0.0,0.0,0.0,0.0,0.0,0.0,0.0,2180.6311326263185,0.0,0.0,0.0,0.0,0.0,0.0,0.0,0.0,0.0,0.0,0.0,22184.31946017562,2454.535768924213,1758.6653292307706,2180.6311326263185,1120.5833333333333,1002.2750158724984,68.14434752245418,799.8475240261322,776.2861641633588,16.987080728820214,580.6412960013829,555.6872474123758,20.320135973383294,737.89067765193,360.26590731226776,687.9513137064059,45.51015153966566,200.45500317449964,194.0715410408397,194.4905365943315,309.57809116788263
2001-02-01,1352.8333333333333,202.925,1149.9083333333333,10030.079347937373,0.0,0.0,12230.618052812684,0.0,0.0,0.0,0.0,0.0,0.0,2460.9729417954577,0.0,0.0,0.0,0.0,0.0,0.0,0.0,0.0,0.0,0.0,0.0,0.0,0.0,0.0,0.0,1763.3573364020183,0.0,0.0,0.0,0.0,0.0,0.0,0.0,0.0,0.0,0.0,0.0,0.0,0.0,0.0,2185.2308374947306,0.0,0.0,0.0,0.0,0.0,0.0,0.0,0.0,0.0,0.0,0.0,22260.697400750058,2460.9729417954577,1763.3573364020183,2185.2308374947306,1149.9083333333333,1005.1522830377446,68.37810972114998,801.8200126979988,778.3511291942677,17.031710632485662,582.214623122519,557.1483633200377,20.374252631233393,739.5699333565676,361.19671081804427,689.3643925505986,45.60583593755718,201.03045660754887,194.58778229856694,195.00192716201317,310.21397664776936
2001-03-01,1352.8333333333333,202.925,1149.9083333333333,10060.818308144751,0.0,0.0,12273.031085535202,0.0,0.0,0.0,0.0,0.0,0.0,2467.58278848357,0.0,0.0,0.0,0.0,0.0,0.0,0.0,0.0,0.0,0.0,0.0,0.0,0.0,0.0,0.0,1768.0666595127263,0.0,0.0,0.0,0.0,0.0,0.0,0.0,0.0,0.0,0.0,0.0,0.0,0.0,0.0,2189.993592046667,0.0,0.0,0.0,0.0,0.0,0.0,0.0,0.0,0.0,0.0,0.0,22333.849393679953,2467.58278848357,1768.0666595127263,2189.993592046667,1149.9083333333333,1008.1539758519915,68.60236455144431,804.1218264301957,780.4345446734841,17.077435068599897,583.7633468957008,558.6254068550542,20.428616929938656,741.2968520608538,362.1464361580245,690.8291718007928,45.70492570812496,201.63079517039824,195.10863616837102,195.51889239926894,310.8731273103567
2001-04-01,1352.8333333333333,202.925,1149.9083333333333,10090.537155737366,0.0,0.0,12313.242458538522,0.0,0.0,0.0,0.0,0.0,0.0,2474.415230032308,0.0,0.0,0.0,0.0,0.0,0.0,0.0,0.0,0.0,0.0,0.0,0.0,0.0,0.0,0.0,1772.7959900680528,0.0,0.0,0.0,0.0,0.0,0.0,0.0,0.0,0.0,0.0,0.0,0.0,0.0,0.0,2194.9059649961705,0.0,0.0,0.0,0.0,0.0,0.0,0.0,0.0,0.0,0.0,0.0,22403.77961427589,2474.415230032308,1772.7959900680528,2194.9059649961705,1149.9083333333333,1011.1611656568869,68.81694708051609,806.5231806815932,782.5661000551115,17.12463907774338,585.325908505113,560.113345138787,20.483232810999873,743.0625589462213,363.1065144557852,692.3430322121262,45.80715378459166,202.2322331313773,195.64152501377788,196.03967079857546,311.55436449545675
2001-05-01,1352.8333333333333,202.925,1149.9083333333333,10119.241987734602,0.0,0.0,12351.28927656469,0.0,0.0,0.0,0.0,0.0,0.0,2481.4226177739533,0.0,0.0,0.0,0.0,0.0,0.0,0.0,0.0,0.0,0.0,0.0,0.0,0.0,0.0,0.0,1777.568106899973,0.0,0.0,0.0,0.0,0.0,0.0,0.0,0.0,0.0,0.0,0.0,0.0,0.0,0.0,2199.9537319560714,0.0,0.0,0.0,0.0,0.0,0.0,0.0,0.0,0.0,0.0,0.0,22470.531264299294,2481.4226177739533,1777.568106899973,2199.9537319560714,1149.9083333333333,1014.134754434707,69.02192887522055,808.9289325255095,784.7485025991714,17.173042184692804,586.9245750413336,561.6141187701459,20.53833943926746,744.8623420568811,364.0736743402116,693.9023448560079,45.91223024097221,202.82695088694135,196.18712564979285,196.56494156955105,312.2560551852035
2001-06-01,1352.8333333333333,202.925,1149.9083333333333,10146.944085826917,0.0,0.0,12387.225276470575,0.0,0.0,0.0,0.0,0.0,0.0,2488.5371285700166,0.0,0.0,0.0,0.0,0.0,0.0,0.0,0.0,0.0,0.0,0.0,0.0,0.0,0.0,0.0,1782.403327656757,0.0,0.0,0.0,0.0,0.0,0.0,0.0,0.0,0.0,0.0,0.0,0.0,0.0,0.0,2205.1256819125265,0.0,0.0,0.0,0.0,0.0,0.0,0.0,0.0,0.0,0.0,0.0,22534.169362297493,2488.5371285700166,1782.403327656757,2205.1256819125265,1149.9083333333333,1017.0527627328783,69.21747260225493,811.3078035477656,786.9710882491044,17.222204502597744,588.5613769493785,563.1319942652746,20.594161927320126,746.6954668713993,365.04917720059484,695.5035957657997,46.019921149144146,203.41055254657562,196.7427720622761,197.09619799284607,312.9766180946098
2001-07-01,1352.8333333333333,202.925,1149.9083333333333,10173.658213335832,0.0,0.0,12421.114644343059,0.0,0.0,0.0,0.0,0.0,0.0,2495.690096055532,0.0,0.0,0.0,0.0,0.0,0.0,0.0,0.0,0.0,0.0,0.0,0.0,0.0,0.0,0.0,1787.310639082397,0.0,0.0,0.0,0.0,0.0,0.0,0.0,0.0,0.0,0.0,0.0,0.0,0.0,0.0,2210.4144066334925,0.0,0.0,0.0,0.0,0.0,0.0,0.0,0.0,0.0,0.0,0.0,22594.77285767889,2495.690096055532,1787.310639082397,2210.4144066334925,1149.9083333333333,1019.9010434873474,69.40379446458661,813.6422101863027,789.2175772276887,17.27166547309875,590.2283161868282,564.6701986612874,20.65080609990059,748.5627739436184,366.03579627242846,697.143981265559,46.13006795709336,203.98020869746944,197.30439430692218,197.63456953145058,313.71479156950153
2001-08-01,1352.8333333333333,202.925,1149.9083333333333,10199.401642112844,0.0,0.0,12453.02840361374,0.0,0.0,0.0,0.0,0.0,0.0,2502.8196553501743,0.0,0.0,0.0,0.0,0.0,0.0,0.0,0.0,0.0,0.0,0.0,0.0,0.0,0.0,0.0,1792.2862613322254,0.0,0.0,0.0,0.0,0.0,0.0,0.0,0.0,0.0,0.0,0.0,0.0,0.0,0.0,2215.8152014209736,0.0,0.0,0.0,0.0,0.0,0.0,0.0,0.0,0.0,0.0,0.0,22652.430045726585,2502.8196553501743,1792.2862613322254,2215.8152014209736,1149.9083333333333,1022.6699997604633,69.58114552517749,815.920834789878,791.4702736599714,17.321001835264422,591.9131829207665,566.2293240753999,20.708236595538438,750.4648188258943,367.0356291298368,698.8214562202842,46.242567818129196,204.5339999520926,197.86756841499286,198.18026342638993,314.46965529912785
2001-09-01,1352.8333333333333,202.925,1149.9083333333333,10224.19351652265,0.0,0.0,12483.042023691325,0.0,0.0,0.0,0.0,0.0,0.0,2509.873451716038,0.0,0.0,0.0,0.0,0.0,0.0,0.0,0.0,0.0,0.0,0.0,0.0,0.0,0.0,0.0,1797.3156721447265,0.0,0.0,0.0,0.0,0.0,0.0,0.0,0.0,0.0,0.0,0.0,0.0,0.0,0.0,2221.324281346354,0.0,0.0,0.0,0.0,0.0,0.0,0.0,0.0,0.0,0.0,0.0,22707.235540213973,2509.873451716038,1797.3156721447265,2221.324281346354,1149.9083333333333,1025.3530385424567,69.74980030348567,818.1359998083707,793.7123530895053,17.36985035300141,593.6027052449786,567.8069986235441,20.766295808933176,752.4008615701662,368.0490606490099,700.5344430540927,46.357338590693274,205.0706077084913,198.42808827237633,198.73244951824043,315.24049937434165
2001-10-01,1352.8333333333333,202.925,1149.9083333333333,10248.054400951087,0.0,0.0,12511.233714567603,0.0,0.0,0.0,0.0,0.0,0.0,2516.8089866010087,0.0,0.0,0.0,0.0,0.0,0.0,0.0,0.0,0.0,0.0,0.0,0.0,0.0,0.0,0.0,1802.3769019385259,0.0,0.0,0.0,0.0,0.0,0.0,0.0,0.0,0.0,0.0,0.0,0.0,0.0,0.0,2226.9370756347143,0.0,0.0,0.0,0.0,0.0,0.0,0.0,0.0,0.0,0.0,0.0,22759.28811551869,2516.8089866010087,1802.3769019385259,2226.9370756347143,1149.9083333333333,1027.945709022151,69.9100490064679,820.2824308339655,795.9289829607246,17.417912988270214,595.284264817129,569.3982959286466,20.824739094683142,754.3684927850547,369.0745491053037,702.281414283717,46.47428421297769,205.58914180443017,198.98224574018116,199.28940357502628,316.02663642767266
2001-11-01,1352.8333333333333,202.925,1149.9083333333333,10271.005938978811,0.0,0.0,12537.683153188236,0.0,0.0,0.0,0.0,0.0,0.0,2523.592862403636,0.0,0.0,0.0,0.0,0.0,0.0,0.0,0.0,0.0,0.0,0.0,0.0,0.0,0.0,0.0,1807.4438909280088,0.0,0.0,0.0,0.0,0.0,0.0,0.0,0.0,0.0,0.0,0.0,0.0,0.0,0.0,2232.646977533038,0.0,0.0,0.0,0.0,0.0,0.0,0.0,0.0,0.0,0.0,0.0,22808.68909216705,2523.592862403636,1807.4438909280088,2232.646977533038,1149.9083333333333,1030.445164809002,70.0621918759722,822.3565672177209,798.107737960677,17.46495345441665,596.9467372205435,570.9964761069605,20.883272124099708,756.3636702096646,370.10889235362026,704.0604997073767,46.59326860396439,206.08903296180037,199.52693449016925,199.84876663743614,316.8272248683195
2001-12-01,1352.8333333333333,202.925,1149.9083333333333,10293.07058622552,0.0,0.0,12562.470504396086,0.0,0.0,0.0,0.0,0.0,0.0,2530.1995917550516,0.0,0.0,0.0,0.0,0.0,0.0,0.0,0.0,0.0,0.0,0.0,0.0,0.0,0.0,0.0,1812.4893227613798,0.0,0.0,0.0,0.0,0.0,0.0,0.0,0.0,0.0,0.0,0.0,0.0,0.0,0.0,2238.4446602723046,0.0,0.0,0.0,0.0,0.0,0.0,0.0,0.0,0.0,0.0,0.0,22855.541090621606,2530.1995917550516,1812.4893227613798,2238.4446602723046,1149.9083333333333,1032.8497999767947,70.20653490198292,824.3561318472017,800.2386124716381,17.510790024148097,598.5808034705078,572.5937884082354,20.941583228901727,758.3809843085816,371.14770946952433,705.8692007718989,46.71410079741499,206.5699599953589,200.05965311790953,200.40782594288237,317.6411403473545
2002-01-01,1388.5,202.925,1149.9083333333333,10314.27139488553,0.0,0.0,12585.675655058723,0.0,0.0,0.0,0.0,0.0,0.0,2536.6103197736397,0.0,0.0,0.0,0.0,0.0,0.0,0.0,0.0,0.0,0.0,0.0,0.0,0.0,0.0,0.0,1817.486731455416,0.0,0.0,0.0,0.0,0.0,0.0,0.0,0.0,0.0,0.0,0.0,0.0,0.0,0.0,2244.3179126083955,0.0,0.0,0.0,0.0,0.0,0.0,0.0,0.0,0.0,0.0,0.0,22899.947049944254,2536.6103197736397,1817.486731455416,2244.3179126083955,1149.9083333333333,1035.158987526143,70.34338648453908,826.2798399814358,802.3138247212662,17.55528724158178,600.1789593537286,574.1821826862899,20.9993679734023,760.4140228898974,372.185962465353,707.7042398652516,46.83653068855513,207.03179750522855,200.57845618031655,200.96376394020146,318.4669079393632
2002-02-01,1388.5,208.27500000000003,1180.225,10345.092504207347,0.0,0.0,12626.63001933058,0.0,0.0,0.0,0.0,0.0,0.0,2542.811629335566,0.0,0.0,0.0,0.0,0.0,0.0,0.0,0.0,0.0,0.0,0.0,0.0,0.0,0.0,0.0,1822.411892060832,0.0,0.0,0.0,0.0,0.0,0.0,0.0,0.0,0.0,0.0,0.0,0.0,0.0,0.0,2250.2518736951934,0.0,0.0,0.0,0.0,0.0,0.0,0.0,0.0,0.0,0.0,0.0,22971.722523537926,2542.811629335566,1822.411892060832,2250.2518736951934,1180.225,1037.88643017221,70.5630962341207,828.1271900209144,804.3275325604002,17.598347898587907,601.7353685409496,575.7538621839838,21.056345751549628,762.4557506719768,373.21841874608845,709.5615364567802,46.96025312839927,207.57728603444198,201.08188314010005,201.5138517643943,319.30269140555106
2002-03-01,1388.5,208.27500000000003,1180.225,10374.895438993322,0.0,0.0,12665.540334634607,0.0,0.0,0.0,0.0,0.0,0.0,2549.1397275106633,0.0,0.0,0.0,0.0,0.0,0.0,0.0,0.0,0.0,0.0,0.0,0.0,0.0,0.0,0.0,1827.2436071558013,0.0,0.0,0.0,0.0,0.0,0.0,0.0,0.0,0.0,0.0,0.0,0.0,0.0,0.0,2256.2295283568465,0.0,0.0,0.0,0.0,0.0,0.0,0.0,0.0,0.0,0.0,0.0,23040.435773627927,2549.1397275106633,1827.2436071558013,2256.2295283568465,1180.225,1040.73795968479,70.77379022520606,830.3091441377682,806.3388775798795,17.642168382791283,603.2456494203002,577.3016648400414,21.11226948528944,764.4988554708186,374.24001041958945,711.4362832056761,47.08491760348894,208.14759193695795,201.58471939496988,202.0555826940145,320.1463274425542
2002-04-01,1388.5,208.27500000000003,1180.225,10403.68008935622,0.0,0.0,12702.412413965638,0.0,0.0,0.0,0.0,0.0,0.0,2555.659256756512,0.0,0.0,0.0,0.0,0.0,0.0,0.0,0.0,0.0,0.0,0.0,0.0,0.0,0.0,0.0,1832.0037980075965,0.0,0.0,0.0,0.0,0.0,0.0,0.0,0.0,0.0,0.0,0.0,0.0,0.0,0.0,2262.2323364349486,0.0,0.0,0.0,0.0,0.0,0.0,0.0,0.0,0.0,0.0,0.0,23106.09250332186,2555.659256756512,1832.0037980075965,2262.2323364349486,1180.225,1043.5929647297212,70.97530557635076,832.590367747832,808.3835990405307,17.687239461452407,604.7541581849097,578.826602137053,21.167365196061322,766.5360379091488,375.24608214602694,713.3230889131828,47.21014091786398,208.71859294594418,202.09589976013268,202.58931074796854,320.9953900109322
2002-05-01,1388.5,208.27500000000003,1180.225,10431.45517304887,0.0,0.0,12737.281618521658,0.0,0.0,0.0,0.0,0.0,0.0,2562.3316478834963,0.0,0.0,0.0,0.0,0.0,0.0,0.0,0.0,0.0,0.0,0.0,0.0,0.0,0.0,0.0,1836.733004728244,0.0,0.0,0.0,0.0,0.0,0.0,0.0,0.0,0.0,0.0,0.0,0.0,0.0,0.0,2268.244842498534,0.0,0.0,0.0,0.0,0.0,0.0,0.0,0.0,0.0,0.0,0.0,23168.736791570525,2562.3316478834963,1836.733004728244,2268.244842498534,1180.225,1046.41299431761,71.16771743372023,834.874371783777,810.4686334447629,17.733347212029834,606.2876992803981,580.336414407481,21.222078152269923,768.5649902913351,376.2372913890845,715.2168853708635,47.33559885688611,209.28259886352194,202.61715836119072,203.11774504261834,321.8475984168885
2002-06-01,1388.5,208.27500000000003,1180.225,10458.23435900293,0.0,0.0,12770.199264012115,0.0,0.0,0.0,0.0,0.0,0.0,2569.0955889381526,0.0,0.0,0.0,0.0,0.0,0.0,0.0,0.0,0.0,0.0,0.0,0.0,0.0,0.0,0.0,1841.4670142574867,0.0,0.0,0.0,0.0,0.0,0.0,0.0,0.0,0.0,0.0,0.0,0.0,0.0,0.0,2274.2578326889525,0.0,0.0,0.0,0.0,0.0,0.0,0.0,0.0,0.0,0.0,0.0,23228.433623015044,2569.0955889381526,1841.4670142574867,2274.2578326889525,1180.225,1049.1769788550196,71.3511897004638,837.130395454088,812.5863549301207,17.78009946931107,607.8514750835722,581.8406515259968,21.276814028332662,770.5879563188375,377.21866936486265,717.113874422548,47.46109170587148,209.83539577100387,203.14658873253018,203.64422803409886,322.70124349014657
2002-07-01,1388.5,208.27500000000003,1180.225,10484.03455229522,0.0,0.0,12801.226459359383,0.0,0.0,0.0,0.0,0.0,0.0,2575.887368235595,0.0,0.0,0.0,0.0,0.0,0.0,0.0,0.0,0.0,0.0,0.0,0.0,0.0,0.0,0.0,1846.227791205003,0.0,0.0,0.0,0.0,0.0,0.0,0.0,0.0,0.0,0.0,0.0,0.0,0.0,0.0,2280.268417537708,0.0,0.0,0.0,0.0,0.0,0.0,0.0,0.0,0.0,0.0,0.0,23285.261011654602,2575.887368235595,1846.227791205003,2280.268417537708,1180.225,1051.871674261491,71.52593709895032,839.3415830840157,814.7227319806436,17.82707180592933,609.4397661975905,583.3471582808135,21.331830969260654,772.6090544242993,378.1964234918979,719.0119205317642,47.586549043779364,210.37433485229818,203.6806829951609,204.1715053982847,323.55536423929385
2002-08-01,1388.5,208.27500000000003,1180.225,10508.874927870973,0.0,0.0,12830.430571372443,0.0,0.0,0.0,0.0,0.0,0.0,2582.6490574942645,0.0,0.0,0.0,0.0,0.0,0.0,0.0,0.0,0.0,0.0,0.0,0.0,0.0,0.0,0.0,1851.0221808601937,0.0,0.0,0.0,0.0,0.0,0.0,0.0,0.0,0.0,0.0,0.0,0.0,0.0,0.0,2286.27824269584,0.0,0.0,0.0,0.0,0.0,0.0,0.0,0.0,0.0,0.0,0.0,23339.305499243415,2582.6490574942645,1851.0221808601937,2286.27824269584,1180.225,1054.4883057766901,71.69220663449507,841.4973394091929,816.8617806885868,17.873869461936927,611.0420489854828,584.8604404109308,21.387218919361707,774.6322091749992,379.17565288252877,720.9103882913345,47.71199572553245,210.89766115533797,204.2154451721467,204.70115414382576,324.4096747311005
2002-09-01,1388.5,208.27500000000003,1180.225,10532.77630792967,0.0,0.0,12857.882923971432,0.0,0.0,0.0,0.0,0.0,0.0,2589.33153132299,0.0,0.0,0.0,0.0,0.0,0.0,0.0,0.0,0.0,0.0,0.0,0.0,0.0,0.0,0.0,1855.8442254125446,0.0,0.0,0.0,0.0,0.0,0.0,0.0,0.0,0.0,0.0,0.0,0.0,0.0,0.0,2292.2910881444677,0.0,0.0,0.0,0.0,0.0,0.0,0.0,0.0,0.0,0.0,0.0,23390.659231901103,2589.33153132299,1855.8442254125446,2292.2910881444677,1180.225,1057.0210008692998,71.85026647301474,843.5906446213521,818.9880183817518,17.920152410874923,612.6463355164401,586.3813692899296,21.442921674159187,776.659999827339,380.159286267105,722.8096504291982,47.83750394951319,211.40420017385992,204.74700459543794,205.23347925147533,325.26434269313916
2002-10-01,1388.5,208.27500000000003,1180.225,10555.760725023252,0.0,0.0,12883.657183153402,0.0,0.0,0.0,0.0,0.0,0.0,2595.8949977764814,0.0,0.0,0.0,0.0,0.0,0.0,0.0,0.0,0.0,0.0,0.0,0.0,0.0,0.0,0.0,1860.6787988230853,0.0,0.0,0.0,0.0,0.0,0.0,0.0,0.0,0.0,0.0,0.0,0.0,0.0,0.0,2298.3106467174443,0.0,0.0,0.0,0.0,0.0,0.0,0.0,0.0,0.0,0.0,0.0,23439.417908176656,2595.8949977764814,1860.6787988230853,2298.3106467174443,1180.225,1059.4659252375789,72.00039848687084,845.6168006954399,821.0876922956139,17.965641946334713,614.2410137863138,587.9076645195103,21.498775856262714,778.6931977745132,381.14789003845425,724.7104914699935,47.9631477315431,211.89318504751571,205.27192307390348,205.76768258182858,326.119721161497
2002-11-01,1388.5,208.27500000000003,1180.225,10577.851097203364,0.0,0.0,12907.828168022836,0.0,0.0,0.0,0.0,0.0,0.0,2602.308355128541,0.0,0.0,0.0,0.0,0.0,0.0,0.0,0.0,0.0,0.0,0.0,0.0,0.0,0.0,0.0,1865.5052924778092,0.0,0.0,0.0,0.0,0.0,0.0,0.0,0.0,0.0,0.0,0.0,0.0,0.0,0.0,2304.3388661829636,0.0,0.0,0.0,0.0,0.0,0.0,0.0,0.0,0.0,0.0,0.0,23485.6792652262,2602.308355128541,1865.5052924778092,2304.3388661829636,1180.225,1061.8207500384551,72.14289291199714,847.5727401900631,823.1492647341347,18.01011810386891,615.8157692217104,589.434723565502,21.554552001484062,780.7307522461781,382.1399819376817,726.6135646640466,48.08896811661244,212.36415000769097,205.78731618353368,206.3021532479257,326.97610409882094
2002-12-01,1388.5,208.27500000000003,1180.225,10599.070976433013,0.0,0.0,12930.470948665416,0.0,0.0,0.0,0.0,0.0,0.0,2608.5480716828233,0.0,0.0,0.0,0.0,0.0,0.0,0.0,0.0,0.0,0.0,0.0,0.0,0.0,0.0,0.0,1870.3007374104502,0.0,0.0,0.0,0.0,0.0,0.0,0.0,0.0,0.0,0.0,0.0,0.0,0.0,0.0,2310.3749589715367,0.0,0.0,0.0,0.0,0.0,0.0,0.0,0.0,0.0,0.0,0.0,23529.541925098427,2608.5480716828233,1870.3007374104502,2310.3749589715367,1180.225,1064.0842957770938,72.27804435067776,849.4566000307641,825.1634704583538,18.053413018127742,617.361948550601,590.9565133891767,21.609990228783836,782.7700308828021,383.1325703175763,728.5189863649825,48.21495172924638,212.8168591554187,206.29086761458845,206.83477968621185,327.83354386424213
2003-01-01,1439.5,208.27500000000003,1180.225,10619.444347937888,0.0,0.0,12951.66014893245,0.0,0.0,0.0,0.0,0.0,0.0,2614.596955237069,0.0,0.0,0.0,0.0,0.0,0.0,0.0,0.0,0.0,0.0,0.0,0.0,0.0,0.0,0.0,1875.0421499068789,0.0,0.0,0.0,0.0,0.0,0.0,0.0,0.0,0.0,0.0,0.0,0.0,0.0,0.0,2316.415019417932,0.0,0.0,0.0,0.0,0.0,0.0,0.0,0.0,0.0,0.0,0.0,23571.104496870335,2614.596955237069,1875.0421499068789,2316.415019417932,1180.225,1066.25627953084,72.40614869725152,851.2674366216751,827.1231500674511,18.095402999978358,618.8726028437653,592.4663627512614,21.664827596075074,784.8071762037052,384.1217337029649,730.4260939774816,48.34102177982835,213.25125590616796,206.78078751686277,207.36322696294147,328.6917422898667
2003-02-01,1439.5,215.92500000000004,1223.575,10653.953244170063,0.0,0.0,12998.99854920962,0.0,0.0,0.0,0.0,0.0,0.0,2620.442992722549,0.0,0.0,0.0,0.0,0.0,0.0,0.0,0.0,0.0,0.0,0.0,0.0,0.0,0.0,0.0,1879.7081116195145,0.0,0.0,0.0,0.0,0.0,0.0,0.0,0.0,0.0,0.0,0.0,0.0,0.0,0.0,2322.452112063067,0.0,0.0,0.0,0.0,0.0,0.0,0.0,0.0,0.0,0.0,0.0,23652.95179337968,2620.442992722549,1879.7081116195145,2322.452112063067,1223.575,1069.0714519100666,72.65625158058614,853.005023624672,829.0229853652395,18.136000773952002,620.3423625505883,593.9575839097668,21.71881692818571,786.8374874759348,385.1031357883199,732.3333558942069,48.467038936593184,213.81429038201327,207.25574634130987,207.88515436841834,329.55001015239304
2003-03-01,1439.5,215.92500000000004,1223.575,10687.376080160742,0.0,0.0,13044.144829049917,0.0,0.0,0.0,0.0,0.0,0.0,2626.5719798331947,0.0,0.0,0.0,0.0,0.0,0.0,0.0,0.0,0.0,0.0,0.0,0.0,0.0,0.0,0.0,1884.2797022284537,0.0,0.0,0.0,0.0,0.0,0.0,0.0,0.0,0.0,0.0,0.0,0.0,0.0,0.0,2328.4766761225987,0.0,0.0,0.0,0.0,0.0,0.0,0.0,0.0,0.0,0.0,0.0,23731.52090921066,2626.5719798331947,1884.2797022284537,2328.4766761225987,1223.575,1072.109047829008,72.89683634001415,855.2571615280533,830.9497907274377,18.17838368997042,621.7672390239296,595.4239101647818,21.771738250208667,788.8557752831623,386.0724295413484,734.2384022497552,48.592808973875776,214.42180956580154,207.73744768185944,208.39836855767362,330.4072810123898
2003-04-01,1439.5,215.92500000000004,1223.575,10719.702952217853,0.0,0.0,13087.069234305733,0.0,0.0,0.0,0.0,0.0,0.0,2633.079677580078,0.0,0.0,0.0,0.0,0.0,0.0,0.0,0.0,0.0,0.0,0.0,0.0,0.0,0.0,0.0,1888.79779603505,0.0,0.0,0.0,0.0,0.0,0.0,0.0,0.0,0.0,0.0,0.0,0.0,0.0,0.0,2334.4771056243044,0.0,0.0,0.0,0.0,0.0,0.0,0.0,0.0,0.0,0.0,0.0,23806.772186523587,2633.079677580078,1888.79779603505,2334.4771056243044,1223.575,1075.196196900114,73.12752578696298,857.6872382632064,832.9562625189342,18.223277997388784,623.2123430455783,596.870222452142,21.824026786840065,790.8566628444735,387.02554160710815,736.1381390242375,48.718094318530156,215.03923938002276,208.23906562973355,208.9045778582497,331.26216256090686
2003-05-01,1439.5,215.92500000000004,1223.575,10750.936449569434,0.0,0.0,13127.785167064614,0.0,0.0,0.0,0.0,0.0,0.0,2639.912869028128,0.0,0.0,0.0,0.0,0.0,0.0,0.0,0.0,0.0,0.0,0.0,0.0,0.0,0.0,0.0,1893.3281089686388,0.0,0.0,0.0,0.0,0.0,0.0,0.0,0.0,0.0,0.0,0.0,0.0,0.0,0.0,2340.446036103545,0.0,0.0,0.0,0.0,0.0,0.0,0.0,0.0,0.0,0.0,0.0,23878.721616634048,2639.912869028128,1893.3281089686388,2340.446036103545,1223.575,1078.2772848034422,73.34828508609672,860.1569575200913,835.0533736851255,18.27039238691549,624.7171968892006,598.3104732211995,21.876410734412275,792.8416210572229,387.9656445938923,738.0299517927574,48.8427387852255,215.65545696068838,208.76334342128138,209.4086656274198,332.1134783067408
2003-06-01,1439.5,215.92500000000004,1223.575,10781.086161061114,0.0,0.0,13166.329879402701,0.0,0.0,0.0,0.0,0.0,0.0,2437.8806583229643,228.3636173048889,0.0,0.0,0.0,0.0,0.0,0.0,0.0,0.0,0.0,0.0,0.0,0.0,0.0,0.0,1760.8332844561944,149.72178063204134,0.0,0.0,0.0,0.0,0.0,0.0,0.0,0.0,0.0,0.0,0.0,0.0,0.0,2204.467763048076,154.98811636827077,0.0,0.0,0.0,0.0,0.0,0.0,0.0,0.0,0.0,0.0,23947.416040463817,2666.2442756278533,1910.5550650882358,2359.4558794163468,1223.575,1081.3213672516363,73.55920891859589,862.6218278427538,817.9108937234698,18.37952751955865,626.2900302638441,587.0674908379037,21.99558330634349,794.8182810797963,388.90180759377967,726.7182916105746,49.090146156419564,216.2642734503272,204.47772343086746,205.4736217932663,327.02323122475855
2003-07-01,1439.5,215.92500000000004,1223.575,10810.166266181737,0.0,0.0,13202.755765237584,0.0,0.0,0.0,0.0,0.0,0.0,2266.3189494916355,448.02623868973836,0.0,0.0,0.0,0.0,0.0,0.0,0.0,0.0,0.0,0.0,0.0,0.0,0.0,0.0,1641.4260708304823,287.9647465647062,0.0,0.0,0.0,0.0,0.0,0.0,0.0,0.0,0.0,0.0,0.0,0.0,0.0,2081.744287560844,297.78878076931414,0.0,0.0,0.0,0.0,0.0,0.0,0.0,0.0,0.0,0.0,24012.922031419323,2714.345188181374,1929.3908173951886,2379.533068330158,1223.575,1084.3085413207707,73.76046772372425,865.0570938013091,798.3419637253136,18.614217522474945,613.4331702926024,572.4810209692249,22.116397016424678,781.2889294304534,381.5938690446374,711.8824641682012,49.329276348441255,216.8617082641541,199.5854909313284,200.3683573392287,320.3471088756905
2003-08-01,1439.5,215.92500000000004,1223.575,10838.194191307784,0.0,0.0,13237.12538203809,0.0,0.0,0.0,0.0,0.0,0.0,2123.0418039761803,657.0391337850377,0.0,0.0,0.0,0.0,0.0,0.0,0.0,0.0,0.0,0.0,0.0,0.0,0.0,0.0,1534.784755955501,412.9358592882528,0.0,0.0,0.0,0.0,0.0,0.0,0.0,0.0,0.0,0.0,0.0,0.0,0.0,1970.3482397566618,426.3655001716103,0.0,0.0,0.0,0.0,0.0,0.0,0.0,0.0,0.0,0.0,24075.319573345874,2780.080937761218,1947.7206152437539,2396.713739928272,1223.575,1087.2251764901266,73.95228158331834,867.4468330566166,782.7438681894281,18.967215287343997,598.7564727939852,558.1923926321946,22.234282313225172,763.6480189225069,372.11266362999623,696.9510835585498,49.516263765843014,217.4450352980253,195.68596704735702,195.3673374212681,313.6279876013474
2003-09-01,1439.5,215.92500000000004,1223.575,10865.189752627413,0.0,0.0,13269.508216539987,0.0,0.0,0.0,0.0,0.0,0.0,2003.1065222667166,855.0857753775076,0.0,0.0,0.0,0.0,0.0,0.0,0.0,0.0,0.0,0.0,0.0,0.0,0.0,0.0,1441.5660180954228,525.3348623564885,0.0,0.0,0.0,0.0,0.0,0.0,0.0,0.0,0.0,0.0,0.0,0.0,0.0,1869.598879817164,540.7905144459043,0.0,0.0,0.0,0.0,0.0,0.0,0.0,0.0,0.0,0.0,24134.6979691674,2858.1922976442243,1966.9008804519112,2410.3893942630684,1223.575,1090.0616995556402,74.13490462283539,869.7801411921014,772.2590864250388,19.4096948840563,587.057901142071,545.5089062535428,22.368729680370777,746.148151168129,362.8250552109265,682.8254378039315,49.64705902940104,218.01233991112798,193.0647716062597,190.92811718873998,307.27144701176917
2003-10-01,1439.5,215.92500000000004,1223.575,10891.174560471469,0.0,0.0,13299.978412895602,0.0,0.0,0.0,0.0,0.0,0.0,1901.1691995464344,1042.6639918450533,0.0,0.0,0.0,0.0,0.0,0.0,0.0,0.0,0.0,0.0,0.0,0.0,0.0,0.0,1361.723599654592,626.7352617575959,0.0,0.0,0.0,0.0,0.0,0.0,0.0,0.0,0.0,0.0,0.0,0.0,0.0,1778.9062186534538,642.0339224109065,0.0,0.0,0.0,0.0,0.0,0.0,0.0,0.0,0.0,0.0,24191.15297336707,2943.8331913914876,1988.4588614121878,2420.9401410643604,1223.575,1092.8113812151107,74.30861458521804,872.0493596445122,766.4973734185041,19.911092478745005,579.1943148187792,535.0982957913579,22.53803806714456,730.1347798569652,354.58078906480284,669.8529198666324,49.73111318904098,218.5622762430221,191.62434335462603,187.28440352697527,301.43381393998453
2003-11-01,1439.5,215.92500000000004,1223.575,10916.171580205177,0.0,0.0,13328.613094657254,0.0,0.0,0.0,0.0,0.0,0.0,1812.4395051797092,1220.683006038321,0.0,0.0,0.0,0.0,0.0,0.0,0.0,0.0,0.0,0.0,0.0,0.0,0.0,0.0,1294.428159010526,718.9356607622997,0.0,0.0,0.0,0.0,0.0,0.0,0.0,0.0,0.0,0.0,0.0,0.0,0.0,1697.7195655105838,731.5013924673376,0.0,0.0,0.0,0.0,0.0,0.0,0.0,0.0,0.0,0.0,24244.78467486243,3033.12251121803,2013.3638197728258,2429.2209579779214,1223.575,1095.4695931428648,74.47370536177387,874.2491049720886,764.5145956382078,20.445189507337986,574.8730300638781,527.2150540264188,22.753017676821067,716.2329981910306,347.8138922643827,658.1673159148244,49.78486536264485,219.0939186285729,191.12864890955194,184.52526890924656,296.17529216167094
2003-12-01,1439.5,215.92500000000004,1223.575,10940.20479463278,0.0,0.0,13355.49108385693,0.0,0.0,0.0,0.0,0.0,0.0,1733.0111814375036,1390.230546265084,0.0,0.0,0.0,0.0,0.0,0.0,0.0,0.0,0.0,0.0,0.0,0.0,0.0,0.0,1238.279627214853,803.6318475626382,0.0,0.0,0.0,0.0,0.0,0.0,0.0,0.0,0.0,0.0,0.0,0.0,0.0,1625.494331182435,810.7640330944283,0.0,0.0,0.0,0.0,0.0,0.0,0.0,0.0,0.0,0.0,24295.69587848971,3123.241727702588,2041.911474777491,2436.258364276863,1223.575,1098.0333149785215,74.63048139419794,876.3756745142919,765.2645035250903,20.991954504644106,573.3859467286559,521.8219136069075,23.016378117083256,704.6818088703257,342.6897851171722,647.8171396301888,49.82726294119543,219.60666299570426,191.31612588127257,182.63766976241763,291.51771283358494
2004-01-01,1508.8333333333333,215.92500000000004,1223.575,10963.298936344707,0.0,0.0,13380.691902049264,0.0,0.0,0.0,0.0,0.0,0.0,1659.8911346674297,1552.4316239837044,0.0,0.0,0.0,0.0,0.0,0.0,0.0,0.0,0.0,0.0,0.0,0.0,0.0,0.0,1191.5798499829418,882.2668348213263,0.0,0.0,0.0,0.0,0.0,0.0,0.0,0.0,0.0,0.0,0.0,0.0,0.0,1561.6625890057767,881.389047660565,0.0,0.0,0.0,0.0,0.0,0.0,0.0,0.0,0.0,0.0,24343.99083839397,3212.322758651134,2073.846684804268,2443.0516366663414,1223.575,1100.5007867447778,74.77925335096111,878.4266519828172,767.8081850386378,21.53743599563316,573.9483776438177,518.6887540013042,23.324413615736464,695.4836706410938,339.1842438444899,638.8138836259942,49.87651462562087,220.1001573489555,191.95204625965945,181.54106390045646,287.46624763169734
2004-02-01,1508.8333333333333,226.32500000000002,1282.5083333333332,11005.814026884034,0.0,0.0,13441.72022642495,0.0,0.0,0.0,0.0,0.0,0.0,1590.8937322796223,1708.3632077588722,0.0,0.0,0.0,0.0,0.0,0.0,0.0,0.0,0.0,0.0,0.0,0.0,0.0,0.0,1152.5706467589307,955.9861595151746,0.0,0.0,0.0,0.0,0.0,0.0,0.0,0.0,0.0,0.0,0.0,0.0,0.0,1505.6169514565936,944.8352136432351,0.0,0.0,0.0,0.0,0.0,0.0,0.0,0.0,0.0,0.0,24447.534253308986,3299.2569400384946,2108.5568062741054,2450.4521650998286,1282.5083333333332,1103.869549864472,75.09536855384768,880.4006293958223,771.3936307200751,22.072817288386645,575.8561387789783,517.4766835264161,23.669333782725367,688.4953260951446,337.14769010084774,631.1468052128317,49.94799244882596,220.77390997289436,192.84840768001877,181.11683923424562,284.01606234577423
2004-03-01,1508.8333333333333,226.32500000000002,1282.5083333333332,11047.049131578664,0.0,0.0,13500.027216380546,0.0,0.0,0.0,0.0,0.0,0.0,1524.8280749757112,1859.3679156546482,0.0,0.0,0.0,0.0,0.0,0.0,0.0,0.0,0.0,0.0,0.0,0.0,0.0,0.0,1119.6033960641419,1025.6525858622074,0.0,0.0,0.0,0.0,0.0,0.0,0.0,0.0,0.0,0.0,0.0,0.0,0.0,1456.7103903197424,1002.3939331808555,0.0,0.0,0.0,0.0,0.0,0.0,0.0,0.0,0.0,0.0,24547.07634795921,3384.195990630359,2145.2559819263492,2459.1043235005977,1282.5083333333332,1107.5662886291775,75.39995005392853,883.0956398915777,775.5588718577205,22.59771744199201,578.5452230400563,517.804623831143,24.041423556669173,683.490587159228,336.35984429217046,624.7852717679557,50.05315699050308,221.51325772583544,193.88971796443013,181.23161834090004,281.15337229558
2004-04-01,1508.8333333333333,226.32500000000002,1282.5083333333332,11086.98342348109,0.0,0.0,13555.55411671428,0.0,0.0,0.0,0.0,0.0,0.0,1460.6993941105256,2006.456599170576,0.0,0.0,0.0,0.0,0.0,0.0,0.0,0.0,0.0,0.0,0.0,0.0,0.0,0.0,1091.2717502501641,1091.916619266179,0.0,0.0,0.0,0.0,0.0,0.0,0.0,0.0,0.0,0.0,0.0,0.0,0.0,1414.268576395259,1055.163006974365,0.0,0.0,0.0,0.0,0.0,0.0,0.0,0.0,0.0,0.0,24642.53754019537,3467.1559932811015,2183.1883695163433,2469.431583369624,1282.5083333333332,1111.3547350144938,75.69240608268228,886.053030903342,779.9816904082677,23.11133784433211,581.6691538932904,519.3054190755937,24.431347227703085,680.2049049626187,336.57300549024296,619.6783555640868,50.1992895295054,222.2709470028987,194.99542260206692,181.75689667645779,278.855260003839
2004-05-01,1508.8333333333333,226.32500000000002,1282.5083333333332,11125.6132381274,0.0,0.0,13608.301952033813,0.0,0.0,0.0,0.0,0.0,0.0,1397.7785786108789,2150.4094565951773,0.0,0.0,0.0,0.0,0.0,0.0,0.0,0.0,0.0,0.0,0.0,0.0,0.0,0.0,1066.4291821621869,1155.2603216638363,0.0,0.0,0.0,0.0,0.0,0.0,0.0,0.0,0.0,0.0,0.0,0.0,0.0,1377.6119703270078,1104.0451500711806,0.0,0.0,0.0,0.0,0.0,0.0,0.0,0.0,0.0,0.0,24733.915190161213,3548.188035206056,2221.689503826023,2481.6571203981885,1282.5083333333332,1115.1580691411637,75.97261422632332,889.0837880115951,784.4383765126981,23.613369573942865,584.9862678062008,521.654238629145,24.830894867375743,678.3716179593837,337.54852239913595,615.7562091111482,50.389871819671,223.03161382823268,196.10959412817454,182.57898352020072,277.09029410001665
2004-06-01,1508.8333333333333,226.32500000000002,1282.5083333333332,11162.94460847811,0.0,0.0,13658.305231717866,0.0,0.0,0.0,0.0,0.0,0.0,1335.5869732169704,2291.834252134525,0.0,0.0,0.0,0.0,0.0,0.0,0.0,0.0,0.0,0.0,0.0,0.0,0.0,0.0,1044.1694173663673,1216.0368496374067,0.0,0.0,0.0,0.0,0.0,0.0,0.0,0.0,0.0,0.0,0.0,0.0,0.0,1346.0780802179263,1149.7615179818927,0.0,0.0,0.0,0.0,0.0,0.0,0.0,0.0,0.0,0.0,24821.249840195975,3627.421225351495,2260.206267003774,2495.839598199819,1282.5083333333332,1118.9330513557325,76.2406319428377,892.126455312931,788.7890554307182,24.104209736773598,588.3287823845236,524.5787914418206,25.233227764952062,677.7411701200758,339.07525510894425,612.9334303472564,50.625261971188976,223.78661027114643,197.19726385767956,183.6025770046372,275.82004365626534
2004-07-01,1508.8333333333333,226.32500000000002,1282.5083333333332,11198.989992252678,0.0,0.0,13705.620063022734,0.0,0.0,0.0,0.0,0.0,0.0,1273.8408120620281,2431.1839360720614,0.0,0.0,0.0,0.0,0.0,0.0,0.0,0.0,0.0,0.0,0.0,0.0,0.0,0.0,1023.7955530727518,1274.5090258801733,0.0,0.0,0.0,0.0,0.0,0.0,0.0,0.0,0.0,0.0,0.0,0.0,0.0,1319.0390914878376,1192.8732084258313,0.0,0.0,0.0,0.0,0.0,0.0,0.0,0.0,0.0,0.0,24904.610055275414,3705.0247481340894,2298.304578952925,2511.912299913669,1282.5083333333332,1122.6514949129955,76.4966233408973,895.1464410845861,792.9582413564488,24.584676945542526,591.5917915730387,527.860520479365,25.632959144522346,678.0896011281744,340.9762144371834,611.11345762841,50.903441785914595,224.53029898259905,198.2395603391122,184.75118216777776,275.0010559327844
2004-08-01,1508.8333333333333,226.32500000000002,1282.5083333333332,11233.766446742742,0.0,0.0,13750.317335287786,0.0,0.0,0.0,0.0,0.0,0.0,1212.403364662174,2568.7705522441383,0.0,0.0,0.0,0.0,0.0,0.0,0.0,0.0,0.0,0.0,0.0,0.0,0.0,0.0,1004.7838762775377,1330.8824610845977,0.0,0.0,0.0,0.0,0.0,0.0,0.0,0.0,0.0,0.0,0.0,0.0,0.0,1295.9138641092327,1233.806258903932,0.0,0.0,0.0,0.0,0.0,0.0,0.0,0.0,0.0,0.0,24984.083782030528,3781.173916906312,2335.6663373621354,2529.720123013165,1282.5083333333332,1126.2937830404558,76.74082353776492,898.1211959303964,796.9162732403759,25.055753917797695,594.7186810173366,531.330818368984,26.026104239142235,679.2217400072128,343.1093383115873,610.1931887658786,51.22072814183805,225.2587566080911,199.22906831009396,185.96578642914437,274.58693494464535
2004-09-01,1508.8333333333333,226.32500000000002,1282.5083333333332,11267.294464624183,0.0,0.0,13792.478275703545,0.0,0.0,0.0,0.0,0.0,0.0,1151.2479435436685,2704.7784387229754,0.0,0.0,0.0,0.0,0.0,0.0,0.0,0.0,0.0,0.0,0.0,0.0,0.0,0.0,986.7473858292293,1385.3315674868252,0.0,0.0,0.0,0.0,0.0,0.0,0.0,0.0,0.0,0.0,0.0,0.0,0.0,1276.1746245959293,1272.8771208112648,0.0,0.0,0.0,0.0,0.0,0.0,0.0,0.0,0.0,0.0,25059.772740327728,3856.026382266644,2372.0789533160546,2549.051745407194,1282.5083333333332,1129.8458577222368,76.97351731389558,901.0350264323647,800.6641597971266,25.5184012749064,597.687204930282,534.8646447007426,26.40994427562033,680.9712857610729,345.3650319398396,610.0672690861252,51.57239428091917,225.9691715444473,200.16603994928164,187.2026256452599,274.5302710887563
2004-10-01,1508.8333333333333,226.32500000000002,1282.5083333333332,11299.597164553406,0.0,0.0,13832.1913142909,0.0,0.0,0.0,0.0,0.0,0.0,1090.4302310598712,2839.2773206222773,0.0,0.0,0.0,0.0,0.0,0.0,0.0,0.0,0.0,0.0,0.0,0.0,0.0,0.0,969.4025042527409,1438.0185372433145,0.0,0.0,0.0,0.0,0.0,0.0,0.0,0.0,0.0,0.0,0.0,0.0,0.0,1259.349231893043,1310.3166376987383,0.0,0.0,0.0,0.0,0.0,0.0,0.0,0.0,0.0,0.0,25131.788478844304,3929.7075516821487,2407.4210414960553,2569.6658695917813,1282.5083333333332,1133.2975700165723,77.19502480018389,903.8766861777895,804.2220793842486,25.973437378037023,600.4981198478449,538.3731840045335,26.782847663310314,683.1990170528516,347.6620190554827,610.6317148556583,51.95317801260573,226.6595140033144,201.05551984606214,188.43061440158672,274.7842716850462
2004-11-01,1508.8333333333333,226.32500000000002,1282.5083333333332,11330.699694053887,0.0,0.0,13869.549757151559,0.0,0.0,0.0,0.0,0.0,0.0,1030.0675243363492,2972.235552752993,0.0,0.0,0.0,0.0,0.0,0.0,0.0,0.0,0.0,0.0,0.0,0.0,0.0,0.0,952.5408057305531,1489.1061140022275,0.0,0.0,0.0,0.0,0.0,0.0,0.0,0.0,0.0,0.0,0.0,0.0,0.0,1245.0201083748618,1346.2913718227705,0.0,0.0,0.0,0.0,0.0,0.0,0.0,0.0,0.0,0.0,25200.249451205447,4002.303077089342,2441.6469197327806,2591.3114801976326,1282.5083333333332,1136.641669786035,77.40569118615711,906.6380560132579,807.6210607789243,26.42146982713969,603.1665595381864,541.7966013925175,27.144079908943947,685.7900127735589,349.94256960294683,611.7867278844511,52.357674283256415,227.32833395720695,201.90526519473107,189.6288104873811,275.304027548003
2004-12-01,1508.8333333333333,226.32500000000002,1282.5083333333332,11360.628769900764,0.0,0.0,13904.650000674865,0.0,0.0,0.0,0.0,0.0,0.0,970.3226659575794,3103.533716822694,0.0,0.0,0.0,0.0,0.0,0.0,0.0,0.0,0.0,0.0,0.0,0.0,0.0,0.0,936.0063351500223,1538.7652612876366,0.0,0.0,0.0,0.0,0.0,0.0,0.0,0.0,0.0,0.0,0.0,0.0,0.0,1232.8209157190718,1380.9217360537518,0.0,0.0,0.0,0.0,0.0,0.0,0.0,0.0,0.0,0.0,25265.278770575627,4073.856382780273,2474.771596437659,2613.7426517728236,1282.5083333333332,1139.873134989662,77.60587897348844,909.313335828828,810.8971657219446,26.86286441595285,605.7157955841932,545.0974970177513,27.49362186156366,688.6504912415845,352.16779090513637,613.4386978991317,52.78062176726149,227.97462699793235,202.72429143048615,190.78412395621294,276.04741405460925
2005-01-01,1539.8333333333333,226.32500000000002,1282.5083333333332,11389.412313128012,0.0,0.0,13937.590130305127,0.0,0.0,0.0,0.0,0.0,0.0,911.3909190187647,3232.9787174607363,0.0,0.0,0.0,0.0,0.0,0.0,0.0,0.0,0.0,0.0,0.0,0.0,0.0,0.0,919.6782890822082,1587.1788441490967,0.0,0.0,0.0,0.0,0.0,0.0,0.0,0.0,0.0,0.0,0.0,0.0,0.0,1222.4319116563183,1414.2968207471167,0.0,0.0,0.0,0.0,0.0,0.0,0.0,0.0,0.0,0.0,25327.00244343314,4144.369636479501,2506.857133231305,2636.728732403435,1282.5083333333332,1142.9886985117625,77.7959619640605,911.8985079917297,814.0875142692059,27.297740023295344,608.1728742914585,548.2553310796459,27.83200641816665,691.7046569060608,354.31337306153836,615.5014771030355,53.21709917241422,228.59773970235247,203.52187856730148,191.88936587787606,276.975664696366
2005-02-01,1539.8333333333333,230.97500000000002,1308.8583333333331,11426.17113471532,0.0,0.0,13985.202208566281,0.0,0.0,0.0,0.0,0.0,0.0,853.4885976106104,3360.3184096018836,0.0,0.0,0.0,0.0,0.0,0.0,0.0,0.0,0.0,0.0,0.0,0.0,0.0,0.0,903.4583952287376,1634.5423226836565,0.0,0.0,0.0,0.0,0.0,0.0,0.0,0.0,0.0,0.0,0.0,0.0,0.0,1213.5747208053995,1446.4860865633182,0.0,0.0,0.0,0.0,0.0,0.0,0.0,0.0,0.0,0.0,25411.3733432816,4213.807007212494,2538.000717912394,2660.0608073687176,1308.8583333333331,1146.4328526679221,78.0545808169493,914.3909588094101,817.227607158102,27.72598091831496,610.5656357019045,551.2618737506589,28.160177270156126,694.8917776084394,356.3659652017698,617.8970538795995,53.6626487635571,229.28657053358438,204.3069017895255,192.9416558127306,278.05367424581976
2005-03-01,1539.8333333333333,230.97500000000002,1308.8583333333331,11461.667564481273,0.0,0.0,14030.31360081175,0.0,0.0,0.0,0.0,0.0,0.0,796.9134466868268,3485.507146138337,0.0,0.0,0.0,0.0,0.0,0.0,0.0,0.0,0.0,0.0,0.0,0.0,0.0,0.0,887.262158287307,1681.062288656123,0.0,0.0,0.0,0.0,0.0,0.0,0.0,0.0,0.0,0.0,0.0,0.0,0.0,1206.007042249773,1477.5482564891458,0.0,0.0,0.0,0.0,0.0,0.0,0.0,0.0,0.0,0.0,25491.981165293022,4282.420592825163,2568.32444694343,2683.5552987389187,1308.8583333333331,1149.9485115835876,78.30199973832212,917.1462821343378,820.3834033544349,28.149293167233022,612.9207053685766,554.1176070261843,28.479369311356614,698.1635975717081,358.3202179379283,620.5557623773834,54.113343824123575,229.98970231671746,205.09585083860873,193.94116245916447,279.2500930698225
2005-04-01,1539.8333333333333,230.97500000000002,1308.8583333333331,11495.910691834013,0.0,0.0,14072.960686625236,0.0,0.0,0.0,0.0,0.0,0.0,741.8944581420376,3608.3125627044183,0.0,0.0,0.0,0.0,0.0,0.0,0.0,0.0,0.0,0.0,0.0,0.0,0.0,0.0,871.0225963971017,1726.9663960921032,0.0,0.0,0.0,0.0,0.0,0.0,0.0,0.0,0.0,0.0,0.0,0.0,0.0,1199.5176289507124,1507.537814718883,0.0,0.0,0.0,0.0,0.0,0.0,0.0,0.0,0.0,0.0,25568.871378459247,4350.207020846456,2597.988992489205,2707.0554436695957,1308.8583333333331,1153.4299226358912,78.53819753122148,919.95880926687,823.6045850900466,28.56779615553205,615.2875525158262,556.831760259529,28.791246710522195,701.4821138745806,360.17644456701976,623.4161543094949,54.565814634408895,230.6859845271782,205.90114627251165,194.89111609083514,280.5372694392727
2005-05-01,1539.8333333333333,230.97500000000002,1308.8583333333331,11528.91752734959,0.0,0.0,14113.205678436198,0.0,0.0,0.0,0.0,0.0,0.0,688.6309973918085,3728.4182190116244,0.0,0.0,0.0,0.0,0.0,0.0,0.0,0.0,0.0,0.0,0.0,0.0,0.0,0.0,854.6806017807486,1772.4943303531086,0.0,0.0,0.0,0.0,0.0,0.0,0.0,0.0,0.0,0.0,0.0,0.0,0.0,1193.9225826572801,1536.5102564268843,0.0,0.0,0.0,0.0,0.0,0.0,0.0,0.0,0.0,0.0,25642.123205785785,4417.049216403433,2627.174932133857,2730.4328390841647,1308.8583333333331,1156.8431443301151,78.76336167667628,922.743938108713,826.9208760901577,28.980866461578017,617.703438817535,559.41979597729,29.09770319559273,704.8195290389161,361.9406441686939,626.4248580772662,55.01727554708078,231.368628866023,206.73021902253942,195.7969285920515,281.8911861347698
2005-06-01,1539.8333333333333,230.97500000000002,1308.8583333333331,11560.709564441711,0.0,0.0,14151.12454241111,0.0,0.0,0.0,0.0,0.0,0.0,637.3050435647228,3845.4826062303828,0.0,0.0,0.0,0.0,0.0,0.0,0.0,0.0,0.0,0.0,0.0,0.0,0.0,0.0,838.1777527203855,1817.8870348542941,0.0,0.0,0.0,0.0,0.0,0.0,0.0,0.0,0.0,0.0,0.0,0.0,0.0,1189.06188541029,1564.5256538069484,0.0,0.0,0.0,0.0,0.0,0.0,0.0,0.0,0.0,0.0,25711.83410685282,4482.787649795106,2656.0647875746795,2753.5875392172384,1308.8583333333331,1160.1696747749907,78.97775749131081,925.4745154640922,830.3484960369772,29.387586035441924,620.1906570676183,561.9001358335213,29.40066579327439,708.1565393277349,363.6228673852385,629.5363145376302,55.46552465703131,232.03393495499807,207.5871240092443,196.66504754173243,283.2913415419336
2005-07-01,1539.8333333333333,230.97500000000002,1308.8583333333331,11591.311229679211,0.0,0.0,14186.801426600372,0.0,0.0,0.0,0.0,0.0,0.0,588.0794779231256,3959.163224252368,0.0,0.0,0.0,0.0,0.0,0.0,0.0,0.0,0.0,0.0,0.0,0.0,0.0,0.0,821.4538625031993,1863.3786023192379,0.0,0.0,0.0,0.0,0.0,0.0,0.0,0.0,0.0,0.0,0.0,0.0,0.0,1184.7958476414585,1591.650559363687,0.0,0.0,0.0,0.0,0.0,0.0,0.0,0.0,0.0,0.0,25778.112656279583,4547.242702175494,2684.832464822437,2776.4464070051454,1308.8583333333331,1163.3980896656333,79.18169424093773,928.1357398199925,833.8937998440342,29.78688759557095,622.7613720277329,564.291717764853,29.70197701512243,711.4800612874855,365.2350882917888,632.7122837845825,55.90890971499518,232.6796179331266,208.47344996100855,197.50210121769857,284.7205277030621
2005-08-01,1539.8333333333333,230.97500000000002,1308.8583333333331,11620.748992187762,0.0,0.0,14220.325411114984,0.0,0.0,0.0,0.0,0.0,0.0,541.0944005107913,4069.1336978471695,0.0,0.0,0.0,0.0,0.0,0.0,0.0,0.0,0.0,0.0,0.0,0.0,0.0,0.0,804.4471868611791,1909.1898438901346,0.0,0.0,0.0,0.0,0.0,0.0,0.0,0.0,0.0,0.0,0.0,0.0,0.0,1181.0016883272297,1617.9586599456577,0.0,0.0,0.0,0.0,0.0,0.0,0.0,0.0,0.0,0.0,25841.074403302744,4610.22809835796,2713.637030751314,2798.960348272887,1308.8583333333331,1166.5210780352102,79.3755082749588,930.7184717325067,837.5554336900318,30.177641860007803,625.4203498830257,566.612458971518,30.003324982630918,714.781372628675,366.7896165471545,635.9211593158403,56.346272045092775,233.30421560704198,209.38885842250795,198.31436064003128,286.1645216921281
2005-09-01,1539.8333333333333,230.97500000000002,1308.8583333333331,11649.050778710514,0.0,0.0,14251.788364806353,0.0,0.0,0.0,0.0,0.0,0.0,496.46355183981007,4175.096844382713,0.0,0.0,0.0,0.0,0.0,0.0,0.0,0.0,0.0,0.0,0.0,0.0,0.0,0.0,787.0960319637645,1955.522977320026,0.0,0.0,0.0,0.0,0.0,0.0,0.0,0.0,0.0,0.0,0.0,0.0,0.0,1177.5704411677748,1643.5305893197585,0.0,0.0,0.0,0.0,0.0,0.0,0.0,0.0,0.0,0.0,25900.839143516867,4671.560396222523,2742.6190092837905,2821.1010304875335,1308.8583333333331,1169.5340403820758,79.55955273713565,933.2168624281682,841.325845429496,30.558719134109992,628.1665752675239,568.8783946354243,30.30620209962292,718.0547359551989,368.2980983314867,639.137173600226,56.77688014032697,233.9068080764151,210.331461357374,199.10743812239852,287.61172812010165
2005-10-01,1539.8333333333333,230.97500000000002,1308.8583333333331,11676.245555994257,0.0,0.0,14281.28342641468,0.0,0.0,0.0,0.0,0.0,0.0,454.271668656003,4276.794451957612,0.0,0.0,0.0,0.0,0.0,0.0,0.0,0.0,0.0,0.0,0.0,0.0,0.0,0.0,769.3410500929594,2002.5571802559757,0.0,0.0,0.0,0.0,0.0,0.0,0.0,0.0,0.0,0.0,0.0,0.0,0.0,1174.404278598166,1668.453220787072,0.0,0.0,0.0,0.0,0.0,0.0,0.0,0.0,0.0,0.0,25957.528982408938,4731.066120613616,2771.898230348935,2842.857499385238,1308.8583333333331,1172.4343038645238,79.73419057673806,935.6272323056606,845.1924721510068,30.92903576356219,630.994384072122,571.103281470678,30.611881536299073,721.2964019931502,369.77095651302585,642.3395719777773,57.20036111766799,234.48686077290472,211.2981180377517,199.88614851473727,289.0528073899997
2005-11-01,1539.8333333333333,230.97500000000002,1308.8583333333331,11702.363015635858,0.0,0.0,14308.903880311347,0.0,0.0,0.0,0.0,0.0,0.0,414.5731113186781,4374.014091913935,0.0,0.0,0.0,0.0,0.0,0.0,0.0,0.0,0.0,0.0,0.0,0.0,0.0,0.0,751.1277943851762,2050.444878942778,0.0,0.0,0.0,0.0,0.0,0.0,0.0,0.0,0.0,0.0,0.0,0.0,0.0,1171.414271682861,1692.8186788684445,0.0,0.0,0.0,0.0,0.0,0.0,0.0,0.0,0.0,0.0,26011.266895947207,4788.587203232613,2801.5726733279544,2864.2329505513053,1308.8583333333331,1175.2206303048308,79.89978949023848,937.9474430916191,849.1387705562368,31.2875899163836,633.8943541132551,573.2985059852878,30.92140514894868,724.5038975437183,371.2171329559407,645.5118111844316,57.61663519321924,235.0441260609661,212.2846926390592,200.6544770948507,290.4803150329942
2005-12-01,1539.8333333333333,230.97500000000002,1308.8583333333331,11727.433326995824,0.0,0.0,14334.742302321547,0.0,0.0,0.0,0.0,0.0,0.0,377.39182436831015,4466.593220473956,0.0,0.0,0.0,0.0,0.0,0.0,0.0,0.0,0.0,0.0,0.0,0.0,0.0,0.0,732.4092708020387,2099.3087170331155,0.0,0.0,0.0,0.0,0.0,0.0,0.0,0.0,0.0,0.0,0.0,0.0,0.0,1168.5185608385723,1716.7232401774775,0.0,0.0,0.0,0.0,0.0,0.0,0.0,0.0,0.0,0.0,26062.17562931737,4843.985044842266,2831.7179878351544,2885.24180101605,1308.8583333333331,1177.8928818488714,80.05671811429498,940.1765042438647,853.1451737957726,31.633488838439646,636.8540779171776,575.4731842984147,31.23557911156294,727.6755250418745,372.6440288904371,648.6408184521748,58.025856124955425,235.57857636977423,213.28629344894316,201.41561450444513,291.8883683034786
2006-01-01,1558.6666666666667,230.97500000000002,1308.8583333333331,11751.486938212121,0.0,0.0,14358.889901434919,0.0,0.0,0.0,0.0,0.0,0.0,342.7225218012413,4554.42085199925,0.0,0.0,0.0,0.0,0.0,0.0,0.0,0.0,0.0,0.0,0.0,0.0,0.0,0.0,713.1483202076848,2149.2391961688536,0.0,0.0,0.0,0.0,0.0,0.0,0.0,0.0,0.0,0.0,0.0,0.0,0.0,1165.6408918813509,1740.266238999025,0.0,0.0,0.0,0.0,0.0,0.0,0.0,0.0,0.0,0.0,26110.37683964704,4897.143373800491,2862.3875163765383,2905.907130880376,1308.8583333333331,1180.45177991265,80.20534309101262,942.3143054790971,857.1900077968631,31.96596872400852,639.8588803468294,577.6343766711747,31.55497513427065,730.8100199426658,374.05756979396955,651.7163310113945,58.428359066944886,236.09035598252993,214.29750194921579,202.1720318349111,293.2723489551275
2006-02-01,1558.6666666666667,233.80000000000004,1324.8666666666668,11780.078036571967,0.0,0.0,14391.602001935753,0.0,0.0,0.0,0.0,0.0,0.0,310.5328887590264,4637.437131968644,0.0,0.0,0.0,0.0,0.0,0.0,0.0,0.0,0.0,0.0,0.0,0.0,0.0,0.0,693.3197140098312,2200.293007213653,0.0,0.0,0.0,0.0,0.0,0.0,0.0,0.0,0.0,0.0,0.0,0.0,0.0,1162.7094658846863,1763.54905118651,0.0,0.0,0.0,0.0,0.0,0.0,0.0,0.0,0.0,0.0,26171.680038507722,4947.970020727671,2893.612721223484,2926.2585170711964,1324.8666666666668,1183.1698957836306,80.39357202235576,944.36142393012,861.2503690746634,32.28440792827748,642.8925058476474,579.7873649560481,31.879936044653284,733.9063268925305,375.4623448362635,654.7303243921473,58.82461630956336,236.63397915672607,215.31259226866584,202.92557773461684,294.62864597646626
2006-03-01,1558.6666666666667,233.80000000000004,1324.8666666666668,11807.607115858818,0.0,0.0,14422.473083929961,0.0,0.0,0.0,0.0,0.0,0.0,280.7798818346779,4715.8156894478,0.0,0.0,0.0,0.0,0.0,0.0,0.0,0.0,0.0,0.0,0.0,0.0,0.0,0.0,672.9118731800654,2252.49208281884,0.0,0.0,0.0,0.0,0.0,0.0,0.0,0.0,0.0,0.0,0.0,0.0,0.0,1159.6560531865327,1786.6741983649194,0.0,0.0,0.0,0.0,0.0,0.0,0.0,0.0,0.0,0.0,26230.08019978878,4996.595571282478,2925.4039559989055,2946.3302515514524,1324.8666666666668,1185.893418567916,80.573086817692,946.5359166269045,865.320788500297,32.5895775718002,645.9377768059975,581.9359570640563,32.21058496651972,736.9634656371123,376.8617872214313,657.6765303826985,59.21520077415775,237.17868371358313,216.33019712507425,203.6775849724197,295.9544386722143
2006-04-01,1558.6666666666667,233.80000000000004,1324.8666666666668,11834.09191309167,0.0,0.0,14451.550625137179,0.0,0.0,0.0,0.0,0.0,0.0,253.38582507313907,4789.652002193737,0.0,0.0,0.0,0.0,0.0,0.0,0.0,0.0,0.0,0.0,0.0,0.0,0.0,0.0,651.9315543286463,2305.8318983549398,0.0,0.0,0.0,0.0,0.0,0.0,0.0,0.0,0.0,0.0,0.0,0.0,0.0,1156.4153271209816,1809.7445907246201,0.0,0.0,0.0,0.0,0.0,0.0,0.0,0.0,0.0,0.0,26285.64253822885,5043.037827266876,2957.763452683586,2966.1599178456017,1324.8666666666668,1188.5603373568663,80.74399086973158,948.7147348543327,869.3909231229695,32.88155574696495,648.9905913752227,584.084130845573,32.546963844969,739.9804638021208,378.2583720916366,660.5500407538138,59.600756754157786,237.71206747137322,217.34773078074238,204.42944579595053,297.2475183392162
2006-05-01,1558.6666666666667,233.80000000000004,1324.8666666666668,11859.554575277716,0.0,0.0,14478.895980991841,0.0,0.0,0.0,0.0,0.0,0.0,228.2522028631891,4859.029470277332,0.0,0.0,0.0,0.0,0.0,0.0,0.0,0.0,0.0,0.0,0.0,0.0,0.0,0.0,630.4023013727707,2360.2791353550856,0.0,0.0,0.0,0.0,0.0,0.0,0.0,0.0,0.0,0.0,0.0,0.0,0.0,1152.924754120013,1832.8632884202082,0.0,0.0,0.0,0.0,0.0,0.0,0.0,0.0,0.0,0.0,26338.450556269556,5087.281673140521,2990.681436727856,2985.788042540221,1324.8666666666668,1191.152141133723,80.90650749223371,950.8482698854931,873.4442193975962,33.16020461425208,652.0431923422271,586.2362131357127,32.88899516224442,742.9572074642201,379.65468504962246,663.3470910178485,59.98199175175219,238.23042822674455,218.36105484939904,205.1826745974994,298.50619095803177
2006-06-01,1558.6666666666667,233.80000000000004,1324.8666666666668,11884.019579094267,0.0,0.0,14504.577162233389,0.0,0.0,0.0,0.0,0.0,0.0,205.2673243864304,4924.049098998983,0.0,0.0,0.0,0.0,0.0,0.0,0.0,0.0,0.0,0.0,0.0,0.0,0.0,0.0,608.3626361405875,2415.7691331553783,0.0,0.0,0.0,0.0,0.0,0.0,0.0,0.0,0.0,0.0,0.0,0.0,0.0,1149.1245248397922,1856.1333519320722,0.0,0.0,0.0,0.0,0.0,0.0,0.0,0.0,0.0,0.0,26388.596741327656,5129.316423385413,3024.1317692959656,3005.257876771864,1324.8666666666668,1193.6595807907975,81.06090081776986,952.9217129069784,877.4615567501438,33.425405911941695,655.0831645481971,588.3963962445418,33.23643573554602,745.8944385980299,381.0535385382132,666.064932934289,60.359671432097244,238.73191615815944,219.36538918753595,205.93873868558964,299.72921982043005
2006-07-01,1558.6666666666667,233.80000000000004,1324.8666666666668,11907.5127974581,0.0,0.0,14528.665558425015,0.0,0.0,0.0,0.0,0.0,0.0,175.27775970323285,4783.076176828625,220.79135407167195,0.0,0.0,0.0,0.0,0.0,0.0,0.0,0.0,0.0,0.0,0.0,0.0,0.0,557.1613933860191,2385.8607573418208,122.79200776361611,0.0,0.0,0.0,0.0,0.0,0.0,0.0,0.0,0.0,0.0,0.0,0.0,1144.9573443911409,1879.6575839223726,0.0,0.0,0.0,0.0,0.0,0.0,0.0,0.0,0.0,0.0,26436.178355883116,5179.145290603529,3065.814158491456,3024.6149283135137,1324.8666666666668,1196.0775965386665,81.20745557254348,954.927664632638,871.3909654186614,33.70783199586065,658.0961675626079,582.784997560463,33.62878080665443,748.7933706728112,382.45765755895223,668.7017090815632,60.73461004959921,239.21551930773325,217.84774135466535,203.97474914616205,300.9157690867034
2006-08-01,1558.6666666666667,233.80000000000004,1324.8666666666668,11930.060966234214,0.0,0.0,14551.234065681607,0.0,0.0,0.0,0.0,0.0,0.0,149.62779928225092,4646.182536310338,443.8747651844706,0.0,0.0,0.0,0.0,0.0,0.0,0.0,0.0,0.0,0.0,0.0,0.0,0.0,509.8250874830166,2353.887132144393,246.9726064146085,0.0,0.0,0.0,0.0,0.0,0.0,0.0,0.0,0.0,0.0,0.0,0.0,1138.2413259238656,1901.273471997135,0.0,0.0,0.0,0.0,0.0,0.0,0.0,0.0,0.0,0.0,26481.29503191582,5239.685100777059,3110.684826042018,3039.5147979210005,1324.8666666666668,1198.4035234641715,81.34646716978915,956.8620772309332,862.2761331983446,34.04613385905888,653.543224063996,574.6311579317586,34.04139858167534,746.5961884091607,378.810248414301,670.673562064901,61.02275673677281,239.68070469283424,215.56903329958615,201.1209052761155,301.8031029292054
2006-09-01,1558.6666666666667,233.80000000000004,1324.8666666666668,11951.691336527898,0.0,0.0,14572.355880792893,0.0,0.0,0.0,0.0,0.0,0.0,127.89110026568255,4515.655151791063,667.2976817362918,0.0,0.0,0.0,0.0,0.0,0.0,0.0,0.0,0.0,0.0,0.0,0.0,0.0,466.1785866969201,2319.7398023427345,371.00275928130634,0.0,0.0,0.0,0.0,0.0,0.0,0.0,0.0,0.0,0.0,0.0,0.0,1128.6294897642263,1920.4293004969454,0.0,0.0,0.0,0.0,0.0,0.0,0.0,0.0,0.0,0.0,26524.04721732079,5310.843933793037,3156.9211483209606,3049.0587902611715,1324.8666666666668,1200.6362454822656,81.47823577943188,958.7228187713372,853.1155768000195,34.4484089553391,646.7070998987584,566.0050208221148,34.465756797701054,742.3807117913387,373.5102526556431,671.6319356477246,61.204783803442794,240.12724909645308,213.27889420000488,198.10175728774018,302.23437104147604
2006-10-01,1558.6666666666667,233.80000000000004,1324.8666666666668,11972.431428619875,0.0,0.0,14592.10366936887,0.0,0.0,0.0,0.0,0.0,0.0,109.53065713522159,4392.359075095491,889.666483824197,0.0,0.0,0.0,0.0,0.0,0.0,0.0,0.0,0.0,0.0,0.0,0.0,0.0,426.0715013089709,2284.125005912993,494.07764573811414,0.0,0.0,0.0,0.0,0.0,0.0,0.0,0.0,0.0,0.0,0.0,0.0,1116.398083159194,1937.184541979604,0.0,0.0,0.0,0.0,0.0,0.0,0.0,0.0,0.0,0.0,26564.535097988744,5391.556216054909,3204.274152960078,3053.582625138798,1324.8666666666668,1202.7757236128787,81.60306238583263,960.5089963858126,844.8856929046458,34.91102121929541,639.8366826000147,557.5811984107808,34.9024795501166,737.3008281406233,367.9032635343747,671.490911074667,61.28608218833021,240.55514472257568,211.22142322616145,195.15341944377326,302.1709099836001
2006-11-01,1558.6666666666667,233.80000000000004,1324.8666666666668,11992.308848198525,0.0,0.0,14610.548968713236,0.0,0.0,0.0,0.0,0.0,0.0,94.01962438448135,4276.44732900674,1109.8839586441113,0.0,0.0,0.0,0.0,0.0,0.0,0.0,0.0,0.0,0.0,0.0,0.0,0.0,389.297260238658,2247.8626061580267,615.717750991204,0.0,0.0,0.0,0.0,0.0,0.0,0.0,0.0,0.0,0.0,0.0,0.0,1101.9557016215133,1951.7956104411974,0.0,0.0,0.0,0.0,0.0,0.0,0.0,0.0,0.0,0.0,26602.85781691176,5480.350912035332,3252.8776173878887,3053.751312062711,1324.8666666666668,1204.8227017407432,81.72124600290907,962.2205788903029,837.9996132840677,35.426269625812544,633.6642696784843,549.7063049035695,35.35450034710444,731.7477800580743,362.4277789670075,670.2999039136425,61.27918922051812,240.9645403481486,209.49990332101692,192.39720671624931,301.6349567611391
2006-12-01,1558.6666666666667,233.80000000000004,1324.8666666666668,12011.35114402831,0.0,0.0,14627.761750064199,0.0,0.0,0.0,0.0,0.0,0.0,80.88787717798387,4167.70447780514,1327.0385184355603,0.0,0.0,0.0,0.0,0.0,0.0,0.0,0.0,0.0,0.0,0.0,0.0,0.0,355.62332248847986,2211.7272837126457,735.6297119802286,0.0,0.0,0.0,0.0,0.0,0.0,0.0,0.0,0.0,0.0,0.0,0.0,1085.727893194465,1964.6213702512014,0.0,0.0,0.0,0.0,0.0,0.0,0.0,0.0,0.0,0.0,26639.11289409251,5575.630873418684,3302.980318181354,3050.349263445666,1324.8666666666668,1206.778507850844,81.83308163507516,963.8581613925946,832.5932996289979,35.98490038024426,628.4997099630507,542.5718181790608,35.825190990524305,725.9740453398236,357.3090981873202,668.1767007860198,61.19939317084874,241.35570157016878,208.14832490724947,189.90013636267125,300.67951535370884
2007-01-01,1583.0833333333333,233.80000000000004,1324.8666666666668,12029.585694939036,0.0,0.0,14643.810095363955,0.0,0.0,0.0,0.0,0.0,0.0,69.73568873238236,4065.740257106157,1540.3479184228718,0.0,0.0,0.0,0.0,0.0,0.0,0.0,0.0,0.0,0.0,0.0,0.0,0.0,324.81215909492687,2176.3844409973435,853.6290100129036,0.0,0.0,0.0,0.0,0.0,0.0,0.0,0.0,0.0,0.0,0.0,0.0,1068.109811851768,1976.0747007184107,0.0,0.0,0.0,0.0,0.0,0.0,0.0,0.0,0.0,0.0,26673.39579030299,5675.8238642614115,3354.825610105174,3044.1845125701784,1324.8666666666668,1208.6449117015877,81.93885875459425,965.4228062806753,828.6524329623016,36.57738247564697,624.4449747217484,536.2822131776492,36.317469620279255,720.1688672487004,352.6716818163895,665.2709392487516,61.0626788754363,241.7289823403175,207.1631082405754,187.6987746121772,299.3719226619382
2007-02-01,1583.0833333333333,237.46250000000003,1345.6208333333332,12054.20077673606,0.0,0.0,14671.939763829334,0.0,0.0,0.0,0.0,0.0,0.0,60.23198225084212,3970.102657119278,1749.128829429737,0.0,0.0,0.0,0.0,0.0,0.0,0.0,0.0,0.0,0.0,0.0,0.0,0.0,296.6330575072895,2142.368355727204,969.5917579140726,0.0,0.0,0.0,0.0,0.0,0.0,0.0,0.0,0.0,0.0,0.0,0.0,1049.4474054184898,1986.5923637621588,0.0,0.0,0.0,0.0,0.0,0.0,0.0,0.0,0.0,0.0,26726.140540565393,5779.463468799857,3408.5931711485655,3036.0397691806484,1345.6208333333332,1210.7755823947402,82.10050067619255,966.9159293612702,826.0817309299434,37.19459389288092,621.4893247217262,530.888394582265,36.833369096069575,714.4824551522854,348.58343856547197,661.7425440464566,60.88465449535926,242.155116478948,206.52043273248586,185.81093810379275,297.78414482090545
2007-03-01,1583.0833333333333,237.46250000000003,1345.6208333333332,12077.924036585357,0.0,0.0,14698.611199509913,0.0,0.0,0.0,0.0,0.0,0.0,52.10880105563902,3880.5036011188135,1952.8782568767992,0.0,0.0,0.0,0.0,0.0,0.0,0.0,0.0,0.0,0.0,0.0,0.0,0.0,270.8680484595525,2110.0825747545287,1083.4239608484954,0.0,0.0,0.0,0.0,0.0,0.0,0.0,0.0,0.0,0.0,0.0,0.0,1030.032124491206,1996.6144879779745,0.0,0.0,0.0,0.0,0.0,0.0,0.0,0.0,0.0,0.0,26776.535236095267,5885.490659051252,3464.3745840625766,3026.6466124691806,1345.6208333333332,1212.9709595085778,82.2551782948789,968.6204659157922,824.763469906132,37.82980575826586,619.5612981974575,526.406010421934,37.37387486151245,709.0358557040234,345.0774564784723,657.7490373405262,60.67997507496473,242.5941919017155,206.190867476533,184.24210364767688,295.98706680323676
2007-04-01,1583.0833333333333,237.46250000000003,1345.6208333333332,12100.765431367929,0.0,0.0,14723.837660469626,0.0,0.0,0.0,0.0,0.0,0.0,45.14541331066654,3796.572500931805,2151.113857462917,0.0,0.0,0.0,0.0,0.0,0.0,0.0,0.0,0.0,0.0,0.0,0.0,0.0,247.31553046779712,2079.818552800298,1195.0468117151065,0.0,0.0,0.0,0.0,0.0,0.0,0.0,0.0,0.0,0.0,0.0,0.0,1010.1021031578866,2006.570043312488,0.0,0.0,0.0,0.0,0.0,0.0,0.0,0.0,0.0,0.0,26824.603091837555,5992.831771705389,3522.180894983202,3016.6721464703746,1345.6208333333332,1215.1501370018955,82.4028405891544,970.3767676068624,824.5595096307666,38.476145321957745,618.572602429599,522.8272369568884,37.93905455208579,703.9258773115466,342.1639067742571,653.4383041990126,60.462039111339905,243.03002740037905,206.13987740769164,182.98953293491095,294.0472368895556
2007-05-01,1583.0833333333333,237.46250000000003,1345.6208333333332,12122.740487492745,0.0,0.0,14747.65153239855,0.0,0.0,0.0,0.0,0.0,0.0,39.160908988668915,3717.94087409445,2343.399120833368,0.0,0.0,0.0,0.0,0.0,0.0,0.0,0.0,0.0,0.0,0.0,0.0,0.0,225.7898729211133,2051.7696948433777,1304.3851927725764,0.0,0.0,0.0,0.0,0.0,0.0,0.0,0.0,0.0,0.0,0.0,0.0,989.846501364432,2016.866774057612,0.0,0.0,0.0,0.0,0.0,0.0,0.0,0.0,0.0,0.0,26870.392019891297,6100.500903916487,3581.9447605370674,3006.713275422044,1345.6208333333332,1217.2883107358336,82.5435945437604,972.1201096015164,825.3237298729691,39.12724751744912,618.4196322230749,520.1276560223386,38.52811064687049,699.2287713314345,339.8377040219775,648.9447896802197,60.242852699545494,243.45766214716667,206.33093246824228,182.0446796078185,292.0251553560989
2007-06-01,1583.0833333333333,237.46250000000003,1345.6208333333332,12143.867668370951,0.0,0.0,14770.095135768079,0.0,0.0,0.0,0.0,0.0,0.0,34.00667802549692,3644.277104951089,2529.3570439434543,0.0,0.0,0.0,0.0,0.0,0.0,0.0,0.0,0.0,0.0,0.0,0.0,0.0,206.12027981918328,2026.0461325787974,1411.361123405137,0.0,0.0,0.0,0.0,0.0,0.0,0.0,0.0,0.0,0.0,0.0,0.0,969.4109300201742,2027.8841953000679,0.0,0.0,0.0,0.0,0.0,0.0,0.0,0.0,0.0,0.0,26913.96280413903,6207.64082692004,3643.5275358031176,2997.295125320242,1345.6208333333332,1219.3724456997015,82.67760338589855,973.8306485886669,826.913192520394,39.77753306471955,618.9927974047268,518.2705509900534,39.139471148622995,695.0026107386409,338.0829764145201,644.3877742871109,60.03298655333194,243.87448913994024,206.7282981300985,181.39469284651867,289.97449842919985
2007-07-01,1583.0833333333333,237.46250000000003,1345.6208333333332,12164.167220287043,0.0,0.0,14791.216610059684,0.0,0.0,0.0,0.0,0.0,0.0,29.559807607793154,3575.2897806683513,2708.672920206162,0.0,0.0,0.0,0.0,0.0,0.0,0.0,0.0,0.0,0.0,0.0,0.0,0.0,188.14969522929175,2002.6901284984074,1515.891632649037,0.0,0.0,0.0,0.0,0.0,0.0,0.0,0.0,0.0,0.0,0.0,0.0,948.9030045142152,2039.9687940169595,0.0,0.0,0.0,0.0,0.0,0.0,0.0,0.0,0.0,0.0,26955.383830346727,6313.522508482307,3706.7314563767363,2988.8717985311746,1345.6208333333332,1221.3947461273526,82.80506099828034,975.4979565597613,829.194052737554,40.422222259941904,620.1848943902955,517.2100473709945,39.77092644568286,691.2891340014457,336.8758581435347,639.8708750747771,59.84158571573568,244.27894922547046,207.2985131843885,181.02351657984806,287.9418937836497
2007-08-01,1583.0833333333333,237.46250000000003,1345.6208333333332,12183.660529771672,0.0,0.0,14811.067585888592,0.0,0.0,0.0,0.0,0.0,0.0,25.717820390650086,3510.7233349783883,2881.0955297498385,0.0,0.0,0.0,0.0,0.0,0.0,0.0,0.0,0.0,0.0,0.0,0.0,0.0,171.73376528589813,1981.6903688455086,1617.8894523347858,0.0,0.0,0.0,0.0,0.0,0.0,0.0,0.0,0.0,0.0,0.0,0.0,928.3976925935654,2053.430930225516,0.0,0.0,0.0,0.0,0.0,0.0,0.0,0.0,0.0,0.0,26994.728115660262,6417.536685118877,3771.3135864661926,2981.8286228190814,1345.6208333333332,1223.3503684404482,82.92617957934783,977.1157969018822,832.044328370175,41.05729189513724,621.8955395531655,516.893628217586,40.419781246123215,688.1155120822739,336.1865307911464,635.4822752597635,59.676412534603855,244.6700736880896,208.01108209254375,180.91276987615507,285.96702386689356
2007-09-01,1583.0833333333333,237.46250000000003,1345.6208333333332,12202.369715298331,0.0,0.0,14829.701693488314,0.0,0.0,0.0,0.0,0.0,0.0,22.394601887942002,3450.350843896034,3046.4372685027597,0.0,0.0,0.0,0.0,0.0,0.0,0.0,0.0,0.0,0.0,0.0,0.0,0.0,156.7398684547623,1962.994382403765,1717.265345908827,0.0,0.0,0.0,0.0,0.0,0.0,0.0,0.0,0.0,0.0,0.0,0.0,907.9423583876575,2068.5430676035794,0.0,0.0,0.0,0.0,0.0,0.0,0.0,0.0,0.0,0.0,27032.071408786644,6519.182714286735,3836.9995967673544,2976.4854259912368,1345.6208333333332,1225.236357858928,83.04118234802436,978.6802947523586,835.3548549538514,41.679410630647226,624.0332462776312,517.2642329895056,41.083002986963706,685.4961097343007,335.98085834143086,631.2953945858138,59.54391197633137,245.04727157178553,208.83871373846284,181.04248154632694,284.0829275636162
2007-10-01,1583.0833333333333,237.46250000000003,1345.6208333333332,12220.317345281745,0.0,0.0,14847.173532711466,0.0,0.0,0.0,0.0,0.0,0.0,19.51728392176462,3393.966253376672,3204.5732216875713,0.0,0.0,0.0,0.0,0.0,0.0,0.0,0.0,0.0,0.0,0.0,0.0,0.0,143.0462211801151,1946.5189021599697,1813.9312258915484,0.0,0.0,0.0,0.0,0.0,0.0,0.0,0.0,0.0,0.0,0.0,0.0,887.5614889021151,2085.539033669295,0.0,0.0,0.0,0.0,0.0,0.0,0.0,0.0,0.0,0.0,27067.49087799321,6618.0567589860075,3903.4963492316333,2973.10052257141,1345.6208333333332,1227.0510653948609,83.15029873190706,980.1890862871423,839.0291742615773,42.28586732629249,626.5161412153885,518.2620319572852,41.7573567938249,683.4342184653763,336.2217514431786,627.3698297306435,59.44929215455991,245.4102130789721,209.75729356539432,181.39171118504981,282.3164233787895
2007-11-01,1583.0833333333333,237.46250000000003,1345.6208333333332,12237.526232032134,0.0,0.0,14863.537927524932,0.0,0.0,0.0,0.0,0.0,0.0,17.02385868295016,3341.3772417403247,3355.439186630203,0.0,0.0,0.0,0.0,0.0,0.0,0.0,0.0,0.0,0.0,0.0,0.0,0.0,130.54105703502495,1932.1582716132652,1907.8034595314239,0.0,0.0,0.0,0.0,0.0,0.0,0.0,0.0,0.0,0.0,0.0,0.0,867.2611129282786,2104.614062929819,0.0,0.0,0.0,0.0,0.0,0.0,0.0,0.0,0.0,0.0,27101.064159557067,6713.840287053477,3970.502788179714,2971.8751758580975,1345.6208333333332,1228.793790793705,83.2537609757698,981.6408523158888,842.9828246617258,42.874499586694014,629.271880696183,519.8259196301685,42.43952211793329,681.9237271240893,336.8703207722354,623.7524589482331,59.39661488916841,245.75875815874096,210.74570616543144,181.93907187055896,280.68860652670486
2007-12-01,1583.0833333333333,237.46250000000003,1345.6208333333332,12254.019275178705,0.0,0.0,14878.849370350097,0.0,0.0,0.0,0.0,0.0,0.0,14.86133489298105,3292.399307885228,3499.0287190733297,0.0,0.0,0.0,0.0,0.0,0.0,0.0,0.0,0.0,0.0,0.0,0.0,0.0,119.12187281450616,1919.7911314746214,1998.8059599334692,0.0,0.0,0.0,0.0,0.0,0.0,0.0,0.0,0.0,0.0,0.0,0.0,847.0329209677204,2125.925422009137,0.0,0.0,0.0,0.0,0.0,0.0,0.0,0.0,0.0,0.0,27132.868645528804,6806.289361851539,4037.7189642225967,2972.9583429768572,1345.6208333333332,1230.4645457130293,83.3518016485688,983.0350326349641,847.1423315937091,43.44362624319368,632.2371184962943,521.8947530517796,43.12618940163166,680.9507001811378,337.88684775960957,620.4786408521558,59.38889221022251,246.0929091426058,211.78558289842726,182.66316356812285,279.21538838347004
2008-01-01,1691.8333333333333,237.46250000000003,1345.6208333333332,12269.819339330552,0.0,0.0,14750.260257636088,0.0,144.57839881746645,0.0,0.0,0.0,0.0,12.984290281738016,3246.851298219607,3635.389338272178,0.0,0.0,0.0,0.0,0.0,0.0,0.0,0.0,0.0,0.0,0.0,0.0,0.0,108.69473334465914,1909.2856683205164,2086.8728172450237,0.0,0.0,0.0,0.0,0.0,0.0,0.0,0.0,0.0,0.0,0.0,0.0,826.858085681042,2149.593456672698,0.0,0.0,0.0,0.0,0.0,0.0,0.0,0.0,0.0,0.0,27164.657995784106,6895.224926773523,4104.853218910199,2976.4515423537396,1345.6208333333332,1230.3843010481382,83.44718202989249,984.3716365704236,851.4440861220952,43.99198552634404,635.3567486952818,524.408356864667,43.81413714301253,680.4948419523425,339.23158948365676,617.573457112049,59.42818546341151,246.0768602096276,212.8610215305238,183.54292490263344,277.90805570042204
2008-02-01,1691.8333333333333,253.77500000000003,1438.0583333333332,12316.844417312295,0.0,0.0,14663.306923760922,0.0,307.8734164774796,0.0,0.0,0.0,0.0,11.350821809872146,3203.895667579149,3764.019985777294,0.0,0.0,0.0,0.0,0.0,0.0,0.0,0.0,0.0,0.0,0.0,0.0,0.0,99.17362683402091,1900.5037024007206,2171.9503453804355,0.0,0.0,0.0,0.0,0.0,0.0,0.0,0.0,0.0,0.0,0.0,0.0,806.7107732821021,2175.702937614999,0.0,0.0,0.0,0.0,0.0,0.0,0.0,0.0,0.0,0.0,27288.024757550695,6979.266475166316,4171.627674615177,2982.413710897101,1438.0583333333332,1230.8730020393432,83.81856952739767,984.3074408385106,855.7550137273176,44.51087871840082,638.5830645915714,527.3083179721546,44.50029091443922,680.5308333736605,340.86543196203354,615.0529605536058,59.515704276693214,246.17460040786858,213.9387534318294,184.55791129025408,276.77383224912256
2008-03-01,1691.8333333333333,253.77500000000003,1438.0583333333332,12362.607231457134,0.0,0.0,14567.857085460662,0.0,479.97156289326625,0.0,0.0,0.0,0.0,9.929705088227784,3163.6863971057746,3885.3136269128704,0.0,0.0,0.0,0.0,0.0,0.0,0.0,0.0,0.0,0.0,0.0,0.0,0.0,90.47807520066023,1893.2762175434966,2253.9734479485037,0.0,0.0,0.0,0.0,0.0,0.0,0.0,0.0,0.0,0.0,0.0,0.0,786.5613300743399,2204.304614679838,0.0,0.0,0.0,0.0,0.0,0.0,0.0,0.0,0.0,0.0,27410.43587981106,7058.929729106872,4237.7277406926605,2990.8659447541777,1438.0583333333332,1231.45997390848,84.18723716448982,984.6984016314746,860.0318610894008,45.003286601516066,641.8162602954883,530.5349931858863,45.18120103211852,681.0295349863836,342.7504066819005,612.9253979333025,59.65190319600448,246.29199478169593,215.0079652723502,185.6872476150602,275.8164290699861
2008-04-01,1691.8333333333333,253.77500000000003,1438.0583333333332,12407.056856618892,0.0,0.0,14463.871696319093,0.0,661.095345482734,0.0,0.0,0.0,0.0,8.692831658454628,3126.1570367713066,3999.5299040395653,0.0,0.0,0.0,0.0,0.0,0.0,0.0,0.0,0.0,0.0,0.0,0.0,0.0,82.53534052381029,1887.4385558355375,2332.893351286191,0.0,0.0,0.0,0.0,0.0,0.0,0.0,0.0,0.0,0.0,0.0,0.0,766.3784332034508,2235.41555106534,0.0,0.0,0.0,0.0,0.0,0.0,0.0,0.0,0.0,0.0,27532.023898420717,7134.379772469327,4302.867247645539,3001.7939842687906,1438.0583333333332,1231.9170728566583,84.55324186701768,985.167979126784,864.247808801068,45.47012696326243,645.0238958170505,534.0306759651535,45.853712899018646,681.9567144341424,344.8477455708261,611.1921401429258,59.83653477660409,246.3834145713316,216.061952200267,186.9107365878037,275.0364630643166
2008-05-01,1691.8333333333333,253.77500000000003,1438.0583333333332,12450.168837287092,0.0,0.0,14351.294631834613,0.0,851.5047124677991,0.0,0.0,0.0,0.0,7.615504511683821,3091.1365485757988,4106.877270672331,0.0,0.0,0.0,0.0,0.0,0.0,0.0,0.0,0.0,0.0,0.0,0.0,0.0,75.27977774298284,1882.8354521666577,2408.681406390515,0.0,0.0,0.0,0.0,0.0,0.0,0.0,0.0,0.0,0.0,0.0,0.0,746.1316132534369,2269.0205928667738,0.0,0.0,0.0,0.0,0.0,0.0,0.0,0.0,0.0,0.0,27652.968181589506,7205.629323759814,4366.796636300155,3015.1522061202104,1438.0583333333332,1232.19699845189,84.91705171265761,985.5336582853266,868.3727167888342,45.91139020600554,648.185856600801,537.7414097854876,46.515058160696654,683.275616455959,347.1199393773498,609.8486640586488,60.06873054588992,246.43939969037797,217.09317919720854,188.20949342492065,274.4318988263919
2008-06-01,1691.8333333333333,253.77500000000003,1438.0583333333332,12491.93360353195,0.0,0.0,14230.058188045461,0.0,1051.476511150794,0.0,0.0,0.0,0.0,6.676348448029396,3058.431155314436,4207.575439384796,0.0,0.0,0.0,0.0,0.0,0.0,0.0,0.0,0.0,0.0,0.0,0.0,0.0,68.65181154201308,1879.3183895190762,2481.3259908997243,0.0,0.0,0.0,0.0,0.0,0.0,0.0,0.0,0.0,0.0,0.0,0.0,725.7936954028098,2305.0744975014163,0.0,0.0,0.0,0.0,0.0,0.0,0.0,0.0,0.0,0.0,27773.468302728208,7272.6829431472615,4429.296191960813,3030.868192904226,1438.0583333333332,1232.2789769919016,85.2792352027318,985.7575987615121,872.3769604688215,46.32701890524292,651.2795375916256,541.6171942803735,47.162787650593884,684.9486815928237,349.5319163605669,608.8856017488986,60.34709305990957,246.45579539838025,218.09424011720537,189.56601799813072,273.99852078700434
2008-07-01,1691.8333333333333,253.77500000000003,1438.0583333333332,12532.351445829645,0.0,0.0,14028.096642397844,96.45776040975669,1237.1765972004887,0.0,0.0,0.0,0.0,5.856915471441022,3027.8384745855647,4301.86057793251,0.0,0.0,0.0,0.0,0.0,0.0,0.0,0.0,0.0,0.0,0.0,0.0,0.0,62.59721790417386,1876.7446154401414,2550.830475611295,0.0,0.0,0.0,0.0,0.0,0.0,0.0,0.0,0.0,0.0,0.0,0.0,705.342782110006,2343.5041481449584,0.0,0.0,0.0,0.0,0.0,0.0,0.0,0.0,0.0,0.0,27894.082445837732,7335.555967989516,4490.17230895561,3048.8469302549647,1438.0583333333332,1231.8032573364887,85.64093288731166,985.8231815935213,876.2331298876379,46.71702686362967,654.2827203516161,545.6118701048357,47.79473325198383,686.938257244137,352.0511762822428,608.2897391367092,60.66978075668921,246.36065146729769,219.05828247190948,190.9641545366925,273.7303826115191
2008-08-01,1691.8333333333333,253.77500000000003,1438.0583333333332,12571.42974603505,0.0,0.0,13815.819679401426,198.04092648132445,1429.878496725013,0.0,0.0,0.0,0.0,5.141025241513421,2999.0241566520795,4389.852879347607,0.0,0.0,0.0,0.0,0.0,0.0,0.0,0.0,0.0,0.0,0.0,0.0,0.0,57.06657299185293,1874.9769549593543,2617.2116739958224,0.0,0.0,0.0,0.0,0.0,0.0,0.0,0.0,0.0,0.0,0.0,0.0,684.7637421237334,2384.210769690159,0.0,0.0,0.0,0.0,0.0,0.0,0.0,0.0,0.0,0.0,28015.168848642814,7394.0180612412005,4549.2552019470295,3068.9745118138926,1438.0583333333332,1230.9684110859405,86.00351944231491,985.4426058691911,879.900602626547,47.07990999095871,657.1748474157284,549.682970269299,48.40898415501029,689.2070720933333,354.6477155681432,608.0449075908267,61.03458294357875,246.19368221718804,219.97515065663674,192.38903959425463,273.620208415872
2008-09-01,1691.8333333333333,253.77500000000003,1438.0583333333332,12609.181233009189,0.0,0.0,13593.769046587162,304.4461680064966,1629.601589267933,0.0,0.0,0.0,0.0,4.514995931441915,2971.748545613788,4471.7682818621515,0.0,0.0,0.0,0.0,0.0,0.0,0.0,0.0,0.0,0.0,0.0,0.0,0.0,52.01459308157263,1873.878430975296,2680.4930145349863,0.0,0.0,0.0,0.0,0.0,0.0,0.0,0.0,0.0,0.0,0.0,0.0,664.0492376653725,2427.0721644606288,0.0,0.0,0.0,0.0,0.0,0.0,0.0,0.0,0.0,0.0,28136.998036870777,7448.031823407381,4606.386038591855,3091.121402126001,1438.0583333333332,1229.861208562676,86.3679365426887,984.7747288687524,883.345620863646,47.415345838925646,659.9254519699102,553.7908620292674,49.00375329581772,691.718629849999,357.29393067504435,608.1327538314554,61.438985706434906,245.97224171253515,220.8364052159115,193.82680171024356,273.6597392241549
2008-10-01,1691.8333333333333,253.77500000000003,1438.0583333333332,12645.622784284194,0.0,0.0,13362.451179256894,415.3912774191425,1836.340453618103,0.0,0.0,0.0,0.0,3.9671152437956447,2945.8162254583913,4547.870265075016,0.0,0.0,0.0,0.0,0.0,0.0,0.0,0.0,0.0,0.0,0.0,0.0,0.0,47.39990595500866,1873.3146047205432,2740.7047888325483,0.0,0.0,0.0,0.0,0.0,0.0,0.0,0.0,0.0,0.0,0.0,0.0,643.20021656345,2471.9446947192055,0.0,0.0,0.0,0.0,0.0,0.0,0.0,0.0,0.0,0.0,28259.805694578332,7497.653605777203,4661.4192995081,3115.1449112826554,1438.0583333333332,1228.5157327738598,86.73494285192155,983.8889668501408,886.5435813078788,47.72360317244025,662.5092156477344,557.8985545758953,49.5774001555934,694.4370749263243,359.9640603190238,608.5333437063681,61.880222063301716,245.7031465547719,221.6358953269697,195.26449410156334,273.8400046678656
2008-11-01,1691.8333333333333,253.77500000000003,1438.0583333333332,12680.77455163037,0.0,0.0,13122.380943583954,530.5779717967878,2050.069073589675,0.0,0.0,0.0,0.0,3.4872897496293156,2921.0523108620314,4618.444658142959,0.0,0.0,0.0,0.0,0.0,0.0,0.0,0.0,0.0,0.0,0.0,0.0,0.0,43.18481742958337,1873.1565482917363,2797.885289312082,0.0,0.0,0.0,0.0,0.0,0.0,0.0,0.0,0.0,0.0,0.0,0.0,622.2260530763681,2518.665304348601,0.0,0.0,0.0,0.0,0.0,0.0,0.0,0.0,0.0,0.0,28383.802540600787,7542.98425875462,4714.226655033402,3140.891357424969,1438.0583333333332,1226.9562798240263,87.10520748685433,982.8125862190878,889.4766946954423,48.00523854622833,664.907685980909,561.9718599202456,50.12847053536202,697.3273995128345,362.634060474332,609.2256380176788,62.355315352842524,245.3912559648052,222.3691736738606,196.69015097208595,274.1515371079554
2008-12-01,1691.8333333333333,253.77500000000003,1438.0583333333332,12714.659294341276,0.0,0.0,12874.098249957939,649.6779588800644,2270.742604316345,0.0,0.0,0.0,0.0,3.0667966786880063,2897.297161020327,4683.791700337943,0.0,0.0,0.0,0.0,0.0,0.0,0.0,0.0,0.0,0.0,0.0,0.0,0.0,39.33501979562501,1873.2827016154363,2852.0811855264574,0.0,0.0,0.0,0.0,0.0,0.0,0.0,0.0,0.0,0.0,0.0,0.0,601.144423260231,2567.0537391591065,0.0,0.0,0.0,0.0,0.0,0.0,0.0,0.0,0.0,0.0,28509.178107495623,7584.155658036959,4764.698906937519,3168.1981624193377,1438.0583333333332,1225.2034360353337,87.4793304031611,981.5650238592211,892.1326134334811,48.26101114340216,667.1075210215818,565.9795522527797,50.65571686468513,700.3558098578831,365.28170894815963,610.1878841666718,62.861120696842804,245.04068720706667,223.03315335837027,198.0928432884729,274.5845478750023
2009-01-01,1772.8333333333333,253.77500000000003,1438.0583333333332,12747.301853930567,0.0,0.0,12618.174211092028,772.328001652636,2498.29844964951,0.0,0.0,0.0,0.0,2.698082639875912,2874.4039870950196,4744.220955577011,0.0,0.0,0.0,0.0,0.0,0.0,0.0,0.0,0.0,0.0,0.0,0.0,0.0,35.81928642206798,1873.5800309679234,2903.347479707447,0.0,0.0,0.0,0.0,0.0,0.0,0.0,0.0,0.0,0.0,0.0,0.0,579.9809304051278,2616.9149689672204,0.0,0.0,0.0,0.0,0.0,0.0,0.0,0.0,0.0,0.0,28636.10251632474,7621.323025311907,4812.7467970974385,3196.895899372348,1438.0583333333332,1223.2760738131255,87.85785069108735,980.162748828267,894.5035476063313,48.49183394698705,669.0994600751108,569.893463112183,51.158106803008835,703.4900452559764,367.8867089643068,611.3979432584199,63.39436504454563,244.65521476262506,223.62588690158282,199.46271208926404,275.12907446628896
2009-02-01,1772.8333333333333,265.925,1506.9083333333333,12802.48519982834,0.0,0.0,12378.225938893154,905.2313215465597,2746.4706271034,0.0,0.0,0.0,0.0,2.3745962320036478,2852.2374979256806,4800.04746576706,0.0,0.0,0.0,0.0,0.0,0.0,0.0,0.0,0.0,0.0,0.0,0.0,0.0,32.60917557817995,1873.9447190805954,2951.747223667582,0.0,0.0,0.0,0.0,0.0,0.0,0.0,0.0,0.0,0.0,0.0,0.0,558.7684949263476,2668.041777854275,0.0,0.0,0.0,0.0,0.0,0.0,0.0,0.0,0.0,0.0,28832.413087371453,7654.659559924745,4858.301118326357,3226.8102727806227,1506.9083333333333,1222.1517134889402,88.44604879768254,978.6208590505005,896.5855850087312,48.698739428931425,670.8776607047485,573.6885149526074,51.634824523221454,706.6996198150499,370.43075102291897,612.8335608877863,63.95168551898956,244.43034269778798,224.1463962521828,200.7909802334126,275.77510239950385
2009-03-01,1772.8333333333333,265.925,1506.9083333333333,12856.022945041366,0.0,0.0,12130.209384710188,1041.0277722680883,3001.7338842472805,0.0,0.0,0.0,0.0,2.090961010224624,2831.015469946564,4851.965978805427,0.0,0.0,0.0,0.0,0.0,0.0,0.0,0.0,0.0,0.0,0.0,0.0,0.0,29.678754438675302,1874.2825041847123,2997.3510800757817,0.0,0.0,0.0,0.0,0.0,0.0,0.0,0.0,0.0,0.0,0.0,0.0,537.5465343301216,2720.217478984799,0.0,0.0,0.0,0.0,0.0,0.0,0.0,0.0,0.0,0.0,29028.993986266923,7685.072409762215,4901.312338699169,3257.7640133149207,1506.9083333333333,1221.2919771227116,89.03545731515183,977.7213707911523,898.4212063774369,48.88731457624413,672.4391887565484,577.342701539562,52.0852668441745,709.9559932074774,372.8975347191948,614.4725868909894,64.52966578218977,244.25839542454227,224.60530159435922,202.06994553884667,276.5126641009452
2009-04-01,1772.8333333333333,265.925,1506.9083333333333,12907.88941414176,0.0,0.0,11874.73520889704,1179.2204359807529,3263.946428755876,0.0,0.0,0.0,0.0,1.842202187795409,2810.72331809799,4900.434884884407,0.0,0.0,0.0,0.0,0.0,0.0,0.0,0.0,0.0,0.0,0.0,0.0,0.0,27.00462590836266,1874.5233285342379,3040.252061083762,0.0,0.0,0.0,0.0,0.0,0.0,0.0,0.0,0.0,0.0,0.0,0.0,516.3599689038326,2773.2187038953184,0.0,0.0,0.0,0.0,0.0,0.0,0.0,0.0,0.0,0.0,29225.791487775427,7713.000405170193,4941.780015526362,3289.578672799151,1506.9083333333333,1220.4852333379988,89.62559848682908,977.0335816981693,900.045281907627,49.06030438256532,673.8159047830777,580.8388802298977,52.50934772598717,713.2326787907596,375.2727560007153,616.2931491077766,65.1248701987526,244.0970466675997,225.01132047690675,203.29360808046417,277.33191709849945
2009-05-01,1772.8333333333333,265.925,1506.9083333333333,12958.079660553816,0.0,0.0,11612.476791062018,1319.296838219416,3532.9564511198837,0.0,0.0,0.0,0.0,1.623897499235632,2791.2560391981556,4945.810391032335,0.0,0.0,0.0,0.0,0.0,0.0,0.0,0.0,0.0,0.0,0.0,0.0,0.0,24.56547743101358,1874.6158040755913,3080.560490000558,0.0,0.0,0.0,0.0,0.0,0.0,0.0,0.0,0.0,0.0,0.0,0.0,495.25830703731225,2826.819075630242,0.0,0.0,0.0,0.0,0.0,0.0,0.0,0.0,0.0,0.0,29422.809740955134,7738.690327729726,4979.741771507162,3322.077382667554,1506.9083333333333,1219.6736817856925,90.2163983679357,976.3881866703991,901.4790067964168,49.21925731444926,675.0339614307202,584.1648177973564,52.90738765256367,716.5065041587106,377.5452721494335,618.2738981464723,65.73389614383551,243.93473635713843,225.3697516991042,204.4576862290747,278.2232541659125
2009-06-01,1772.8333333333333,265.925,1506.9083333333333,12912.481861378272,94.84329540395025,0.0,11344.146057077482,1460.733679656072,3808.5983134480057,0.0,0.0,0.0,0.0,1.4321838684234902,2772.485487231557,4988.4102986071875,0.0,0.0,0.0,0.0,0.0,0.0,0.0,0.0,0.0,0.0,0.0,0.0,0.0,22.34172204613968,1874.5200812167734,3118.3969532433125,0.0,0.0,0.0,0.0,0.0,0.0,0.0,0.0,0.0,0.0,0.0,0.0,474.2945700007566,2880.792908627698,0.0,0.0,0.0,0.0,0.0,0.0,0.0,0.0,0.0,0.0,29620.803206963777,7762.327969707168,5015.258756506226,3355.087478628455,1506.9083333333333,1218.1058685182381,90.80899880644998,975.738945428554,902.7359711723352,49.36533227877557,676.1092550973126,587.3123069584669,53.27996313978268,719.7577755488414,379.7071315682816,620.3942556723069,66.35342391563385,243.62117370364757,225.6839927930838,205.5593074354634,279.1774150525381
2009-07-01,1772.8333333333333,265.925,1506.9083333333333,12854.528174203471,201.519479358262,0.0,11070.478732895643,1603.0034391996257,4090.6905278609265,0.0,0.0,0.0,0.0,1.263556713957144,2754.0233433314133,5028.236627395299,0.0,0.0,0.0,0.0,0.0,0.0,0.0,0.0,0.0,0.0,0.0,0.0,0.0,20.315286057531267,1874.2035807487143,3153.8877774193875,0.0,0.0,0.0,0.0,0.0,0.0,0.0,0.0,0.0,0.0,0.0,0.0,453.5240235202602,2934.91844946755,0.0,0.0,0.0,0.0,0.0,0.0,0.0,0.0,0.0,0.0,29820.22035351793,7783.52352744067,5048.4066442256335,3388.44247298781,1506.9083333333333,1216.0859824127213,91.40520436646685,974.4846948145905,903.7930219102943,49.496115170795974,677.0519783792514,590.276278777005,53.627811882838735,722.9698401427723,381.7529995230035,622.6345916080494,66.9802541753678,243.21719648254418,225.94825547757358,206.59669757195175,280.1855662236222
2009-08-01,1772.8333333333333,265.925,1506.9083333333333,12783.367895238047,321.18779403308764,0.0,10792.223289096164,1745.5813269244431,4379.034300784053,0.0,0.0,0.0,0.0,1.1150916295942583,2735.625843075157,5065.413057214568,0.0,0.0,0.0,0.0,0.0,0.0,0.0,0.0,0.0,0.0,0.0,0.0,0.0,18.469330672479515,1873.6275250786607,3187.1503242482468,0.0,0.0,0.0,0.0,0.0,0.0,0.0,0.0,0.0,0.0,0.0,0.0,433.00282180683087,2988.980607507231,0.0,0.0,0.0,0.0,0.0,0.0,0.0,0.0,0.0,0.0,30021.394606075795,7802.153991919318,5079.247179999387,3421.983429314062,1506.9083333333333,1213.727893762449,92.0061870130165,972.8687859301771,904.627521748449,49.61079970307735,677.8447664327207,593.0526942548724,53.95153640409477,726.1286065894806,383.6795812050533,624.9763164739524,67.61133378927619,242.74557875248973,226.15688043711225,207.56844298920535,281.2393424132785
2009-09-01,1772.8333333333333,265.925,1506.9083333333333,12698.11875689251,455.0209661501308,0.0,10510.132029840728,1887.9519400112129,4673.412389194141,0.0,0.0,0.0,0.0,0.9842908096089913,2717.114646141723,5100.104742923919,0.0,0.0,0.0,0.0,0.0,0.0,0.0,0.0,0.0,0.0,0.0,0.0,0.0,16.788249329870304,1872.7477560119473,3218.2925564710754,0.0,0.0,0.0,0.0,0.0,0.0,0.0,0.0,0.0,0.0,0.0,0.0,412.78654145811504,3042.77253271543,0.0,0.0,0.0,0.0,0.0,0.0,0.0,0.0,0.0,0.0,30224.63608208872,7818.203679875251,5107.828561812893,3455.559074173545,1506.9083333333333,1211.05394550337,92.6129118170378,970.9823150099592,905.2233819966959,49.709245057333135,678.4706413113367,595.6376559306996,54.251603567130914,729.221225326341,385.4842512656671,627.4018230622058,68.24375740465206,242.21078910067394,226.30584549917398,208.47317957574484,282.3308203779926
2009-10-01,1772.8333333333333,265.925,1506.9083333333333,12597.933232033001,604.1559018337296,0.0,10224.953747464011,2029.615257268792,4973.58825061387,0.0,0.0,0.0,0.0,0.8689931053544163,2698.338576200492,5132.479365928951,0.0,0.0,0.0,0.0,0.0,0.0,0.0,0.0,0.0,0.0,0.0,0.0,0.0,15.257664699086003,1871.5177097050635,3247.415042903687,0.0,0.0,0.0,0.0,0.0,0.0,0.0,0.0,0.0,0.0,0.0,0.0,392.9288407516028,3096.0966141493104,0.0,0.0,0.0,0.0,0.0,0.0,0.0,0.0,0.0,0.0,30430.246389213407,7831.686935234797,5134.1904173078365,3489.0254549009132,1506.9083333333333,1208.0717299854966,93.226296223154,968.843156402696,905.5683984261112,49.791502617037374,678.917536497522,598.0272869499826,54.528394052595885,732.235479039168,387.16447635495473,629.8943383164313,68.87475999536795,241.61434599709926,226.3920996065278,209.3095504324939,283.4524522423941
2009-11-01,1772.8333333333333,265.925,1506.9083333333333,12482.055141830817,769.6429144618727,0.0,9937.42764913102,2170.0917605567556,5279.305538755992,0.0,0.0,0.0,0.0,0.7673194098806291,2679.165724535291,5162.70051377633,0.0,0.0,0.0,0.0,0.0,0.0,0.0,0.0,0.0,0.0,0.0,0.0,0.0,13.864382269199758,1869.8902559771986,3274.6120759193095,0.0,0.0,0.0,0.0,0.0,0.0,0.0,0.0,0.0,0.0,0.0,0.0,373.48034912440073,3148.7652609692177,0.0,0.0,0.0,0.0,0.0,0.0,0.0,0.0,0.0,0.0,30638.523004736453,7842.633557721501,5158.366714165708,3522.2456100936183,1506.9083333333333,1204.7844790663626,93.8472387439165,966.4573839883974,905.6530368717429,49.857724629950354,679.1762988195834,600.2177701306766,54.78223183103579,735.1596225915259,388.7177365174887,632.4377579100413,69.50170948877928,240.95689581327247,226.41325921793572,210.07621954573682,284.5969910595186
2009-12-01,1772.8333333333333,265.925,1506.9083333333333,12349.874256806477,952.3928563780888,0.0,9648.278353291724,2308.926577651852,5590.288010184876,0.0,0.0,0.0,0.0,0.6776304150510764,2659.479919528556,5190.925559529867,0.0,0.0,0.0,0.0,0.0,0.0,0.0,0.0,0.0,0.0,0.0,0.0,0.0,12.596322408416235,1867.8189366636332,3299.97241364824,0.0,0.0,0.0,0.0,0.0,0.0,0.0,0.0,0.0,0.0,0.0,0.0,354.4877927504616,3200.601535905069,0.0,0.0,0.0,0.0,0.0,0.0,0.0,0.0,0.0,0.0,30849.760054313014,7851.083109473475,5180.38767272029,3555.0893286555306,1506.9083333333333,1201.1946570851542,94.47662667161688,963.8275832530901,905.4699031480213,49.908128353096245,679.2397776538071,602.2054153634383,55.01340373578733,737.9823174354626,390.1415505849398,635.016497727383,70.12210114616704,240.23893141703078,226.36747578700533,210.7718953772034,285.75742397732233
2010-01-01,1872.9166666666667,265.925,1506.9083333333333,12200.977866582185,1153.1250948972495,0.0,9343.39667756256,2435.0084096968035,5884.002769762433,48.04969731123502,0.0,0.0,0.0,0.5984924666067917,2639.178786150974,5217.305131054244,0.0,0.0,0.0,0.0,0.0,0.0,0.0,0.0,0.0,0.0,0.0,0.0,0.0,11.442443071892878,1865.2588659571602,3323.579883027146,0.0,0.0,0.0,0.0,0.0,0.0,0.0,0.0,0.0,0.0,0.0,0.0,335.99334046703,3251.439653313785,0.0,0.0,0.0,0.0,0.0,0.0,0.0,0.0,0.0,0.0,31064.560515812464,7857.082409671824,5200.281192056199,3587.432993780815,1506.9083333333333,1196.9920639271184,95.11580790676676,960.9557256681234,905.013445385619,49.942980084153135,679.102427361016,603.9867338518118,55.22217417329503,740.6925937362955,391.4335199862349,637.6153748730446,70.73355373796633,239.39841278542363,226.25336134640474,211.3953568481341,286.92691869287006
2010-02-01,1872.9166666666667,280.93750000000006,1591.9791666666667,12051.624721621783,1385.3445727400504,0.0,9053.748286912294,2569.688244242665,6205.240200024961,101.58019086534594,0.0,0.0,0.0,0.5286226472616827,2618.0673278817053,5241.85298059228,0.0,0.0,0.0,0.0,0.0,0.0,0.0,0.0,0.0,0.0,0.0,0.0,0.0,10.392659862851716,1862.1673942310488,3345.5139146791435,0.0,0.0,0.0,0.0,0.0,0.0,0.0,0.0,0.0,0.0,0.0,0.0,318.03414963023454,3301.125348287668,0.0,0.0,0.0,0.0,0.0,0.0,0.0,0.0,0.0,0.0,31367.226216407096,7860.448931121247,5218.073968773044,3619.1594979179026,1591.979166666667,1193.29372514555,96.0197409264876,957.5936511416947,904.265999872941,49.96112981933177,678.7600840392142,605.5585105904831,55.408796731885346,743.2798331838522,392.5913770036777,640.2195217576233,71.333807289141,238.65874502910995,226.06649996823526,211.9454787066691,288.09878479093044
2010-03-01,1872.9166666666667,280.93750000000006,1591.9791666666667,11883.995896375009,1637.3149095472586,0.0,8763.567886354856,2700.740180923556,6529.078041153158,157.94813489870336,0.0,0.0,0.0,0.4669909313510845,2596.3474200035134,5265.047187749088,0.0,0.0,0.0,0.0,0.0,0.0,0.0,0.0,0.0,0.0,0.0,0.0,0.0,9.43773683116516,1858.5000496191215,3365.8449677213475,0.0,0.0,0.0,0.0,0.0,0.0,0.0,0.0,0.0,0.0,0.0,0.0,300.6420897537631,3349.516122501749,0.0,0.0,0.0,0.0,0.0,0.0,0.0,0.0,0.0,0.0,31672.64504925254,7861.861598683952,5233.782754171634,3650.1582122555124,1591.979166666667,1189.6283361742335,96.93199764699175,954.6349801164401,903.2555649395881,49.96674761414694,678.1994999047058,606.9172907312482,55.573423774867564,745.733768850507,393.6130318838141,642.8143324253499,71.92072208754787,237.92566723484666,225.81389123489703,212.42105175593684,289.2664495914074
2010-04-01,1872.9166666666667,280.93750000000006,1591.9791666666667,11698.470018828662,1908.9318172682265,0.0,8473.545541047102,2827.767274551214,6854.971842205446,217.27971714493805,0.0,0.0,0.0,0.4126321083878989,2574.037619927013,5287.14615051205,0.0,0.0,0.0,0.0,0.0,0.0,0.0,0.0,0.0,0.0,0.0,0.0,0.0,8.569319009467685,1854.2260069965525,3384.6515558008427,0.0,0.0,0.0,0.0,0.0,0.0,0.0,0.0,0.0,0.0,0.0,0.0,283.8435865516185,3396.481069204636,0.0,0.0,0.0,0.0,0.0,0.0,0.0,0.0,0.0,0.0,31980.96621104559,7861.59640254745,5247.4468818068635,3680.3246557562543,1591.979166666667,1185.8052636984353,97.85274117517916,951.7026689393869,902.0062987337345,49.96156634215443,677.4416737046911,608.0611041587497,55.71644191071168,748.0441218092537,394.4962389753113,645.3854061111986,72.49227219731272,237.161052739687,225.50157468343363,212.8213864555624,290.4234327500393
2010-05-01,1872.9166666666667,280.93750000000006,1591.9791666666667,11495.756421936303,2199.772308533354,0.0,8184.356367623728,2950.413268222721,7182.364894018998,279.71892643978686,0.0,0.0,0.0,0.36467784353146127,2551.08602653146,5308.312262937843,0.0,0.0,0.0,0.0,0.0,0.0,0.0,0.0,0.0,0.0,0.0,0.0,0.0,7.779812263545349,1849.3252977611014,3402.018196561178,0.0,0.0,0.0,0.0,0.0,0.0,0.0,0.0,0.0,0.0,0.0,0.0,267.659709837376,3441.9014807787507,0.0,0.0,0.0,0.0,0.0,0.0,0.0,0.0,0.0,0.0,32292.38218677489,7859.762967312834,5259.123306585825,3709.5611906161266,1591.979166666667,1181.7807066479454,98.78248428942182,948.6442109587483,900.5313613258719,49.946284867491144,676.5047240503009,608.9898751562341,55.83842411510578,750.2016910643465,395.2397177031873,647.9185976502984,73.04655855417604,236.35614132958904,225.13284033146797,213.14645630468192,291.5633689426342
2010-06-01,1872.9166666666667,280.93750000000006,1591.9791666666667,11276.87098743559,2509.1062307729253,0.0,7896.651062860196,3068.358682839445,7510.687099906255,345.422783611173,0.0,0.0,0.0,0.32236147336249044,2527.42826027343,5328.677367335976,0.0,0.0,0.0,0.0,0.0,0.0,0.0,0.0,0.0,0.0,0.0,0.0,0.0,7.062275688424041,1843.783804697097,3418.0307281719206,0.0,0.0,0.0,0.0,0.0,0.0,0.0,0.0,0.0,0.0,0.0,0.0,252.106356899175,3485.671522007383,0.0,0.0,0.0,0.0,0.0,0.0,0.0,0.0,0.0,0.0,32607.096847425582,7856.427989082768,5268.876808557441,3737.777878906558,1591.979166666667,1177.5426844662018,99.72182154976967,945.4245653183564,898.8382167148984,49.921326833523835,675.398520994404,609.7049899066719,55.940029116115134,752.1986475592164,395.8434188515522,650.4001337126866,73.5818255560988,235.5085368932403,224.7095541787246,213.39674646733516,292.68006017070894
2010-07-01,1872.9166666666667,280.93750000000006,1591.9791666666667,11043.098354536756,2835.9259915715947,0.0,7611.051209327593,3181.3185927306367,7839.3569156827825,414.55856484125957,0.0,0.0,0.0,0.2850091268251386,2503.0009501634163,5348.357619238003,0.0,0.0,0.0,0.0,0.0,0.0,0.0,0.0,0.0,0.0,0.0,0.0,0.0,6.410350453654656,1837.5905414079812,3432.773803713811,0.0,0.0,0.0,0.0,0.0,0.0,0.0,0.0,0.0,0.0,0.0,0.0,237.19446787114575,3527.6985274611725,0.0,0.0,0.0,0.0,0.0,0.0,0.0,0.0,0.0,0.0,32925.30962869062,7851.643578528245,5276.7746955754465,3764.892995332318,1591.979166666667,1173.0950275878995,100.67135781373057,942.0341475729615,896.9315382557628,49.88701987172358,674.1286625361738,610.2088296683353,56.02194584983361,754.0283169813144,396.30824343933676,652.816729159829,74.09647139572517,234.61900551757984,224.2328845639407,213.57309038391733,293.767528121923
2010-08-01,1872.9166666666667,280.93750000000006,1591.9791666666667,10795.9417230853,3178.9905802070725,0.0,7328.146239234563,3289.040738989366,8167.7843854075,487.3018045572794,0.0,0.0,0.0,0.25202943706902303,2477.748053454552,5367.460970255038,0.0,0.0,0.0,0.0,0.0,0.0,0.0,0.0,0.0,0.0,0.0,0.0,0.0,5.818207811483809,1830.736242913822,3446.329614243024,0.0,0.0,0.0,0.0,0.0,0.0,0.0,0.0,0.0,0.0,0.0,0.0,222.93027636754738,3567.902927538332,0.0,0.0,0.0,0.0,0.0,0.0,0.0,0.0,0.0,0.0,33247.20547148108,7845.461053146659,5282.88406496833,3790.833203905879,1591.979166666667,1168.451654424126,101.63166945208124,938.4760220703197,894.8148639462972,49.84368350560756,672.6986536918221,610.5044200807695,56.084864218168946,755.6849403223239,396.6357392844179,655.1556796782556,74.58905207050661,233.69033088482516,223.7037159865743,213.6765470282693,294.820055855215
2010-09-01,1872.9166666666667,280.93750000000006,1591.9791666666667,10537.064547395286,3536.878955518978,0.0,7048.491233709866,3391.303708476547,8495.374697914931,563.8346339094146,0.0,0.0,0.0,0.22290357017810686,2451.624222408379,5386.091851363018,0.0,0.0,0.0,0.0,0.0,0.0,0.0,0.0,0.0,0.0,0.0,0.0,0.0,5.280507147772988,1823.2127226888545,3458.7773274123183,0.0,0.0,0.0,0.0,0.0,0.0,0.0,0.0,0.0,0.0,0.0,0.0,209.3156015252307,3606.2178898272987,0.0,0.0,0.0,0.0,0.0,0.0,0.0,0.0,0.0,0.0,33572.94777692502,7837.938977341575,5287.270557248946,3815.5334913525294,1591.979166666667,1163.6335825105803,102.60327871214557,934.7613235393009,892.4917184983276,49.79168084605783,671.111147959723,610.5951942721822,56.12946140692492,757.1634968755409,396.8278730525002,657.4049286868527,75.0582807420381,232.726716502116,223.1229296245819,213.70831799526377,295.8322179090837
2010-10-01,1872.9166666666667,280.93750000000006,1591.9791666666667,10268.229296550478,3908.0474430243457,0.0,6772.6052589989395,3487.9151337888447,8821.53200115762,644.344254794751,0.0,0.0,0.0,0.19717610562323531,2424.5965012114866,5404.354315975843,0.0,0.0,0.0,0.0,0.0,0.0,0.0,0.0,0.0,0.0,0.0,0.0,0.0,4.79235954644907,1815.0127270512585,3470.1930072251976,0.0,0.0,0.0,0.0,0.0,0.0,0.0,0.0,0.0,0.0,0.0,0.0,196.34818036600032,3642.588760955345,0.0,0.0,0.0,0.0,0.0,0.0,0.0,0.0,0.0,0.0,33902.67338831498,7829.147993292952,5289.9980938229055,3838.9369413213453,1591.979166666667,1158.6669196392193,103.58663563748985,930.9068660084642,889.9664000807463,49.731449976339,669.3687888737456,610.4848537240209,56.15639857576525,758.4595870546875,396.88687627691843,659.553113071923,75.50302401394792,231.7333839278438,222.49160002018658,213.6696988034073,296.79890088236533
2010-11-01,1872.9166666666667,280.93750000000006,1591.9791666666667,9991.238204470914,4290.886146613975,0.0,6500.970112313276,3578.7099307759345,9145.663314559013,729.0214467560887,0.0,0.0,0.0,0.17444692860786423,2396.644921921946,5422.354121691027,0.0,0.0,0.0,0.0,0.0,0.0,0.0,0.0,0.0,0.0,0.0,0.0,0.0,4.349294487345828,1806.130105998921,3480.649860717277,0.0,0.0,0.0,0.0,0.0,0.0,0.0,0.0,0.0,0.0,0.0,0.0,184.02203389748692,3676.9723843079732,0.0,0.0,0.0,0.0,0.0,0.0,0.0,0.0,0.0,0.0,34236.489155489195,7819.1734905415815,5291.129261203544,3860.99441820546,1591.979166666667,1153.5812940929798,104.58210539946485,926.9335357113755,887.2445168732856,49.66352158946198,667.4748000605598,610.1773082454072,56.166324434514685,759.5693671101712,396.8151549206136,661.5895937933979,75.92229643265863,230.7162588185959,221.8111292183214,213.5620578858925,297.715317207029
2010-12-01,1872.9166666666667,280.93750000000006,1591.9791666666667,9707.879963737303,4683.770359797776,0.0,6234.0294182381285,3663.5486052712636,9467.182425959303,818.0590495790149,0.0,0.0,0.0,0.15436413618216882,2367.7623273152367,5440.199985301702,0.0,0.0,0.0,0.0,0.0,0.0,0.0,0.0,0.0,0.0,0.0,0.0,0.0,3.9472285116415584,1796.5601666400557,3490.2186947853593,0.0,0.0,0.0,0.0,0.0,0.0,0.0,0.0,0.0,0.0,0.0,0.0,172.32785715569992,3709.336356690199,0.0,0.0,0.0,0.0,0.0,0.0,0.0,0.0,0.0,0.0,34574.46982258279,7808.116676753121,5290.726089937057,3881.6642138458988,1591.979166666667,1148.4085395866946,105.5899599863843,922.8650352743839,884.3333226521668,49.588526410676174,665.4333876549642,609.6766758417998,56.15988307965084,760.4895269458835,396.6152503595147,663.5044770755022,76.31525422994228,229.68170791733885,221.0833306630417,213.38683654462992,298.57701468397596
2011-01-01,1969.0,280.93750000000006,1591.9791666666667,9419.884993828808,5085.104266444193,0.0,5972.188046367212,3742.315660388358,9785.513687121938,911.650388649969,0.0,0.0,0.0,0.13661788675000425,2337.953648458744,5458.004159851693,0.0,0.0,0.0,0.0,0.0,0.0,0.0,0.0,0.0,0.0,0.0,0.0,0.0,3.582435379682121,1786.300108213597,3498.9684901407286,0.0,0.0,0.0,0.0,0.0,0.0,0.0,0.0,0.0,0.0,0.0,0.0,161.25342209004376,3739.6582735647658,0.0,0.0,0.0,0.0,0.0,0.0,0.0,0.0,0.0,0.0,34916.65704280048,7796.094426197187,5288.851033734008,3900.9116956548096,1591.979166666667,1143.1815728814543,106.61037356752782,918.7268316693558,881.2418874464572,49.50719477883478,663.2499919891251,608.9873241465997,56.137724045574046,761.2173016886961,396.28983929716986,665.2886308309076,76.68118904887834,228.6363145762908,220.3104718616143,213.14556345130987,299.37988387390834
2011-02-01,1969.0,295.35,1673.6499999999999,9133.362488521583,5517.246381889667,0.0,5722.340551736844,3825.9195888361196,10129.040607340416,1015.8627144772671,0.0,0.0,0.0,0.12093509238241267,2307.234813986447,5475.88245126201,0.0,0.0,0.0,0.0,0.0,0.0,0.0,0.0,0.0,0.0,0.0,0.0,0.0,3.2515176138721373,1775.349463901021,3506.9670178802053,0.0,0.0,0.0,0.0,0.0,0.0,0.0,0.0,0.0,0.0,0.0,0.0,150.7839823271058,3767.9249991646248,0.0,0.0,0.0,0.0,0.0,0.0,0.0,0.0,0.0,0.0,35343.7723328019,7783.23820034084,5285.567999395098,3918.7089814917304,1673.6499999999999,1138.6477165784015,107.8869934201783,914.5452583051634,877.9811339120361,49.420350249473024,660.9314155848429,608.1139369358575,56.1005129878957,761.750507652289,395.8417606952898,666.9336996719004,77.01952214346757,227.72954331568025,219.49528347800901,212.8398779275501,300.1201648523552
2011-03-01,1969.0,295.35,1673.6499999999999,8844.73310771262,5955.210863682176,0.0,5477.606110536903,3902.905335470853,10468.080182814276,1125.2870943280727,0.0,0.0,0.0,0.10708792174379367,2275.8446194003336,5494.2784546662215,0.0,0.0,0.0,0.0,0.0,0.0,0.0,0.0,0.0,0.0,0.0,0.0,0.0,2.951379488128713,1763.710496628473,3514.281440220441,0.0,0.0,0.0,0.0,0.0,0.0,0.0,0.0,0.0,0.0,0.0,0.0,140.9026699480293,3794.1319854513563,0.0,0.0,0.0,0.0,0.0,0.0,0.0,0.0,0.0,0.0,35773.8226945449,7770.230161988298,5280.943316337042,3935.0346553993854,1673.6499999999999,1134.4267382117373,109.17290004526117,910.9181732627212,874.5939860781352,49.332225537127336,658.485850434027,607.0615916798038,56.04894181227816,762.0875938278526,395.2740590083074,668.432120593247,77.3297993269495,226.8853476423474,218.6484965195338,212.4715570879313,300.7944542669611
2011-04-01,1969.0,295.35,1673.6499999999999,8555.443554385523,6397.574381207425,0.0,5238.29183434452,3973.180462495754,10802.023504593662,1240.110077400845,0.0,0.0,0.0,0.09486284438746936,2243.8759046730725,5513.438076557007,0.0,0.0,0.0,0.0,0.0,0.0,0.0,0.0,0.0,0.0,0.0,0.0,0.0,2.679221305256246,1751.3980136986047,3520.99053165007,0.0,0.0,0.0,0.0,0.0,0.0,0.0,0.0,0.0,0.0,0.0,0.0,131.5908760629953,3818.282653186564,0.0,0.0,0.0,0.0,0.0,0.0,0.0,0.0,0.0,0.0,36206.62381442773,7757.408844074467,5275.06776665393,3949.8735292495594,1673.6499999999999,1130.3815457101186,110.46733440704674,907.5413905693899,871.1177404722315,49.24496801099061,655.9454895586014,605.8370826076907,55.98395663402249,762.2277009181582,394.59003459187244,669.7771402984936,77.6116867694915,226.0763091420237,217.77943511805788,212.04297891269175,301.3997131343221
2011-05-01,1969.0,295.35,1673.6499999999999,8266.797550420271,6843.039326697279,0.0,5004.677289639185,4036.68446618157,11130.30380424607,1360.513596414577,0.0,0.0,0.0,0.08406745414767028,2211.3655764169534,5533.52461739625,0.0,0.0,0.0,0.0,0.0,0.0,0.0,0.0,0.0,0.0,0.0,0.0,0.0,2.4324998853119233,1738.43597874299,3527.1817973026186,0.0,0.0,0.0,0.0,0.0,0.0,0.0,0.0,0.0,0.0,0.0,0.0,122.82863962731864,3840.388540280872,0.0,0.0,0.0,0.0,0.0,0.0,0.0,0.0,0.0,0.0,36642.01603359895,7744.974261267351,5268.05027593092,3963.2171799081907,1673.6499999999999,1126.4880002798502,111.76978054892635,904.305236568095,867.579956941436,49.15986243377497,653.3383053541736,604.4491008567378,55.90669522044557,762.1715308591704,393.79410369499897,670.9628987289174,77.86498147162229,225.29760005596998,216.894989235359,211.55718529985822,301.9333044280128
2011-06-01,1969.0,295.35,1673.6499999999999,7979.952020096216,7290.434644403757,0.0,4777.00988119958,4093.3828643502316,11452.39151248456,1486.671796202077,0.0,0.0,0.0,0.07453135442503953,2178.336196521516,5554.673287188642,0.0,0.0,0.0,0.0,0.0,0.0,0.0,0.0,0.0,0.0,0.0,0.0,0.0,2.2088952085376676,1724.8531304312453,3532.9470279747907,0.0,0.0,0.0,0.0,0.0,0.0,0.0,0.0,0.0,0.0,0.0,0.0,114.59499548810591,3860.469531508671,0.0,0.0,0.0,0.0,0.0,0.0,0.0,0.0,0.0,0.0,37079.84271873642,7733.084015064582,5260.0090536145735,3975.0645269967767,1673.6499999999999,1122.7435509729544,113.07976388957681,901.1904002238803,864.0027242860774,49.07792214057033,650.684967706077,602.9077942671922,55.8183957552321,761.9215098577843,392.8919155568796,671.9845400532082,78.08962271598942,224.54871019459083,216.00068107151935,211.01772799351727,302.3930430239437
2011-07-01,1969.0,295.35,1673.6499999999999,7695.91950938275,7738.713245887777,0.0,4555.503353063532,4143.264265001018,11767.793417722558,1618.7484641283572,0.0,0.0,0.0,0.06610435932720453,2144.805582359225,5577.002320304962,0.0,0.0,0.0,0.0,0.0,0.0,0.0,0.0,0.0,0.0,0.0,0.0,0.0,2.0062873058105275,1710.6804775983196,3538.3796764456565,0.0,0.0,0.0,0.0,0.0,0.0,0.0,0.0,0.0,0.0,0.0,0.0,106.8682693874299,3878.553819492189,0.0,0.0,0.0,0.0,0.0,0.0,0.0,0.0,0.0,0.0,37519.942255186,7721.874007023514,5251.066441349787,3985.422088879619,1673.6499999999999,1119.153656695449,114.39680685498068,898.1948407783635,860.4048286762832,49.000020143149044,648.0020432145581,601.2243126616563,55.72034281768832,761.4815633029395,391.89006627367496,672.8383039219589,78.28569749813842,223.83073133908974,215.1012071690708,210.4285094315797,302.7772367648815
2011-08-01,1969.0,295.35,1673.6499999999999,7415.574624406793,8186.946441953298,0.0,4340.337556344561,4186.338550398717,12076.053004170264,1756.8946488131185,0.0,0.0,0.0,0.05865437359668622,2110.791018015837,5600.617436604294,0.0,0.0,0.0,0.0,0.0,0.0,0.0,0.0,0.0,0.0,0.0,0.0,0.0,1.8227386214627037,1695.9498450930596,3543.5732019827265,0.0,0.0,0.0,0.0,0.0,0.0,0.0,0.0,0.0,0.0,0.0,0.0,99.62632947023151,3894.677608248302,0.0,0.0,0.0,0.0,0.0,0.0,0.0,0.0,0.0,0.0,37962.144826086755,7711.467108993727,5241.345785697249,3994.3039377185337,1673.6499999999999,1115.7270170286006,115.72041207063867,895.3229253563592,856.8028787445917,48.92694464155471,645.3036215072124,599.410442999812,55.613834159939074,760.856870387154,390.7958032300766,673.5215813689078,78.45344017933188,223.14540340572006,214.20071968614792,209.79365504993416,303.0847116160085
2011-09-01,1969.0,295.35,1673.6499999999999,7139.663008908872,8634.316310459351,0.0,4131.658916471402,4222.635626643636,12376.751142145069,1901.246372428161,0.0,0.0,0.0,0.05206531289284652,2076.3113531974186,5625.613887536663,0.0,0.0,0.0,0.0,0.0,0.0,0.0,0.0,0.0,0.0,0.0,0.0,0.0,1.656479365320153,1680.6930294847443,3548.619947117847,0.0,0.0,0.0,0.0,0.0,0.0,0.0,0.0,0.0,0.0,0.0,0.0,92.84680377704862,3908.884628356712,0.0,0.0,0.0,0.0,0.0,0.0,0.0,0.0,0.0,0.0,38406.271377056495,7701.977306046974,5230.969455967912,4001.7314321337603,1673.6499999999999,1112.4733930355783,117.05005599468313,892.5816136228805,853.2119905922523,48.859425977381235,642.6021590584437,597.4783293730601,55.50015941472059,760.0536577027772,389.6167879498778,674.0329354966091,78.59322779094052,222.49467860711562,213.30299764806307,209.117415280571,303.31482097347407
2011-10-01,1969.0,295.35,1673.6499999999999,6868.811758507911,9080.106854582114,0.0,3929.5813538941798,4252.204509891091,12669.50681591731,2051.9224216866915,0.0,0.0,0.0,0.046235181872813176,2041.3880492901644,5652.077364801071,0.0,0.0,0.0,0.0,0.0,0.0,0.0,0.0,0.0,0.0,0.0,0.0,0.0,1.5058946114946206,1664.9413487751199,3553.6103543883496,0.0,0.0,0.0,0.0,0.0,0.0,0.0,0.0,0.0,0.0,0.0,0.0,86.50727009495455,3921.225526412339,0.0,0.0,0.0,0.0,0.0,0.0,0.0,0.0,0.0,0.0,38852.1337144793,7693.511649273109,5220.057597774964,4007.7327965072936,1673.6499999999999,1109.4024750545952,118.38518752260121,889.9787144284627,849.6462215425644,48.79814965976565,639.9089929441892,595.440264586063,55.38058655107338,759.0790286156241,388.36091409248905,674.3720919526346,78.70557228945665,221.880495010919,212.4115553856411,208.40409260512203,303.4674413786855
2011-11-01,1969.0,295.35,1673.6499999999999,6603.540455223455,9523.694636070459,0.0,3734.187524391975,4275.112628703831,12953.977749096272,2209.022231377123,0.0,0.0,0.0,0.04107434764623438,2006.0456458428137,5680.084304912354,0.0,0.0,0.0,0.0,0.0,0.0,0.0,0.0,0.0,0.0,0.0,0.0,0.0,1.3695124889096775,1648.7254495446336,3558.63240871802,0.0,0.0,0.0,0.0,0.0,0.0,0.0,0.0,0.0,0.0,0.0,0.0,80.5854221825152,3931.757180615894,0.0,0.0,0.0,0.0,0.0,0.0,0.0,0.0,0.0,0.0,39299.53522486312,7686.171025102814,5208.727370751563,4012.342602798409,1673.6499999999999,1106.5232603959869,119.72522922019314,887.5219800436762,846.1188424230002,48.7437617909681,637.2346661569233,593.3085396991733,55.256353481150576,757.94082255489,387.03617198094094,674.5399054314579,78.7911108323161,221.30465207919733,211.52971060575004,207.65798889471063,303.542957444156
2011-12-01,1969.0,295.35,1673.6499999999999,6344.272237648638,9964.5393899546,0.0,3545.5302929847467,4291.445266243348,13229.86085962562,2372.6238870415964,0.0,0.0,0.0,0.036504012111319026,1970.3118984112007,5709.7018598373115,0.0,0.0,0.0,0.0,0.0,0.0,0.0,0.0,0.0,0.0,0.0,0.0,0.0,1.2459931355771487,1632.075278118768,3563.7712295099836,0.0,0.0,0.0,0.0,0.0,0.0,0.0,0.0,0.0,0.0,0.0,0.0,75.05921485508526,3940.5419835062485,0.0,0.0,0.0,0.0,0.0,0.0,0.0,0.0,0.0,0.0,39748.271933498545,7680.050262260624,5197.092500764329,4015.601198361334,1673.6499999999999,1103.8437113697557,121.06957999480939,885.2186083167895,842.6425009743966,48.6968701845843,634.5891318172501,591.0953387552527,55.128663049232244,756.6474987917645,385.6505508044626,674.5383083104447,78.85059491839483,220.7687422739511,210.66062524359916,206.8833685643384,303.54223873970005
2012-01-01,2026.9166666666667,295.35,1673.6499999999999,6091.344508240305,10402.174970581911,0.0,3363.6343793080478,4301.30508684679,13496.892510182219,2542.7822795333655,0.0,0.0,0.0,0.03245487130851891,1934.2177331831147,5740.98768915248,0.0,0.0,0.0,0.0,0.0,0.0,0.0,0.0,0.0,0.0,0.0,0.0,0.0,1.1341182708884734,1615.02015068093,3569.1087599256693,0.0,0.0,0.0,0.0,0.0,0.0,0.0,0.0,0.0,0.0,0.0,0.0,69.90698953045298,3947.6471227376464,0.0,0.0,0.0,0.0,0.0,0.0,0.0,0.0,0.0,0.0,40198.13373469264,7675.237877206903,5185.263028877488,4017.5541122680993,1673.6499999999999,1101.3705802745133,122.41761853139731,883.0749690958046,839.2293110594068,48.65804309011798,631.9818757307975,588.8126674537073,54.99868016393067,755.2080397616589,384.21197019091426,674.3702468238189,78.88487903107476,220.2741160549026,209.8073277648517,206.08443360879753,303.46661107071844
2012-02-01,2026.9166666666667,304.0375000000001,1722.8791666666666,5845.592323623106,10852.740259943374,0.0,3190.0100095307175,4310.036914332165,13773.058798634851,2726.1766620456856,0.0,0.0,0.0,0.028865943649006656,1897.7971056334234,5773.98967117691,0.0,0.0,0.0,0.0,0.0,0.0,0.0,0.0,0.0,0.0,0.0,0.0,0.0,1.0327813356416808,1597.5888774233626,3574.7235168398424,0.0,0.0,0.0,0.0,0.0,0.0,0.0,0.0,0.0,0.0,0.0,0.0,65.10758140090714,3953.143881956242,0.0,0.0,0.0,0.0,0.0,0.0,0.0,0.0,0.0,0.0,40697.6149681099,7671.815642753982,5173.345175598846,4018.251463357149,1722.8791666666666,1099.4823200609621,123.91561318844347,881.0964642196107,835.8908919651672,48.62780670736548,629.421983294555,586.4723063647557,54.86753020844074,753.6318695980101,382.7282338449097,674.0396092639634,78.89490924499691,219.89646401219238,208.9727229912918,205.2653072276645,303.3178241687835
2012-03-01,2026.9166666666667,304.0375000000001,1722.8791666666666,5606.560161468289,11299.284492985062,0.0,3022.947762129208,4312.281106485814,14039.656687547033,2916.3784394717327,0.0,0.0,0.0,0.025685270999146304,1861.1785020856637,5808.935628490959,0.0,0.0,0.0,0.0,0.0,0.0,0.0,0.0,0.0,0.0,0.0,0.0,0.0,0.9409781933229018,1579.8099105416818,3580.690376566623,0.0,0.0,0.0,0.0,0.0,0.0,0.0,0.0,0.0,0.0,0.0,0.0,60.640409251056255,3957.106976459158,0.0,0.0,0.0,0.0,0.0,0.0,0.0,0.0,0.0,0.0,41197.10865008714,7670.139815847622,5161.441265301628,4017.747385710214,1722.8791666666666,1097.9712769907617,125.41420769866282,879.5858560487698,832.65330093512,48.60838202000885,626.9181689738754,584.08578113316,54.736298137934696,751.928784232271,381.2069991370912,673.5511497664174,78.88171211278768,219.59425539815228,208.16332523378,204.430023396606,303.0980173948878
2012-04-01,2026.9166666666667,304.0375000000001,1722.8791666666666,5374.393944498493,11741.49345607354,0.0,2862.4065251557176,4308.176174602349,14296.497202335164,3113.3540274557654,0.0,0.0,0.0,0.022865490382687505,1824.4257928832058,5845.9286674959985,0.0,0.0,0.0,0.0,0.0,0.0,0.0,0.0,0.0,0.0,0.0,0.0,0.0,0.8578017210835118,1561.7158018211617,3587.0865597760785,0.0,0.0,0.0,0.0,0.0,0.0,0.0,0.0,0.0,0.0,0.0,0.0,56.485548953630804,3959.6139324500277,0.0,0.0,0.0,0.0,0.0,0.0,0.0,0.0,0.0,0.0,41696.321330121034,7670.377325869587,5149.660163318324,4016.0994814036585,1722.8791666666666,1096.7540911096721,126.91239552310901,878.3770215926094,829.5386728669698,48.60083870367508,624.48997570134,581.6649414383706,54.60613624627333,750.1088901080836,379.65575773655405,672.9104103805167,78.84638403412212,219.35081822193436,207.38466821674245,203.5827295034297,302.8096846712325
2012-05-01,2026.9166666666667,304.0375000000001,1722.8791666666666,5149.188810374221,12179.10250236523,0.0,2708.3265337133125,4297.8826830445305,14543.442012223692,3317.0434180952143,0.0,0.0,0.0,0.02036437195669242,1787.5781792901062,5885.013077199193,0.0,0.0,0.0,0.0,0.0,0.0,0.0,0.0,0.0,0.0,0.0,0.0,0.0,0.7824311097397796,1543.3416938755906,3593.989803581633,0.0,0.0,0.0,0.0,0.0,0.0,0.0,0.0,0.0,0.0,0.0,0.0,52.62379817552044,3960.744859442075,0.0,0.0,0.0,0.0,0.0,0.0,0.0,0.0,0.0,0.0,42194.9859598162,7672.611620861256,5138.113928566963,4013.368657617595,1722.8791666666666,1095.805200987874,128.40933598361812,877.4032728877378,826.5632513706213,48.60572652544705,622.1540046502273,579.222008657715,54.47823074387182,748.1829376442251,378.0822119349409,672.1236735519763,78.79008787831324,219.16104019757475,206.64081284265532,202.72770303020025,302.4556530983893
2012-06-01,2026.9166666666667,304.0375000000001,1722.8791666666666,4930.995841363996,12611.888975973106,0.0,2560.630044984029,4281.58015337055,14780.397585426834,3527.3582954815365,0.0,0.0,0.0,0.018144637557071148,1750.6686382783175,5926.206085677412,0.0,0.0,0.0,0.0,0.0,0.0,0.0,0.0,0.0,0.0,0.0,0.0,0.0,0.7141224008533844,1524.7234143508103,3601.4757367063476,0.0,0.0,0.0,0.0,0.0,0.0,0.0,0.0,0.0,0.0,0.0,0.0,49.03672436935352,3960.5822795878985,0.0,0.0,0.0,0.0,0.0,0.0,0.0,0.0,0.0,0.0,42692.850896600045,7676.892868593287,5126.913273458011,4009.619003957252,1722.8791666666666,1095.1099788205738,129.90425106224419,876.6441607902993,823.7395291777259,48.62338388054246,619.9224385279659,576.7693386878178,54.35375494910036,746.1623260811018,376.4943056275148,671.1979292744405,78.71405046700353,219.0219957641147,205.93488229443147,201.86926854073621,302.0390681734982
2012-07-01,2026.9166666666667,304.0375000000001,1722.8791666666666,4719.828154991689,13039.6663696995,0.0,2419.2226727354687,4259.465257644605,15007.311956743673,3744.1812494005944,0.0,0.0,0.0,0.016173467203385195,1713.7284730434906,5969.504817652209,0.0,0.0,0.0,0.0,0.0,0.0,0.0,0.0,0.0,0.0,0.0,0.0,0.0,0.6522009703556861,1505.8964565881686,3609.6162349216415,0.0,0.0,0.0,0.0,0.0,0.0,0.0,0.0,0.0,0.0,0.0,0.0,45.706695333494835,3959.2108457767104,0.0,0.0,0.0,0.0,0.0,0.0,0.0,0.0,0.0,0.0,43189.67566121553,7683.249464162903,5116.164892480166,4004.917541110205,1722.8791666666666,1094.6579994720832,131.39640257910682,876.087983056459,821.0773770845692,48.6540104022732,617.8046468832945,574.3191865827976,54.23384127834296,744.0589312480239,374.9000701470816,670.1408364272825,78.61955766778878,218.9315998944166,205.2693442711423,201.01171530397914,301.56337639227706
2012-08-01,2026.9166666666667,304.0375000000001,1722.8791666666666,4515.666321364096,13462.279468037606,0.0,2283.9949324233926,4231.750385121943,15224.17225187198,3967.365596528958,0.0,0.0,0.0,0.01442199533430773,1676.78945515165,6014.889610617787,0.0,0.0,0.0,0.0,0.0,0.0,0.0,0.0,0.0,0.0,0.0,0.0,0.0,0.5960551867602066,1486.8954613531337,3618.4783229704412,0.0,0.0,0.0,0.0,0.0,0.0,0.0,0.0,0.0,0.0,0.0,0.0,42.61689582998536,3956.7169575119024,0.0,0.0,0.0,0.0,0.0,0.0,0.0,0.0,0.0,0.0,43685.22895534797,7691.693487764771,5105.969839510335,3999.333853341888,1722.8791666666666,1094.4407896665734,132.88508286764375,875.7263995776666,818.5846743020169,48.69770167378315,615.808032813427,571.8835217539889,54.11956402926839,741.8849313138238,373.3074712788184,668.9606718128487,78.50794726929192,218.88815793331463,204.64616857550422,200.1592326138961,301.03230231578186
2012-09-01,2026.9166666666667,304.0375000000001,1722.8791666666666,4318.46314496395,13879.600217179246,0.0,2154.8238535768005,4198.662314239325,15431.002449346295,4196.735672417226,0.0,0.0,0.0,0.012864839837206519,1639.8849673891543,6062.326086723657,0.0,0.0,0.0,0.0,0.0,0.0,0.0,0.0,0.0,0.0,0.0,0.0,0.0,0.5451308336779327,1467.7539922440828,3628.1234027858945,0.0,0.0,0.0,0.0,0.0,0.0,0.0,0.0,0.0,0.0,0.0,0.0,39.75133351251388,3953.188310667886,0.0,0.0,0.0,0.0,0.0,0.0,0.0,0.0,0.0,0.0,44179.28765172284,7702.223918952648,5096.422525863655,3992.9396441804,1722.8791666666666,1094.4508600001436,134.36961029165658,875.5526317332587,816.2677307279156,48.754469817465946,613.9385057265126,569.4738907345879,54.01192863860472,739.6526586371597,371.7242891400928,667.6662674407377,78.38060035790947,218.89017200002868,204.0669326819789,199.31586175710578,300.4498203483319
2012-10-01,2026.9166666666667,304.0375000000001,1722.8791666666666,4128.14786647644,14291.524184035436,0.0,2031.5745951342294,4160.440885683643,15627.861189890857,4432.087536762482,0.0,0.0,0.0,0.011479675990216893,1603.0505999776883,6111.766680984049,0.0,0.0,0.0,0.0,0.0,0.0,0.0,0.0,0.0,0.0,0.0,0.0,0.0,0.49892608260794313,1448.5044997769323,3638.606712089393,0.0,0.0,0.0,0.0,0.0,0.0,0.0,0.0,0.0,0.0,0.0,0.0,37.09483658924641,3948.7134130553413,0.0,0.0,0.0,0.0,0.0,0.0,0.0,0.0,0.0,0.0,44671.63625798309,7714.828760637728,5087.610137948934,3985.8082496445877,1722.8791666666666,1094.6812334775957,135.84932692882194,875.560688000115,814.1315891488005,48.82425716623478,612.2007980459367,567.1013206029927,53.91186535766593,737.3744760698879,370.15802897748216,666.2669387612907,78.23893184440998,218.9362466955191,203.53289728720011,198.48546221104743,299.8201224425808
2012-11-01,2026.9166666666667,304.0375000000001,1722.8791666666666,3944.62984400144,14697.967509623773,0.0,1914.1020285538768,4117.337631754864,15814.83955637517,4673.190055559334,0.0,0.0,0.0,0.010246857508984384,1566.3244032541052,6163.151903672805,0.0,0.0,0.0,0.0,0.0,0.0,0.0,0.0,0.0,0.0,0.0,0.0,0.0,0.45698689446178964,1429.178405202827,3649.97695580491,0.0,0.0,0.0,0.0,0.0,0.0,0.0,0.0,0.0,0.0,0.0,0.0,34.633044995443626,3943.381091626959,0.0,0.0,0.0,0.0,0.0,0.0,0.0,0.0,0.0,0.0,45162.06662586845,7729.486553784419,5079.612347902199,3978.0141366224025,1722.8791666666666,1095.1252014498823,137.32359733141848,875.7449867820766,812.1802476037074,48.906946031677045,610.5986918616004,564.7762558714362,53.82022603689856,735.0626747106552,368.61585839194527,664.7724070625305,78.08438067030929,219.0250402899764,203.04506190092684,197.67168955500267,299.1475831781387
2012-12-01,2026.9166666666667,304.0375000000001,1722.8791666666666,3767.801771531902,15098.864283104573,0.0,1802.2522670555966,4069.614344571599,15992.058795576446,4919.7863277008155,0.0,0.0,0.0,0.009149082769646039,1529.7469078254887,6216.411467191176,0.0,0.0,0.0,0.0,0.0,0.0,0.0,0.0,0.0,0.0,0.0,0.0,0.0,0.41890278024917577,1409.8062549194585,3662.276070882357,0.0,0.0,0.0,0.0,0.0,0.0,0.0,0.0,0.0,0.0,0.0,0.0,32.35239638866869,3937.280011202437,0.0,0.0,0.0,0.0,0.0,0.0,0.0,0.0,0.0,0.0,45650.37778954093,7746.167524099434,5072.501228582065,3969.6324075911057,1722.8791666666666,1095.7761951462185,138.79180784797404,876.1001611599058,810.4168247553453,49.00236608954586,609.1351857027805,562.5085219284367,53.73778309447789,732.7293902008254,367.10456631643353,663.1927191258961,77.91840010622636,219.15523902924363,202.60420618883632,196.87798267495285,298.43672360665323
2013-01-01,2118.0,304.0375000000001,1722.8791666666666,3597.542488816879,15494.164275591334,0.0,1695.8641268002289,4017.54158061644,16159.667976444034,5171.595421812636,0.0,0.0,0.0,0.008171102504829556,1493.3609812210107,6271.465344493887,0.0,0.0,0.0,0.0,0.0,0.0,0.0,0.0,0.0,0.0,0.0,0.0,0.0,0.384302880879716,1390.4179096448104,3675.539095870471,0.0,0.0,0.0,0.0,0.0,0.0,0.0,0.0,0.0,0.0,0.0,0.0,30.240107964247144,3930.498219121197,0.0,0.0,0.0,0.0,0.0,0.0,0.0,0.0,0.0,0.0,46136.37587008155,7764.834496817402,5066.341308396161,3960.7383270854443,1722.8791666666666,1096.6277198885844,140.2533662374635,876.6209561169749,808.8436831529841,49.11030024602179,607.812618566509,560.3073087630019,53.66522998941142,730.3865347727268,365.6305392534839,661.5381668326988,77.74244844568993,219.32554397771682,202.21092078824603,196.10755806705063,297.69217507471444
2013-02-01,2118.0,317.70000000000005,1800.3,3433.941652435602,15910.52649409178,0.0,1595.6076683444862,3966.63684079133,16345.217103671313,5444.596353400277,0.0,0.0,0.0,0.007299464643602398,1457.2115679348744,6328.224794868676,0.0,0.0,0.0,0.0,0.0,0.0,0.0,0.0,0.0,0.0,0.0,0.0,0.0,0.35285234203611027,1371.0427423559745,3689.794123843647,0.0,0.0,0.0,0.0,0.0,0.0,0.0,0.0,0.0,0.0,0.0,0.0,28.284154880177145,3923.122725460373,0.0,0.0,0.0,0.0,0.0,0.0,0.0,0.0,0.0,0.0,46696.52611273479,7785.443662268194,5061.189718541657,3951.4068803405503,1800.2999999999997,1098.2109486274621,141.93880871930352,877.3021759108675,807.4625209463891,49.230489513687,606.632762364738,558.1811695234458,53.603182695794686,728.0457424539356,364.1997506959512,659.8192088960171,77.55798030281197,219.6421897254924,201.86563023659727,195.363409333206,296.9186440032077
2013-03-01,2118.0,317.70000000000005,1800.3,3276.6078212898515,16321.035109979046,0.0,1500.376142707962,3911.584527397987,16520.95644756471,5722.435358542719,0.0,0.0,0.0,0.006522932256531909,1421.4437728165472,6386.902488238128,0.0,0.0,0.0,0.0,0.0,0.0,0.0,0.0,0.0,0.0,0.0,0.0,0.0,0.31459404879488034,1324.058523905739,3656.1687264757174,70.09114711826683,0.0,0.0,0.0,0.0,0.0,0.0,0.0,0.0,0.0,0.0,0.0,24.364870484859622,3697.314417927795,207.1253352213932,0.0,0.0,0.0,0.0,0.0,0.0,0.0,0.0,0.0,47252.995407482274,7808.352783986932,5050.6329915485185,3928.804623634048,1800.2999999999997,1100.2168836921412,143.6138215603702,878.5687589019698,806.2944877086566,49.36514947457618,605.5968907097918,562.6349053062607,53.51871239667061,725.7183250830492,362.81776019023977,671.0754372299808,77.24514455957105,220.04337673842818,201.57362192716414,196.92221685719124,301.98394675349135
2013-04-01,2118.0,317.70000000000005,1800.3,3125.3942382130754,16725.652049347107,0.0,1409.9996388908758,3852.6679028322355,16687.055161719978,6004.733026753314,0.0,0.0,0.0,0.005830980122828209,1386.1305488568987,6447.519203635175,0.0,0.0,0.0,0.0,0.0,0.0,0.0,0.0,0.0,0.0,0.0,0.0,0.0,0.2810441507952856,1278.4123190721862,3621.9159978237894,132.71315676880982,0.0,0.0,0.0,0.0,0.0,0.0,0.0,0.0,0.0,0.0,0.0,21.119937402894216,3490.534281531296,389.81482886766423,0.0,0.0,0.0,0.0,0.0,0.0,0.0,0.0,0.0,47805.50201775659,7833.655583472197,5033.322517815581,3901.4690478018547,1800.2999999999997,1102.5160252983646,145.2773644273231,880.1735069537131,805.3558157217404,49.51489174670816,604.7208657814924,568.6579973714398,53.37334214299044,734.804178925559,365.7126884490695,685.2704878838044,76.86926687394777,220.50320505967287,201.3389539304351,199.0302990800039,308.37171954771196
2013-05-01,2118.0,317.70000000000005,1800.3,2980.1482452660493,17124.35539212829,0.0,1324.3069286280513,3790.179181517384,16843.718746996987,6291.101614532199,0.0,0.0,0.0,0.005214110869276561,1351.316626750047,6510.011706480606,0.0,0.0,0.0,0.0,0.0,0.0,0.0,0.0,0.0,0.0,0.0,0.0,0.0,0.2517403867524815,1234.3810534344923,3587.3080688106834,188.0170043618157,0.0,0.0,0.0,0.0,0.0,0.0,0.0,0.0,0.0,0.0,0.0,18.47306492182818,3304.6808287354115,549.7050164601008,0.0,0.0,0.0,0.0,0.0,0.0,0.0,0.0,0.0,48353.81010906897,7861.333547341523,5009.957866993744,3872.85891011734,1800.2999999999997,1105.0632474360928,146.92866125152958,882.0128202386918,804.6552261911806,49.67963017818476,604.0168617913054,574.2169799825843,53.1645326305575,746.5264666275284,369.6276982914359,698.6744963159958,76.46210799604637,221.0126494872185,201.16380654779516,200.9759429939045,314.40352334219807
2013-06-01,2118.0,317.70000000000005,1800.3,2840.7126325739882,17517.13529502708,0.0,1243.1258265724182,3724.4152193015398,16991.17897847144,6581.144568014962,0.0,0.0,0.0,0.00466389294229874,1317.0383713916308,6574.2852893986965,0.0,0.0,0.0,0.0,0.0,0.0,0.0,0.0,0.0,0.0,0.0,0.0,0.0,0.2261245546318374,1192.0472500429269,3552.5002768733852,236.98900597042797,0.0,0.0,0.0,0.0,0.0,0.0,0.0,0.0,0.0,0.0,0.0,16.308789750183237,3137.989830817888,689.6624187285345,0.0,0.0,0.0,0.0,0.0,0.0,0.0,0.0,0.0,48897.712519961424,7891.32832468327,4981.762657441372,3843.961039296606,1800.2999999999997,1107.8305413654177,148.56704774211727,884.0505979488743,804.1967954666108,49.859025140517105,603.4914196433855,578.7844311576434,52.90219803811424,757.5120099624776,373.24103698867987,710.3754622638676,76.03441851934502,221.5661082730835,201.0491988666527,202.5745509051752,319.6689580187404
2013-07-01,2118.0,317.70000000000005,1800.3,2706.92685400743,17903.99175960397,0.0,1166.283839487529,3655.6746733742752,17129.688175347947,6874.457998200561,0.0,0.0,0.0,0.004172871155171368,1283.328498212356,6640.226024823241,0.0,0.0,0.0,0.0,0.0,0.0,0.0,0.0,0.0,0.0,0.0,0.0,0.0,0.20365839872628533,1151.3987338850147,3517.5901775718103,280.84324783457976,0.0,0.0,0.0,0.0,0.0,0.0,0.0,0.0,0.0,0.0,0.0,14.518743917552705,2987.7442507006504,812.8375071406758,0.0,0.0,0.0,0.0,0.0,0.0,0.0,0.0,0.0,49437.02330002171,7923.558695906751,4950.035817690131,3815.100501758879,1800.2999999999997,1110.7972855432909,150.19193439642336,886.2644330923342,803.9814717073771,50.05259016147467,603.1475965999581,582.2753448763287,52.599091474869766,766.9163844975953,376.2098802524682,720.1860007146929,75.59092132062815,222.15945710865813,200.99536792684427,203.79637070671504,324.0837003216118
2013-08-01,2118.0,317.70000000000005,1800.3,2578.6280977812407,18284.933103219497,0.0,1093.608865094133,3584.255722067156,17259.515009090657,7170.632799188251,0.0,0.0,0.0,0.0037344625829947202,1250.2181415324549,6707.706975832775,0.0,0.0,0.0,0.0,0.0,0.0,0.0,0.0,0.0,0.0,0.0,0.0,0.0,0.18386654641408698,1112.3770216863077,3482.6440013802912,320.75145683088016,0.0,0.0,0.0,0.0,0.0,0.0,0.0,0.0,0.0,0.0,0.0,13.014142015737576,2851.1599943547735,922.1556920598337,0.0,0.0,0.0,0.0,0.0,0.0,0.0,0.0,0.0,49971.57359644093,7957.928851827814,4915.9563464438925,3786.3298284303446,1800.2999999999997,1113.9469144271845,151.8027891535898,888.6378284346328,804.0079282337451,50.2597442798253,602.9861037805329,584.7979229391038,52.26765208766739,774.5812745626948,378.4789741696137,728.2181591752902,75.13378871593906,222.78938288543685,201.00198205843628,204.67927302868634,327.6981716288806
2013-09-01,2118.0,317.70000000000005,1800.3,2455.6522220759407,18659.97479635686,0.0,1024.929870823331,3510.454093196737,17380.941062132064,7469.257009379633,0.0,0.0,0.0,0.0033428549526233675,1217.7378364818019,6776.592219444253,0.0,0.0,0.0,0.0,0.0,0.0,0.0,0.0,0.0,0.0,0.0,0.0,0.0,0.16634757916919218,1074.9044743751585,3447.7111438188767,357.7255325661353,0.0,0.0,0.0,0.0,0.0,0.0,0.0,0.0,0.0,0.0,0.0,11.72727393878797,2725.7550083466463,1020.1231942251729,0.0,0.0,0.0,0.0,0.0,0.0,0.0,0.0,0.0,50501.209053964565,7994.333398781007,4880.50749833934,3757.6054765106073,1800.2999999999997,1117.2654151443303,153.3991273320483,891.1575315417476,804.2731407155838,50.47984387296859,603.0059461753088,586.5361066661732,51.918687613688526,780.6386374568272,380.1186499104175,734.6986753923026,74.66431398426161,223.45308302886602,201.06828517889596,205.2876373331606,330.6144039265361
2013-10-01,2118.0,317.70000000000005,1800.3,2337.834569410922,19029.13852821293,0.0,960.0775260637533,3434.5613114507896,17494.257841782433,7769.918239568099,0.0,0.0,0.0,0.0029929131160133194,1185.917930118337,6846.739798572202,0.0,0.0,0.0,0.0,0.0,0.0,0.0,0.0,0.0,0.0,0.0,0.0,0.0,0.1507704078160985,1038.899919002153,3412.832611817831,392.5799045934045,0.0,0.0,0.0,0.0,0.0,0.0,0.0,0.0,0.0,0.0,0.0,10.608722012380339,2609.475914494816,1108.7898775565304,0.0,0.0,0.0,0.0,0.0,0.0,0.0,0.0,0.0,51025.78801648893,8032.660721603655,4844.463205821205,3728.874514063727,1800.2999999999997,1120.7405324396768,154.98050503595442,893.8123321154643,804.7728051642408,50.71220412857737,603.2048555366879,587.6881966535848,51.56095140123875,785.332740798779,381.24846933301257,739.8799396476974,74.18376359796227,224.1481064879353,201.1932012910602,205.69086882875467,332.9459728414638
2013-11-01,2118.0,317.70000000000005,1800.3,2225.010673353469,19392.451431026984,0.0,898.8847770310763,3356.863129300079,17599.764119653923,8072.206070741622,0.0,0.0,0.0,0.0026800953985814903,1154.7886610394005,6918.00404191302,0.0,0.0,0.0,0.0,0.0,0.0,0.0,0.0,0.0,0.0,0.0,0.0,0.0,0.13686466939263964,1004.2872207241035,3378.0458170746797,425.9356972490887,0.0,0.0,0.0,0.0,0.0,0.0,0.0,0.0,0.0,0.0,0.0,9.623345351999491,2500.7047755720196,1189.785304296221,0.0,0.0,0.0,0.0,0.0,0.0,0.0,0.0,0.0,51545.180201107156,8072.795383047819,4808.4055997172645,3700.11342522024,1800.2999999999997,1124.3613009107198,156.54651447105775,896.5924259517415,805.5016501038651,50.95611440371228,603.5796038731806,588.4360326893222,51.20117728779853,788.9312946310637,381.9973278248301,743.9986255644427,73.69375791010732,224.87226018214392,201.37541252596628,205.95261144126277,334.7993815039992
2013-12-01,2118.0,317.70000000000005,1800.3,2117.016870036561,19749.9454227868,0.0,841.187360219973,3277.6381267339993,17697.763533522448,8375.714359966662,0.0,0.0,0.0,0.00240037996376179,1124.380042189705,6990.2374583747305,0.0,0.0,0.0,0.0,0.0,0.0,0.0,0.0,0.0,0.0,0.0,0.0,0.0,0.12440966672896399,970.999357111043,3343.386943388301,458.24490315984076,0.0,0.0,0.0,0.0,0.0,0.0,0.0,0.0,0.0,0.0,0.0,8.746411235475215,2398.210531602773,1264.3832898763435,0.0,0.0,0.0,0.0,0.0,0.0,0.0,0.0,0.0,52059.26567326645,8114.619900944399,4772.755613325914,3671.3402327145914,1800.2999999999997,1128.1177474206931,158.09678042001332,899.4890407285759,806.4536732159551,51.21084961603881,604.1262375778988,588.9318945887305,50.84432938051921,791.6826653085029,382.48342124805947,747.2594843901228,73.196373424029,225.62354948413858,201.61341830398877,206.12616310605569,336.26676797555524
2014-01-01,2184.3333333333335,317.70000000000005,1800.3,2013.690825638351,20101.656642343063,0.0,786.8242538462447,3197.1564734302415,17788.562418264628,8680.04341232376,0.0,0.0,0.0,0.0021502005816410132,1094.72163171284,7063.29231587956,0.0,0.0,0.0,0.0,0.0,0.0,0.0,0.0,0.0,0.0,0.0,0.0,0.0,0.11322404059159014,938.9796361896899,3308.891652835921,489.82193255547014,0.0,0.0,0.0,0.0,0.0,0.0,0.0,0.0,0.0,0.0,0.0,7.960407064753344,2301.0802394350612,1333.5718227770565,0.0,0.0,0.0,0.0,0.0,0.0,0.0,0.0,0.0,52567.93402584628,8158.016097792982,4737.8064456216725,3642.612469276871,1800.2999999999997,1132.000689945431,159.6309574747307,902.4941979365545,807.6223221905088,51.475678897464235,604.8402549119663,589.2954951233884,50.49392749281843,793.7984478972423,382.80573148267484,749.8321195652719,72.69409176969117,226.40013798908618,201.9055805476272,206.25342329318593,337.4244538043723
2014-02-01,2184.3333333333335,327.6500000000001,1856.6833333333334,1914.917190176153,20467.184055110953,0.0,735.8488713474138,3117.688306945724,17891.15455328455,9000.135201831321,0.0,0.0,0.0,0.0019263908627650563,1065.8422486564932,7137.021968665897,0.0,0.0,0.0,0.0,0.0,0.0,0.0,0.0,0.0,0.0,0.0,0.0,0.0,0.10315705711864354,908.1811799511581,3274.5946796528106,520.8754912861934,0.0,0.0,0.0,0.0,0.0,0.0,0.0,0.0,0.0,0.0,0.0,7.2526428966376315,2208.6486557314997,1398.1173491451812,0.0,0.0,0.0,0.0,0.0,0.0,0.0,0.0,0.0,53126.928178696115,8202.866143713252,4703.75450794728,3614.0186477733187,1856.6833333333334,1136.3721123721432,161.31706811135456,905.6005519563449,809.0006337566374,51.74987227943718,605.7167416428816,589.6163076575592,50.15237165971513,795.4497375911021,383.0420718302025,751.8538815281424,72.18967756651188,227.27442247442858,202.25015843915935,206.3657076801457,338.33424668766406
2014-03-01,2184.3333333333335,327.6500000000001,1856.6833333333334,1820.4870776601763,20826.85565591501,0.0,687.8724880300205,3037.311015886767,17986.77991614477,9320.303895601082,0.0,0.0,0.0,0.001726249780896802,1037.817166661666,7211.516227039195,0.0,0.0,0.0,0.0,0.0,0.0,0.0,0.0,0.0,0.0,0.0,0.0,0.0,0.09408169389877077,878.5654549837147,3240.528737794609,551.5371923056681,0.0,0.0,0.0,0.0,0.0,0.0,0.0,0.0,0.0,0.0,0.0,6.613563289256074,2120.435094576543,1458.6191032851277,0.0,0.0,0.0,0.0,0.0,0.0,0.0,0.0,0.0,53679.61004923783,8249.335119950641,4670.725466777891,3585.6677611509267,1856.6833333333334,1141.016842740946,162.98462005067222,909.0976898977146,810.5942736648185,52.034439995508706,606.750475317478,589.9582885487641,49.82122793810353,796.7702348178918,383.2505999774135,753.4350847646949,71.68603667558905,228.20336854818916,202.64856841620463,206.48540099206744,339.0457881441127
2014-04-01,2184.3333333333335,327.6500000000001,1856.6833333333334,1730.245037846867,21180.70136917027,0.0,642.747244050192,2956.266276216381,18075.712507644323,9640.144816096128,0.0,0.0,0.0,0.001547267320299458,1010.6849033166797,7286.726761780607,0.0,0.0,0.0,0.0,0.0,0.0,0.0,0.0,0.0,0.0,0.0,0.0,0.0,0.08588966752699384,850.1022723785507,3206.7275136467606,581.8879682150313,0.0,0.0,0.0,0.0,0.0,0.0,0.0,0.0,0.0,0.0,0.0,6.035620939991832,2036.0910180620958,1515.5526585604007,0.0,0.0,0.0,0.0,0.0,0.0,0.0,0.0,0.0,54225.817251024164,8297.413212364607,4638.80364390787,3557.6792975624885,1856.6833333333334,1145.8431434552858,164.63298809172207,912.8134741927569,812.4060507045592,52.329331074230325,607.9457052486139,590.3659741287721,49.50155398986301,797.862184177279,383.4728875566967,754.6645634201035,71.18608434561318,229.1686286910571,203.1015126761398,206.62809094507023,339.59905353904657
2014-05-01,2184.3333333333335,327.6500000000001,1856.6833333333334,1644.0383931315134,21528.758558367088,0.0,600.3299775546344,2874.7862068308486,18158.234185983634,9959.274051211542,0.0,0.0,0.0,0.0013871739419774813,984.4684993549297,7362.549534138806,0.0,0.0,0.0,0.0,0.0,0.0,0.0,0.0,0.0,0.0,0.0,0.0,0.0,0.07848729791912204,822.7670054871129,3173.2227523287224,611.9762376500729,0.0,0.0,0.0,0.0,0.0,0.0,0.0,0.0,0.0,0.0,0.0,5.512561293000154,1955.3590064972427,1569.303784380103,0.0,0.0,0.0,0.0,0.0,0.0,0.0,0.0,0.0,54765.421373079254,8347.019420667677,4608.044482763828,3530.175352170346,1856.6833333333334,1150.8174749983173,166.2617362799122,916.6745147642287,814.4342537561889,52.634052704968894,609.3045380284194,590.8696496854855,49.194049486975246,798.8033930647589,383.7378831837019,755.6146929648545,70.69264549204775,230.1634949996634,203.60856343904723,206.8043773899199,340.0266118341845
2014-06-01,2184.3333333333335,327.6500000000001,1856.6833333333334,1561.7174570864668,21871.069573277615,0.0,560.4822371641918,2793.091824902329,18234.62825817692,10277.326559923511,0.0,0.0,0.0,0.0012439417622307168,959.185095332583,7438.864618395445,0.0,0.0,0.0,0.0,0.0,0.0,0.0,0.0,0.0,0.0,0.0,0.0,0.0,0.0717924828283977,796.537897283042,3140.0409898203684,641.8309294894507,0.0,0.0,0.0,0.0,0.0,0.0,0.0,0.0,0.0,0.0,0.0,5.038988066144268,1878.0419369189715,1620.1938782613363,0.0,0.0,0.0,0.0,0.0,0.0,0.0,0.0,0.0,55298.31591053103,8398.050957669791,4578.481609075689,3503.274803246452,1856.6833333333334,1155.9182834572052,167.8705124243514,920.6539799986539,816.6744700152072,52.94797298133437,610.8256903171417,591.489417375989,48.89914662929138,799.6533534262355,384.06527229556553,756.3455182672645,70.20838408286458,231.183656691441,204.1686175038018,207.02129608159612,340.35548322026904
2014-07-01,2184.3333333333335,327.6500000000001,1856.6833333333334,1483.1357235563798,22207.680574694856,0.0,523.0703452998941,2711.392206377211,18305.176171288316,10593.955906504138,0.0,0.0,0.0,0.0011157639009643269,934.8482340652556,7515.545297805117,0.0,0.0,0.0,0.0,0.0,0.0,0.0,0.0,0.0,0.0,0.0,0.0,0.0,0.06573257234992795,771.3941119736791,3107.2013224601665,671.4708516483176,0.0,0.0,0.0,0.0,0.0,0.0,0.0,0.0,0.0,0.0,0.0,4.61011058479999,1803.9807047159409,1668.4984613542294,0.0,0.0,0.0,0.0,0.0,0.0,0.0,0.0,0.0,55824.4109277208,8450.394647634273,4550.132018654514,3477.0892766549705,1856.6833333333334,1161.1292941245317,169.45902201904158,924.7346267657642,819.1205444476132,53.27039235366727,612.5058525114055,592.238365526821,48.61707740576034,800.4581563413883,384.46812129439286,756.907926437527,69.73575649534305,232.22585882490628,204.7801361119033,207.28342793438733,340.6085668968871
2014-08-01,2184.3333333333335,327.6500000000001,1856.6833333333334,1408.1500237677926,22538.64080988791,0.0,487.96545566177645,2629.883977431432,18370.155364591385,10908.834415604539,0.0,0.0,0.0,0.0010010318202754364,911.4689260028124,7592.462457907464,0.0,0.0,0.0,0.0,0.0,0.0,0.0,0.0,0.0,0.0,0.0,0.0,0.0,0.06024285479060876,747.3143760839266,3074.7139480070027,700.9110088761153,0.0,0.0,0.0,0.0,0.0,0.0,0.0,0.0,0.0,0.0,0.0,4.221602675514668,1733.038786159375,1714.460233372492,0.0,0.0,0.0,0.0,0.0,0.0,0.0,0.0,0.0,56343.63004694483,8503.932384942096,4522.999575821836,3451.720622207382,1856.6833333333334,1166.437198377539,171.0270157317591,928.9034352996255,821.7651199094374,53.60057808236511,614.3404083357099,593.1249312119248,48.34791995646356,801.2542971330736,384.9549375924337,757.345966643199,69.27698493746243,233.28743967550776,205.44127997735936,207.59372592417367,340.8056849894395
2014-09-01,2184.3333333333335,327.6500000000001,1856.6833333333334,1336.6206534295654,22864.002101443257,0.0,455.0435905958765,2548.751020462144,18429.83772102452,11221.653413463162,0.0,0.0,0.0,0.0008983135723192268,889.0562315735923,7669.487223771699,0.0,0.0,0.0,0.0,0.0,0.0,0.0,0.0,0.0,0.0,0.0,0.0,0.0,0.05526545083287929,724.2761019344765,3042.5793426123764,730.1665103347525,0.0,0.0,0.0,0.0,0.0,0.0,0.0,0.0,0.0,0.0,0.0,3.8695260007599748,1665.092062941981,1758.2979948638554,0.0,0.0,0.0,0.0,0.0,0.0,0.0,0.0,0.0,56855.90850041853,8558.544353658865,4497.077220332439,3427.2595838065963,1856.6833333333334,1171.8305978892383,172.5742819704059,933.1497587020312,824.6000052827073,53.93778470255655,616.323839932078,594.1545668151236,48.09162860635078,802.0714869415106,385.53120528775116,757.69847867197,68.83404667032599,234.36611957784763,206.15000132067684,207.95409838529326,340.96431540238643
2014-10-01,2184.3333333333335,327.6500000000001,1856.6833333333334,1268.4114726061816,23183.818456321093,0.0,424.1856547160558,2468.16434197998,18484.48839346064,11532.123434458981,0.0,0.0,0.0,0.0008063338550404777,867.6176061713093,7746.492706282547,0.0,0.0,0.0,0.0,0.0,0.0,0.0,0.0,0.0,0.0,0.0,0.0,0.0,0.050748476879989214,702.2549081919992,3010.787998339917,759.2546708670418,0.0,0.0,0.0,0.0,0.0,0.0,0.0,0.0,0.0,0.0,0.0,3.5502879138801315,1600.0225447301566,1800.2125127186964,0.0,0.0,0.0,0.0,0.0,0.0,0.0,0.0,0.0,57361.19175354293,8614.111118787712,4472.348325875838,3403.785345362733,1856.6833333333334,1177.299438310119,174.10064189880413,937.4644783113907,827.6164457754968,54.28126740704632,618.4500039620305,595.3308457234373,47.848052695193246,802.9346316994139,386.2004684298304,758.0001954163666,68.40867472691117,235.45988766202376,206.9041114438742,208.36579600320303,341.10008793736495
2014-11-01,2184.3333333333335,327.6500000000001,1856.6833333333334,1203.3899811828696,23498.145751078864,0.0,395.2774247778079,2388.282071664021,18534.364895970175,11839.974345432347,0.0,0.0,0.0,0.0007239561290729651,847.1591181587878,7823.355207461008,0.0,0.0,0.0,0.0,0.0,0.0,0.0,0.0,0.0,0.0,0.0,0.0,0.0,0.04664538390147979,681.2244552905486,2979.3206496280673,788.1958196511039,0.0,0.0,0.0,0.0,0.0,0.0,0.0,0.0,0.0,0.0,0.0,3.260615926226367,1537.7148711446644,1840.390185415799,0.0,0.0,0.0,0.0,0.0,0.0,0.0,0.0,0.0,57859.43447010608,8670.515049575924,4448.787569953622,3381.3656724866896,1856.6833333333334,1182.8346709489604,175.6059458212224,941.8395506480953,830.805328642234,54.63029121764856,620.7123343316226,596.656141777482,47.616948476357805,803.8651571992359,386.9650497202342,758.2824637810496,68.00236629422966,236.56693418979202,207.7013321605585,208.8296496221187,341.2271087014723
2014-12-01,2184.3333333333335,327.6500000000001,1856.6833333333334,1141.4273725732605,23807.041469584707,0.0,368.2095172410585,2309.2495710327066,18579.716397596138,12144.95537060461,0.0,0.0,0.0,0.0006501667693286453,827.6855987384971,7899.955057316705,0.0,0.0,0.0,0.0,0.0,0.0,0.0,0.0,0.0,0.0,0.0,0.0,0.0,0.0429144107108414,661.1565180996306,2948.1489133594255,817.0132311373236,0.0,0.0,0.0,0.0,0.0,0.0,0.0,0.0,0.0,0.0,0.0,2.9975388081266874,1478.0547115568136,1879.0051734515564,0.0,0.0,0.0,0.0,0.0,0.0,0.0,0.0,0.0,58350.599698632475,8727.641306221973,4426.36157700709,3360.0574238164963,1856.6833333333334,1188.4280343960181,177.09007041091905,946.2677367591683,834.1573427209557,54.98413739216713,623.1039964816755,598.132002134874,47.39798729333202,804.8818472349407,387.8264921553633,758.573700265032,67.61639564010127,237.68560687920356,208.53933568023893,209.3462007472059,341.35816511926436
2015-01-01,2266.75,327.6500000000001,1856.6833333333334,1082.3985680987544,24110.5644792132,0.0,342.8773355535957,2231.1996347037425,18620.7831785333,12446.835014221348,0.0,0.0,0.0,0.0005840611079982745,809.2007580198983,7976.177180328357,0.0,0.0,0.0,0.0,0.0,0.0,0.0,0.0,0.0,0.0,0.0,0.0,0.0,0.039518113287097006,642.0212259450378,2917.2362647301406,845.7325005798996,0.0,0.0,0.0,0.0,0.0,0.0,0.0,0.0,0.0,0.0,0.0,2.758369298060345,1420.9283910884244,1916.2205010798195,0.0,0.0,0.0,0.0,0.0,0.0,0.0,0.0,0.0,58834.658210323934,8785.378522409364,4405.029509368365,3339.9072614663046,1856.6833333333334,1194.071905144437,178.55291649743768,950.7424275168146,837.6631034307271,55.34210789869447,625.6180070407167,599.7593124180185,47.19076226142387,806.0013365334357,388.78580138766813,758.8996696553246,67.25182922830285,238.81438102888737,209.41577585768178,209.91575934630646,341.50485134489605
2015-02-01,2266.75,340.01250000000005,1926.7375,1026.198740999892,24433.116234843863,0.0,319.27337487139766,2155.4077924066373,18679.920478343964,12767.06978285044,0.0,0.0,0.0,0.0005248311757269418,791.7072880474151,8051.911453907582,0.0,0.0,0.0,0.0,0.0,0.0,0.0,0.0,0.0,0.0,0.0,0.0,0.0,0.036422946940850506,623.787410018259,2886.539271663888,874.3806060056188,0.0,0.0,0.0,0.0,0.0,0.0,0.0,0.0,0.0,0.0,0.0,2.5406863043840984,1366.2232476272445,1952.188506239366,0.0,0.0,0.0,0.0,0.0,0.0,0.0,0.0,0.0,59380.986404316194,8843.619266786172,4384.743710634707,3320.9524401709946,1926.7375,1200.2057214643244,180.2035845434244,955.2575241155497,841.3132512574235,55.70352848131609,628.2473275730454,601.5383314336307,46.99479487307355,807.2383713821405,389.843553071712,759.2836513097222,66.90954136772868,240.04114429286483,210.32831281435588,210.5384160017707,341.67764308937495
2015-03-01,2266.75,340.01250000000005,1926.7375,972.6918942040973,24750.218207868686,0.0,297.199457410992,2080.725306860434,18734.81483855924,13083.669397021893,0.0,0.0,0.0,0.000471790805456318,775.2486924218689,8127.351396236281,0.0,0.0,0.0,0.0,0.0,0.0,0.0,0.0,0.0,0.0,0.0,0.0,0.0,0.03359888787818587,606.423009068925,2856.009013937664,902.9848318429108,0.0,0.0,0.0,0.0,0.0,0.0,0.0,0.0,0.0,0.0,0.0,2.342316065654962,1313.8283672792397,1987.050912762415,0.0,0.0,0.0,0.0,0.0,0.0,0.0,0.0,0.0,59919.31910192534,8902.600560448956,4365.450453737378,3303.22159610731,1926.7375,1206.57422297382,181.83057941702756,960.1645771714595,845.1134409498547,56.06984255882176,630.9849384430677,603.4686530165767,46.80954232381961,808.6059236522073,390.99991543185996,759.7465383852174,66.59022933067469,241.31484459476397,211.2783602374637,211.21402855580183,341.8859422733478
2015-04-01,2266.75,340.01250000000005,1926.7375,921.7643239091373,25061.912655428427,0.0,276.56540576123257,2007.2523665585427,18785.641574544934,13396.416691469938,0.0,0.0,0.0,0.000424293225661343,759.8375341713447,8202.514101360572,0.0,0.0,0.0,0.0,0.0,0.0,0.0,0.0,0.0,0.0,0.0,0.0,0.0,0.03101920937264705,589.8969808554434,2825.5969352889374,931.5760016198462,0.0,0.0,0.0,0.0,0.0,0.0,0.0,0.0,0.0,0.0,0.0,2.1613124989549815,1263.6354573828628,2020.9387185919618,0.0,0.0,0.0,0.0,0.0,0.0,0.0,0.0,0.0,60449.55301767222,8962.352059825142,4347.100936973599,3286.7354884737797,1926.7375,1213.0701540247942,183.43343022833363,965.2593783790561,849.0666415851682,56.44123741770279,633.8350807123911,605.55008512132,46.634512354849235,810.1152205726445,392.2546244607749,760.3069008691365,66.29442733703797,242.6140308049588,212.26666039629205,211.94252979246198,342.13810539111137
2015-05-01,2266.75,340.01250000000005,1926.7375,873.3060388358333,25368.248559647633,0.0,257.2855648911462,1935.0791577996479,18832.579820510833,13705.12349340272,0.0,0.0,0.0,0.00038174945133556334,745.4737953082644,8277.345480162965,0.0,0.0,0.0,0.0,0.0,0.0,0.0,0.0,0.0,0.0,0.0,0.0,0.0,0.02866007544449636,574.1790991203392,2795.2550718978596,960.1861712664846,0.0,0.0,0.0,0.0,0.0,0.0,0.0,0.0,0.0,0.0,0.0,1.9959376030229607,1215.5398308829626,2053.972435847932,0.0,0.0,0.0,0.0,0.0,0.0,0.0,0.0,0.0,60971.62263508781,9022.81965722068,4329.649002360128,3271.5082043339175,1926.7375,1219.6559985548377,185.0118840295697,970.4561232198354,853.1711435145723,56.817382309724806,636.7999811888761,607.7826753844085,46.46924041793927,811.7763508068831,393.607555328858,760.9811054660195,66.02252948072541,243.93119971096746,213.2927858786431,212.72393638454298,342.4414974597087
2015-06-01,2266.75,340.01250000000005,1926.7375,827.210721163194,25669.27882810684,0.0,239.27860898613574,1864.2857375891433,18875.806403980758,14009.625583750632,0.0,0.0,0.0,0.00034363118599973396,732.1533890622688,8351.770377942075,0.0,0.0,0.0,0.0,0.0,0.0,0.0,0.0,0.0,0.0,0.0,0.0,0.0,0.026500179255743727,559.2396390471076,2764.93582165365,988.8458615260955,0.0,0.0,0.0,0.0,0.0,0.0,0.0,0.0,0.0,0.0,0.0,1.844641964897326,1169.4412587886063,2086.262376730403,0.0,0.0,0.0,0.0,0.0,0.0,0.0,0.0,0.0,61485.48588357671,9083.92411063553,4313.047822406109,3257.5482774839065,1926.7375,1226.3084718829105,186.56577962818784,975.7247988438702,857.4225581367327,57.19778729228759,639.8783576359292,610.1662833032949,46.31325428665295,813.5983470061763,395.05873899986557,761.7834625176215,65.77481133856617,245.26169437658203,214.35563953418318,213.5581991561532,342.8025581329296
2015-07-01,2266.75,340.01250000000005,1926.7375,783.3756824367686,25965.05905627133,0.0,222.46738197687762,1794.9422655817368,18915.49324401379,14309.780240200414,0.0,0.0,0.0,0.00030946649091929593,719.8703848150651,8425.703455165198,0.0,0.0,0.0,0.0,0.0,0.0,0.0,0.0,0.0,0.0,0.0,0.0,0.0,0.02452045313781498,545.0493575189311,2734.5924228522226,1017.5822075076351,0.0,0.0,0.0,0.0,0.0,0.0,0.0,0.0,0.0,0.0,0.0,1.7060457393543054,1125.244585761683,2117.9088348793043,0.0,0.0,0.0,0.0,0.0,0.0,0.0,0.0,0.0,61991.11787048091,9145.574149446753,4297.248508331926,3244.8594663803415,1926.7375,1233.0104963603237,188.09501673547032,981.0467775063285,861.8148535106783,57.58188518442657,643.0669186025495,612.7001745609394,46.16605811579309,815.5889885318336,396.6080841471417,762.7263544119176,65.5514452234809,246.6020992720647,215.45371337766957,214.4450610963288,343.22685948536287
2015-08-01,2266.75,340.01250000000005,1926.7375,741.7018130288199,26255.646826454664,0.0,206.7787469984733,1727.109374141543,18951.80598530508,14605.464634617167,0.0,0.0,0.0,0.0002745374010125095,700.7388984270352,8436.576742334173,72.50664637081684,0.0,0.0,0.0,0.0,0.0,0.0,0.0,0.0,0.0,0.0,0.0,0.0,0.022703824153875778,531.5796091460188,2704.1797635075736,1046.4177176867197,0.0,0.0,0.0,0.0,0.0,0.0,0.0,0.0,0.0,0.0,0.0,1.578920572569773,1082.8601099201255,2149.0022016657426,0.0,0.0,0.0,0.0,0.0,0.0,0.0,0.0,0.0,62488.50738054574,9209.822561669427,4282.199794164466,3233.4412321584377,1926.7375,1239.7484486086234,189.59954132654718,986.408397088259,864.1843864642457,57.975598401340704,646.3611401330087,615.3827264344046,46.027127866064305,817.7546083911653,398.25511346461064,763.8203328965508,65.35250971651803,247.94968972172464,216.04609661606142,215.3839542520416,343.7191498034478
2015-09-01,2266.75,340.01250000000005,1926.7375,702.0935254518279,26541.101251099615,0.0,192.143438414671,1660.8386069956314,18984.903208655276,14896.574600678614,0.0,0.0,0.0,0.00024379511429999681,682.9168770480004,8444.420843159794,150.16646940606938,0.0,0.0,0.0,0.0,0.0,0.0,0.0,0.0,0.0,0.0,0.0,0.0,0.021023148649298988,518.6150848295779,2673.082688542177,1074.6715395847084,0.0,0.0,0.0,0.0,0.0,0.0,0.0,0.0,0.0,0.0,0.0,1.4621727982464994,1042.2037550414848,2179.623075143279,0.0,0.0,0.0,0.0,0.0,0.0,0.0,0.0,0.0,62977.654631295634,9277.504433408978,4266.3903361051125,3223.2890029830105,1926.7375,1246.5109122214244,191.07933702868604,991.7987588868988,865.7293313758471,58.387555771497915,648.1382898481843,618.0671947265423,45.88055318099566,820.0999552754661,399.99877218236304,765.0741893705878,65.17799508030534,249.30218244428482,216.43233284396177,216.3235181542898,344.2833852167645
2015-10-01,2266.75,340.01250000000005,1926.7375,664.4586921846244,26821.482647123186,0.0,178.49591457475697,1596.172895376148,19014.93595778367,15183.023590134915,0.0,0.0,0.0,0.000216786061853777,666.4399395690701,8449.365255472838,233.13402934295715,0.0,0.0,0.0,0.0,0.0,0.0,0.0,0.0,0.0,0.0,0.0,0.0,0.01946438942497533,506.080078988186,2641.0716384806615,1102.1488865549682,0.0,0.0,0.0,0.0,0.0,0.0,0.0,0.0,0.0,0.0,0.0,1.3547923780662066,1003.1809955272339,2209.777709426374,0.0,0.0,0.0,0.0,0.0,0.0,0.0,0.0,0.0,63458.5696971773,9348.939441170927,4249.320068413241,3214.3134973316737,1926.7375,1253.2880147244346,192.53441939390376,997.2087297771395,866.952557232695,58.821164782498656,649.2969985318853,620.6464762209298,45.72079000282686,822.5344807260758,401.7436765722525,766.4837473559534,65.02623902145876,250.65760294488686,216.73813930817374,217.2262666773254,344.91768631017896
2015-11-01,2266.75,340.01250000000005,1926.7375,628.7085787372743,27096.852288817594,0.0,165.77421096952463,1533.147054368046,19042.047458948877,15464.741738072034,0.0,0.0,0.0,0.00019304166774385432,651.2865373188466,8451.377170093156,321.6113798443698,0.0,0.0,0.0,0.0,0.0,0.0,0.0,0.0,0.0,0.0,0.0,0.0,0.01801858033830341,493.95611672169565,2608.0831257376617,1128.858578163482,0.0,0.0,0.0,0.0,0.0,0.0,0.0,0.0,0.0,0.0,0.0,1.2558651648422283,965.6946643520255,2239.4229828520547,0.0,0.0,0.0,0.0,0.0,0.0,0.0,0.0,0.0,63931.271329913354,9424.27528029804,4230.915839203178,3206.3735123689225,1926.7375,1260.0710354961861,193.96483176775584,1002.6304117795477,868.0167806612382,59.27779199119504,650.2144179245213,623.0717766539694,45.546870480615624,824.9862705893788,403.42020954360436,768.031733187427,64.89452236470363,252.01420709923718,217.00419516530954,218.07512182888928,345.6142799343421
2015-12-01,2266.75,340.01250000000005,1926.7375,594.7577726634331,27367.27221181814,0.0,153.9197940154358,1471.7882883959146,19066.372966584306,15741.674998930488,0.0,0.0,0.0,0.00017105160154668256,634.5212559395864,8426.203749187167,412.5908452499741,19.407345167667103,11.506680867821268,0.0,0.0,0.0,0.0,0.0,0.0,0.0,0.0,0.0,0.0,0.016678365268702085,482.2430386839994,2574.1151870588837,1154.8663567638089,0.0,0.0,0.0,0.0,0.0,0.0,0.0,0.0,0.0,0.0,0.0,1.1321348156429258,913.9283593036487,2198.5755066829415,84.74406793121092,0.0,0.0,0.0,0.0,0.0,0.0,0.0,0.0,64395.78603240772,9504.230047463818,4211.241260871961,3198.3800687334437,1926.7375,1266.852155373561,195.37064213207486,1008.056828396949,868.3420281868055,59.76003304436615,651.0125854959286,625.3278006068124,45.35936322033284,827.4141080781651,404.99665482508016,770.6365143049659,64.77103740867783,253.37043107471212,217.08550704670137,218.86473021238433,346.7864314372346
2016-01-01,2351.0833333333335,340.01250000000005,1926.7375,562.5241091842121,27632.805052403386,0.0,142.87741590733273,1412.1166980916219,19088.039695176176,16013.784333946556,0.0,0.0,0.0,0.0001517807974453294,619.0964205071606,8397.308822553512,509.03615958999023,39.970283450499714,23.662874843136315,0.0,0.0,0.0,0.0,0.0,0.0,0.0,0.0,0.0,0.0,0.015434389344196582,470.89607050025324,2539.037568085755,1180.0221188106184,0.0,0.0,0.0,0.0,0.0,0.0,0.0,0.0,0.0,0.0,0.0,1.0230538063401733,865.0217558833288,2165.3505847031174,159.1489515790341,0.0,0.0,0.0,0.0,0.0,0.0,0.0,0.0,64852.14730470928,9589.074712725096,4189.971191785971,3190.5443459718203,1926.7375,1273.624287112714,196.75194058571788,1013.4817242988488,868.3662286425223,60.27083039504784,651.256521140104,627.3717973018993,45.154792924194425,830.3131532621594,406.4630703944281,773.496412600653,64.65246342312992,254.72485742254275,217.09155716063057,219.58012905566474,348.0733856702938
2016-02-01,2351.0833333333335,352.6625000000001,1998.4208333333333,531.9336434318095,27918.433322143872,0.0,132.62914223078678,1354.6572577407223,19129.118638850832,16304.642137802117,0.0,0.0,0.0,0.00013327328917190354,599.7633581725721,8320.469063711287,604.1093048013084,60.30406662752498,35.64250125860562,59.688626110905965,0.0,0.0,0.0,0.0,0.0,0.0,0.0,0.0,0.0,0.014091844391210142,455.99422958160034,2490.612775335791,1186.273301900973,37.055798593297304,0.0,0.0,0.0,0.0,0.0,0.0,0.0,0.0,0.0,0.0,0.9271115222601054,818.999952757057,2139.4365593770303,223.568842241251,0.0,0.0,0.0,0.0,0.0,0.0,0.0,0.0,65371.41414220014,9679.977053955494,4169.950197256053,3182.9324658975984,1998.4208333333333,1280.8311065130124,198.32288932946784,1018.8994296901712,867.1825735281831,60.81451493159172,651.2746714818917,626.3478652446962,44.947800767113584,833.2146951765938,407.79166824623456,776.2892733821848,64.53730186863075,256.1662213026024,216.79564338204577,219.22175283564366,349.3301730219831
2016-03-01,2351.0833333333335,352.6625000000001,1998.4208333333333,502.9048436894759,28199.0970006291,0.0,123.08785110357358,1298.858973356699,19167.382198295003,16590.420252017466,0.0,0.0,0.0,0.00011721868858675794,581.934126084235,8239.449551961943,704.0173489994785,81.61516485612228,48.15592889212516,122.53251787041984,0.0,0.0,0.0,0.0,0.0,0.0,0.0,0.0,0.0,0.012870419481345107,441.5817717378657,2440.7986300817456,1192.8702583142244,76.18497970196269,0.0,0.0,0.0,0.0,0.0,0.0,0.0,0.0,0.0,0.0,0.8420556984141283,775.5358418010974,2118.486954059126,279.07531058739426,0.0,0.0,0.0,0.0,0.0,0.0,0.0,0.0,65881.75111909132,9777.704755883013,4151.44851025528,3173.940162146032,1998.4208333333333,1288.2165821888166,199.86727425333288,1024.66488521041,865.5392348928301,61.39794839006057,650.3869301461373,624.1381148865858,44.750502260324765,834.0852127692542,407.12611240905255,778.6839520595693,64.39356446125153,257.64331643776325,216.38480872320753,218.448340210305,350.40777842680615
2016-04-01,2351.0833333333335,352.6625000000001,1998.4208333333333,475.36486070075506,28474.839758490496,0.0,114.20748807038359,1244.7253897338835,19202.895064427208,16871.080958230257,0.0,0.0,0.0,0.00010328693010520375,565.5724495727092,8154.536384086002,808.8079458450972,103.90668092386402,61.19994911641067,188.45895960390285,0.0,0.0,0.0,0.0,0.0,0.0,0.0,0.0,0.0,0.011760953436977785,427.683507917929,2389.705524178512,1199.7619402822968,117.35050824313262,0.0,0.0,0.0,0.0,0.0,0.0,0.0,0.0,0.0,0.0,0.7661578214443628,734.4400180696136,2100.8849133765552,327.1067210618278,0.0,0.0,0.0,0.0,0.0,0.0,0.0,0.0,66383.113519653,9882.482472434916,4134.513241575308,3163.1978103294414,1998.4208333333333,1295.6736320855193,201.38480068615382,1030.5732657510532,863.7720796489043,62.023469550245004,649.1544261696226,621.5225975454391,44.567097304156505,833.9659483090438,405.68977467628076,780.4953275545396,64.21297257109467,259.1347264171038,215.94301991222608,217.53290914090368,351.2228973995428
2016-05-01,2351.0833333333335,352.6625000000001,1998.4208333333333,449.2437729362623,28745.71155238737,0.0,105.94476443721612,1192.2553254804793,19235.727687733357,17146.610463666715,0.0,0.0,0.0,9.116967298021568e-05,550.5956649826111,8065.837306378945,918.486001894625,127.17924023793061,74.76991370801525,257.4503008127932,0.0,0.0,0.0,0.0,0.0,0.0,0.0,0.0,0.0,0.01075316989961228,414.3202602021038,2337.501006136965,1206.7973239827643,160.56584862519676,0.0,0.0,0.0,0.0,0.0,0.0,0.0,0.0,0.0,0.0,0.6980512749554855,695.5742355431479,2085.456794440637,369.0658046820244,0.0,0.0,0.0,0.0,0.0,0.0,0.0,0.0,66875.4935666414,9994.318519184593,4119.195192116929,3150.794885940765,1998.4208333333333,1303.1653962128146,202.87539013210693,1036.5389056684155,862.0113501473742,62.691508771364724,647.8290597366782,618.7478553079918,44.39925388706389,833.2621185595323,403.98968840453546,781.6683324521376,63.996710496071245,260.63307924256287,215.50283753684354,216.5617493577971,351.7507496034619
2016-06-01,2351.0833333333335,352.6625000000001,1998.4208333333333,424.47450157510286,29011.76580635989,0.0,98.2589976703898,1141.4430605306675,19265.950379823575,17417.013239624866,0.0,0.0,0.0,8.059789523368136e-05,536.9037376125871,7973.394790593567,1033.0193027547589,151.42987774191144,88.85897230667476,329.51211235159633,0.0,0.0,0.0,0.0,0.0,0.0,0.0,0.0,0.0,0.009836902584155852,401.5042373652589,2284.369242245065,1213.7854555613176,205.86529639669013,0.0,0.0,0.0,0.0,0.0,0.0,0.0,0.0,0.0,0.0,0.6366425966021432,658.8189078482659,2071.3315570496916,406.14782469807983,0.0,0.0,0.0,0.0,0.0,0.0,0.0,0.0,67358.90598558448,10113.11887395899,4105.534068470915,3136.9349321926393,1998.4208333333333,1310.669361199306,204.33905319092588,1042.5323169702517,860.33024933417,63.401712861681965,646.5085126105306,615.9217676374044,44.24786861913982,832.1036887988705,402.1861059501947,782.2150375425244,63.74860500447121,262.13387223986115,215.0825623335425,215.57261867309154,351.996766894136
2016-07-01,2351.0833333333335,352.6625000000001,1998.4208333333333,400.99272621578586,29273.058188606705,0.0,91.11197062262514,1092.2786533204785,19293.630855792268,17682.30927814904,0.0,0.0,0.0,7.134407518287898e-05,524.392513280389,7877.23107092162,1152.3394500365555,176.65061400618555,103.45715726266332,404.6577240374827,0.0,0.0,0.0,0.0,0.0,0.0,0.0,0.0,0.0,0.009002753338530296,389.2405867460544,2230.5003808496344,1220.5377027402637,253.29157811678658,0.0,0.0,0.0,0.0,0.0,0.0,0.0,0.0,0.0,0.0,0.5810618323999162,624.0685331670353,2057.902059984017,439.29746056078375,0.0,0.0,0.0,0.0,0.0,0.0,0.0,0.0,67833.3816727069,10238.72860088897,4093.579251206078,3121.8491155442357,1998.4208333333333,1318.1692877700102,205.77585844092073,1048.5354889594448,858.7724863786691,64.15327565079662,645.2476870006276,613.0888664720961,44.113637793369044,830.5674196127013,400.34914896431286,782.179980555263,63.47325570584182,263.63385755400196,214.69312159466728,214.58110326523362,351.98099124986834
2016-08-01,2351.0833333333335,352.6625000000001,1998.4208333333333,378.73680085017935,29529.64593414036,0.0,84.46780008454017,1044.748291490642,19318.83295665339,17942.532363168946,0.0,0.0,0.0,6.32186780544367e-05,512.961058206392,7777.37371855144,1276.3428512708726,202.82736826952248,118.55069209208924,482.8989894952214,0.0,0.0,0.0,0.0,0.0,0.0,0.0,0.0,0.0,0.008242327576238516,377.5289970887208,2176.084940344928,1226.8878014438087,302.8883306495771,0.0,0.0,0.0,0.0,0.0,0.0,0.0,0.0,0.0,0.0,0.5306142139465682,591.2291579749578,2044.7800144830458,469.2198274319576,0.0,0.0,0.0,0.0,0.0,0.0,0.0,0.0,68298.96414638805,10370.954741104215,4083.3983118546107,3105.759614103908,1998.4208333333333,1325.6524420216049,207.18591763056696,1054.5354302160083,857.3641792066977,64.9451107940652,644.0793647840019,610.2630054257131,43.99729870975592,828.7067525122571,398.5077632068625,781.6210470903106,63.17520686227482,265.13048840432094,214.34104480167443,213.59205189899959,351.72947119063974
2016-09-01,2351.0833333333335,352.6625000000001,1998.4208333333333,357.6476701606714,29781.5874144285,0.0,78.29281195294291,998.8346473935338,19341.615904155904,18197.728814203678,0.0,0.0,0.0,5.606466084612687e-05,502.5157466449122,7673.871302244889,1404.892340462809,229.93919711743928,134.1215114962202,564.2400785492682,0.0,0.0,0.0,0.0,0.0,0.0,0.0,0.0,0.0,0.007548251282742747,366.3651123037172,2121.3104654176846,1232.6994576537493,354.69484868343864,0.0,0.0,0.0,0.0,0.0,0.0,0.0,0.0,0.0,0.0,0.48473751532640613,560.2161336920146,2031.7484031196054,496.4155321078118,0.0,0.0,0.0,0.0,0.0,0.0,0.0,0.0,68755.70726229524,10509.580232580198,4075.0774323098726,3088.8648064347585,1998.4208333333333,1333.1083404918518,208.56937693431186,1060.521953617284,856.1205070582877,65.77595508301506,643.0231344050233,607.4443001537123,43.89971379604962,826.5625294263845,396.67095352671356,780.5987491651114,62.85858793042223,266.6216680983703,214.03012676457192,212.6055050537993,351.26943712430005
2016-10-01,2351.0833333333335,352.6625000000001,1998.4208333333333,337.66878630961133,30028.941838338684,0.0,72.55542198781109,954.5172267618406,19362.03383569364,18447.95649310683,0.0,0.0,0.0,4.975173861293413e-05,492.972335384209,7566.802796247664,1537.8195290674853,257.9578266184847,150.1469708974345,648.6730776708823,0.0,0.0,0.0,0.0,0.0,0.0,0.0,0.0,0.0,0.0069140861492788565,355.7417345184489,2066.359474833106,1237.86734889925,408.74220376994765,0.0,0.0,0.0,0.0,0.0,0.0,0.0,0.0,0.0,0.0,0.44296751084988023,530.952007293458,2018.7169032192132,521.2234017891736,0.0,0.0,0.0,0.0,0.0,0.0,0.0,0.0,69203.67360219843,10654.3725856379,4068.7176761069018,3071.335279812695,1998.4208333333333,1340.528082318378,209.92641111176687,1066.4866723934815,855.0498864477779,66.6444328880035,642.0903802937157,604.6282608003712,43.82187569631491,824.1681071407244,394.83879509991306,779.1706391015017,62.526994661285514,268.1056164636755,213.76247161194448,211.6198912801299,350.62678759567575
2016-11-01,2351.0833333333335,352.6625000000001,1998.4208333333333,318.7460264096882,30271.769030876727,0.0,67.226021693621,911.772704987088,19380.13550188895,18693.28397695883,0.0,0.0,0.0,4.4171201435749246e-05,484.25673960040393,7456.282578823677,1674.92783560197,286.84745007643266,166.59972733310846,736.174852695253,0.0,0.0,0.0,0.0,0.0,0.0,0.0,0.0,0.0,0.006334207370428575,345.6498178999916,2011.4081863730944,1242.3149315426303,465.0503712388275,0.0,0.0,0.0,0.0,0.0,0.0,0.0,0.0,0.0,0.0,0.404911712991623,503.3646284818872,2005.6834509126802,543.8621598746357,0.0,0.0,0.0,0.0,0.0,0.0,0.0,0.0,69642.93326281491,10805.089228302046,4064.429641261914,3053.315150982195,1998.4208333333333,1347.9039534406406,211.25721927620256,1072.4224658547025,854.1567268143272,67.54909637622619,641.2874148358335,601.8105742029652,43.76487547785597,821.5522210260672,393.0083695202413,777.3888565558727,62.183493300694686,269.58079068812805,213.5391817035818,210.6337009710378,349.8249854501427
2016-12-01,2351.0833333333335,352.6625000000001,1998.4208333333333,300.82761085747626,30510.12926180284,0.0,62.2768690809638,870.5752481331428,19395.96406531007,18933.78984640856,0.0,0.0,0.0,3.7899833063210175e-05,464.1299407878453,7241.792783237459,1782.198759500991,309.42809681157826,179.2956340308493,805.5209124757675,116.15945078812582,66.62737783174985,0.0,0.0,0.0,0.0,0.0,0.0,0.0,0.005803677754636326,336.079262272606,1956.625701614218,1245.9909761178935,523.6262005639779,0.0,0.0,0.0,0.0,0.0,0.0,0.0,0.0,0.0,0.0,0.37023036122342756,477.3855590346618,1992.7030765782754,564.4668437147841,0.0,0.0,0.0,0.0,0.0,0.0,0.0,0.0,70073.56290159305,10965.1529933642,4062.3279442464504,3034.925709688945,1998.4208333333333,1355.22917290737,212.56202164781908,1078.3231627525126,849.7598064545823,68.49959123577969,640.6175451107454,598.9893847214657,43.72985740474392,818.7407443376574,391.1768732319274,775.2995032954254,61.830682335481804,271.0458345814739,212.43995161364558,209.646284652513,348.8847764829414
2017-01-01,2383.0833333333335,352.6625000000001,1998.4208333333333,283.8640226974537,30744.083108224244,0.0,57.68198415628876,830.8968171739601,19409.556965237665,19169.5620602957,0.0,0.0,0.0,3.253440269972867e-05,445.2054474293536,7023.92722830079,1889.4472156873194,331.99277216361133,191.90811369835237,875.3420402034114,241.14158364607397,136.8918538629082,0.0,0.0,0.0,0.0,0.0,0.0,0.0,0.005313103540263085,326.8176897219614,1901.5758763573674,1247.5477614282681,584.0911723094398,0.0,0.0,0.0,0.0,0.0,0.0,0.0,0.0,0.0,0.0,0.3386231938021336,452.94882872185974,1979.8638998304782,583.1184103558585,0.0,0.0,0.0,0.0,0.0,0.0,0.0,0.0,70495.64495778532,11135.856287526223,4060.0378129205774,3016.2697621019984,1998.4208333333333,1362.4977201861134,213.84105695496237,1084.183338325896,843.9700052444438,69.51003891942649,637.3198548409367,595.9182386909475,43.69174747586195,815.7578268814368,389.34310006895277,772.9429993883449,61.47077508003783,272.4995440372226,210.99250131111094,208.57138354183164,347.82434972475517
2017-02-01,2383.0833333333335,357.4625000000001,2025.6208333333334,267.8085040005387,30983.14827820777,0.0,53.421831550814275,792.7893530379074,19429.059737575655,19409.988541183648,0.0,0.0,0.0,2.7967061544162126e-05,427.5326836375495,6803.836790946331,1996.2397688535063,354.4497393878369,204.3818259900388,945.4175952362723,375.1096851095199,210.60913958783993,0.0,0.0,0.0,0.0,0.0,0.0,0.0,0.004858594371190901,317.8028778979619,1846.241672692476,1246.665509639554,646.2202934130754,0.0,0.0,0.0,0.0,0.0,0.0,0.0,0.0,0.0,0.0,0.3098068105270939,429.97885952617753,1967.17423844421,599.8348430026757,0.0,0.0,0.0,0.0,0.0,0.0,0.0,0.0,70936.21624555634,11317.577256715955,4056.9352122374385,2997.2977477835907,2025.6208333333334,1369.8737420173065,215.17580354501055,1089.9981761488907,837.691820662803,70.58538629635636,632.9775039333329,592.4366023155285,43.64350230094335,812.4655048127056,387.3468551491159,770.3345234216671,61.102995709447214,273.97474840346126,209.42295516570076,207.35281081043496,346.65053553975014
2017-03-01,2383.0833333333335,357.4625000000001,2025.6208333333334,252.6151842851319,31217.851134512934,0.0,49.46834628712209,756.1317774712669,19446.238820057104,19645.789067024416,0.0,0.0,0.0,2.4083541504648338e-05,411.08859027223997,6582.498525400889,2102.1524814508753,376.70463956887363,216.65993447582258,1015.5101746855537,518.2216684678809,287.6648525723848,0.0,0.0,0.0,0.0,0.0,0.0,0.0,0.004438207082821328,309.03399062551915,1790.7728458975341,1243.455848230621,709.8533376742001,0.0,0.0,0.0,0.0,0.0,0.0,0.0,0.0,0.0,0.0,0.2835196983470079,408.39603757326216,1954.595247279629,614.6000245285197,0.0,0.0,0.0,0.0,0.0,0.0,0.0,0.0,71368.09432963797,11510.500890978063,4053.1204606349575,2977.8748290797575,2025.6208333333334,1377.2583060216125,216.48444323006575,1095.8989936138453,831.2476649619307,71.72769438980775,628.2688654971023,588.4977035047605,43.58591359482317,808.7677793870105,385.08379150509353,767.465881400328,60.72481669051479,275.4516612043224,207.81191624048267,205.97419622666615,345.3596466301476
2017-04-01,2383.0833333333335,357.4625000000001,2025.6208333333334,238.2408681310947,31448.24497723543,0.0,45.8002780347445,720.8913920607868,19461.098986266625,19877.062740523434,0.0,0.0,0.0,2.0777561945455976e-05,395.8092630826416,6360.743350242494,2206.7580743445856,398.65876396265463,228.6833367149611,1085.360411823765,670.5770159930278,367.9535156007877,0.0,0.0,0.0,0.0,0.0,0.0,0.0,0.0040504446490746675,300.5297010380973,1735.3691782598507,1238.164023055724,774.8464016137959,0.0,0.0,0.0,0.0,0.0,0.0,0.0,0.0,0.0,0.0,0.25952618481111467,388.12222318101743,1942.081330739115,627.3909553926795,0.0,0.0,0.0,0.0,0.0,0.0,0.0,0.0,71791.33924225211,11714.543752542479,4048.913354412117,2957.854035497623,2025.6208333333334,1384.6088280727759,217.7670926464251,1101.8066448172901,824.8267679323225,72.93701532055154,623.435748721448,584.120559477502,43.52229546678607,804.6297420482747,382.5235072780943,764.31714541329,60.33339021711967,276.9217656145551,206.20669198308062,204.44219581712568,343.94271543598046
2017-05-01,2383.0833333333335,357.4625000000001,2025.6208333333334,224.64431326850945,31674.38537723833,0.0,42.39777131134385,687.0343994454145,19473.644125756622,20103.92071751634,0.0,0.0,0.0,1.7956466770691745e-05,381.61393966799625,6139.3276225257505,2309.6462003977736,420.21404945251373,240.3936989687044,1154.7017305649317,832.2061706207442,451.36002759284855,0.0,0.0,0.0,0.0,0.0,0.0,0.0,0.0036938555389443564,292.3166570496288,1680.249034357088,1231.0826017190518,841.0637726835149,0.0,0.0,0.0,0.0,0.0,0.0,0.0,0.0,0.0,0.0,0.23761585132635019,369.08323105367043,1929.5989921298103,638.1940385277874,0.0,0.0,0.0,0.0,0.0,0.0,0.0,0.0,72206.02670453656,11929.46345774773,4044.715759664822,2937.113877562594,2025.6208333333334,1391.9094154971306,219.02395555175423,1107.6870624582207,818.5550989974782,74.2122582554916,618.6200759492418,579.3607099683808,43.45696072815551,800.0527936376858,379.6783636603763,760.8666332469897,59.926318325724985,278.38188309942603,204.63877474936956,202.77624848893325,342.38998496114533
2017-06-01,2383.0833333333335,357.4625000000001,2025.6208333333334,211.7861567859322,31896.32907478551,0.0,39.242279255425,654.5260786109706,19483.875018341634,20326.48384715998,0.0,0.0,0.0,1.5542169587544513e-05,368.4181379575186,5918.96547368557,2410.437190627258,441.27664495279134,251.73560742839138,1223.2711325429955,1003.0636898322489,537.7493864249345,0.0,0.0,0.0,0.0,0.0,0.0,0.0,0.0033668950416185575,284.42370502449705,1625.6331898595477,1222.5094416611291,908.3755399571509,0.0,0.0,0.0,0.0,0.0,0.0,0.0,0.0,0.0,0.0,0.21760114237199474,351.20976763380133,1917.134143619797,647.0139451407827,0.0,0.0,0.0,0.0,0.0,0.0,0.0,0.0,72612.24245493945,12154.917278993878,4040.9452433973665,2915.575457536753,2025.6208333333334,1399.149808694246,220.2552742361932,1113.5275323977046,812.5220900429996,75.55162110855568,613.9163242481087,574.2923728036226,43.39446771194218,795.0611097652919,376.5844614794475,757.0975092245554,59.50202056657755,279.82996173884914,203.1305225107499,201.0023304812679,340.69387915104994
2017-07-01,2383.0833333333335,357.4625000000001,2025.6208333333334,199.62884315502333,32114.133487734525,0.0,36.316483613805225,623.3309673867592,19491.788387847573,20544.881481325967,0.0,0.0,0.0,1.3470007419174851e-05,356.1407828890215,5700.340559317837,2508.7908872210833,461.7594263323995,262.65807563060173,1290.8171495883234,1183.0233236672266,626.9602719372579,0.0,0.0,0.0,0.0,0.0,0.0,0.0,0.0029926041296695167,272.3609200444443,1559.4336727248808,1179.8809367304411,963.6381890231664,65.36394650838845,0.0,0.0,0.0,0.0,0.0,0.0,0.0,0.0,0.0,0.1993144825633164,334.4375854304829,1904.6933961874352,653.8774717474809,0.0,0.0,0.0,0.0,0.0,0.0,0.0,0.0,73010.07965106366,12390.490490053757,4040.6806576354506,2893.2077678479623,2025.6208333333334,1406.3223200783375,221.46131713079495,1119.319846955397,806.793835811318,76.95280008419951,609.3915675322497,566.3030004978298,43.35315279633539,789.6936723958602,373.2900423223547,753.0015002181343,59.05986186651626,281.26446401566744,201.6984589528295,198.2060501742404,338.8506750981604
2017-08-01,2383.0833333333335,357.4625000000001,2025.6208333333334,188.1365540375724,32327.856430270615,0.0,33.60421946274101,593.4130375149559,19497.376399946515,20759.250698111748,0.0,0.0,0.0,1.1686830817338842e-05,344.7080814076703,5484.10929329225,2604.4129992480543,481.5839753863888,273.11571358920435,1357.1064980422698,1371.876170371592,718.801864134862,0.0,0.0,0.0,0.0,0.0,0.0,0.0,0.00266209981207792,260.9175535853502,1494.350889769405,1140.1618658737991,1018.4997649951122,130.7742095837028,0.0,0.0,0.0,0.0,0.0,0.0,0.0,0.0,0.0,0.1825140455695601,318.61186605324156,1891.2703947238972,658.462269920008,0.0,0.0,0.0,0.0,0.0,0.0,0.0,0.0,73399.63733934415,12635.714607159123,4044.7069459071818,2868.5270447427165,2025.6208333333334,1413.4207724332425,222.64237261959778,1125.05785606267,801.4206173503429,78.41312160696425,605.0953768584885,557.7166522057967,43.35243638096109,782.2477754435632,368.09695032358934,748.3575545424939,58.57094400631482,282.6841544866484,200.35515433758573,195.20082827202882,336.7608995441222
2017-09-01,2383.0833333333335,357.4625000000001,2025.6208333333334,177.27513989342717,32537.555928208447,0.0,31.090404132186798,564.7358584702741,19500.62636550822,20969.73572168578,0.0,0.0,0.0,1.0148975143714188e-05,334.05532535116663,5270.89927780737,2697.059271093919,500.6820633502253,283.06958595466614,1421.9294998302025,1569.3318054648373,813.0532168391594,0.0,0.0,0.0,0.0,0.0,0.0,0.0,0.0023715902960262172,250.14112546245934,1430.654312603235,1103.4733850427785,1072.7970402766334,195.79540205478025,0.0,0.0,0.0,0.0,0.0,0.0,0.0,0.0,0.0,0.16707915840999255,303.6743044531706,1876.8658679349237,660.8207620015302,0.0,0.0,0.0,0.0,0.0,0.0,0.0,0.0,73781.01941789834,12890.080055840523,4052.863637030183,2841.5280135480343,2025.6208333333334,1420.4400095884107,223.7987451907355,1130.7366179465942,796.4415370993552,79.9296321658381,601.0654630127572,549.513471372844,43.395300516912165,774.1124789321395,362.5158239337678,743.0770947006581,58.034415426162965,284.08800191768205,199.1103842748388,192.3297149804954,334.3846926152961
2017-10-01,2383.0833333333335,357.4625000000001,2025.6208333333334,167.01205341342515,32743.290086536785,0.0,28.7609700396579,537.2627489337503,19501.520557459087,21176.48745197693,0.0,0.0,0.0,8.820413565173715e-06,324.1273412395419,5061.3050000622125,2786.53758794919,518.9966417985465,292.48776447670895,1485.1042001992732,1775.0221614765574,909.4647180850372,0.0,0.0,0.0,0.0,0.0,0.0,0.0,0.002116370322707123,240.04163477031926,1368.5563810823614,1069.5100656207753,1126.3627381515828,260.2551543769539,0.0,0.0,0.0,0.0,0.0,0.0,0.0,0.0,0.0,0.1529270219348003,289.60076147327175,1861.8345368815296,661.1501256195038,0.0,0.0,0.0,0.0,0.0,0.0,0.0,0.0,74154.33386835964,13153.045424107482,4064.728090372316,2812.73835099624,2025.6208333333334,1427.3756301422543,224.9307527297833,1136.3520076707287,791.8874767383494,81.4991626654208,597.3311528245164,541.9878680607136,43.47883142167047,765.8761584777106,357.18375639234864,737.2055456594977,57.460275370007665,285.4751260284508,197.97186918458735,189.69575382124975,331.74249554677397
2017-11-01,2383.0833333333335,357.4625000000001,2025.6208333333334,157.31628479750583,32945.11698856335,0.0,26.602801221673296,510.95691578154685,19500.03609931621,21379.663062269872,0.0,0.0,0.0,7.671204711036564e-06,314.87807252802816,4855.882178968332,2872.7081611000153,536.4823516368166,301.3455850483108,1546.4791267450023,1988.5078284985275,1007.7612393693074,0.0,0.0,0.0,0.0,0.0,0.0,0.0,0.0018917990591105476,230.60874127047734,1308.2280693220682,1037.8320671207234,1179.034618488566,324.1193696743004,0.0,0.0,0.0,0.0,0.0,0.0,0.0,0.0,0.0,0.13998071609383164,276.3744225311222,1846.5842543072195,659.6813534889491,0.0,0.0,0.0,0.0,0.0,0.0,0.0,0.0,74519.69215195015,13424.044551565543,4079.8247576751946,2782.7800110433845,2025.6208333333334,1434.2238252803468,226.03872446245805,1141.9005041138034,787.7830000088526,83.11837664688727,593.915607553762,535.2203608677265,43.59857938315584,757.7551643521876,352.29211423946384,730.8527164868548,56.860787818187895,286.84476505606926,196.94575000221315,187.32712630370426,328.8837224190846
2017-12-01,2383.0833333333335,357.4625000000001,2025.6208333333334,148.1582988919236,33143.094615795715,0.0,24.603673384718192,485.7815808545012,19496.144904498546,21579.425641058515,0.0,0.0,0.0,6.676249054571422e-06,306.26963810326515,4655.141765209967,2955.4819936653284,553.1055800709181,309.62563116419574,1605.9346932860947,2209.286343663623,1107.6465878335298,0.0,0.0,0.0,0.0,0.0,0.0,0.0,0.0016936834133584042,221.82052796970484,1249.8063359173843,1007.9971624203803,1230.660547833003,387.4321172523896,0.0,0.0,0.0,0.0,0.0,0.0,0.0,0.0,0.0,0.12816227877210584,263.9784667762484,1831.4916181414283,656.6446336874536,0.0,0.0,0.0,0.0,0.0,0.0,0.0,0.0,74877.20871448392,13702.49223967317,4097.718385076276,2752.2428808839027,2025.6208333333334,1440.9812714927646,227.12299930681132,1147.3790602242775,784.1475639373554,84.78380817929492,590.8372500066395,529.1935740428158,43.75004856274279,749.8622286317924,347.89323456402224,724.151531864214,56.24782692706087,288.19625429855284,196.03689098433884,185.21775091498554,325.8681893388963
2018-01-01,2431.6666666666665,357.4625000000001,2025.6208333333334,139.5099741928394,33337.28078230335,0.0,22.752197314072017,461.7000959651782,19489.813655541802,21775.943863026594,0.0,0.0,0.0,5.814321974222903e-06,298.27111462543854,4459.544336314433,3034.81788545807,568.8441155699526,317.3174774632257,1663.3833220050115,2436.80196084722,1208.8088734569988,0.0,0.0,0.0,0.0,0.0,0.0,0.0,0.0015183962903744135,213.64878991325756,1193.3988970959988,979.6201405350678,1281.101982598778,450.27991575831606,0.0,0.0,0.0,0.0,0.0,0.0,0.0,0.0,0.0,0.11739180329933918,252.39326481460577,1816.87069466012,652.2539368817324,0.0,0.0,0.0,0.0,0.0,0.0,0.0,0.0,75227.00056834385,13987.789091554672,4118.051244297708,2721.6352881597577,2025.6208333333334,1447.6450549692895,228.18392450412688,1152.7850171942116,780.9962721416234,86.4918931710853,588.1106729530165,523.8484770099625,43.929336721620956,742.2591656531481,343.9758231278303,717.2349789382758,55.631779439017166,289.5290109938578,195.24906803540586,183.34696695348686,322.7557405222241
2018-02-01,2431.6666666666665,364.75000000000006,2066.9166666666665,131.34480694980465,33542.09149259864,0.0,21.040498737118526,438.72852831768785,19492.87046287488,21984.027632415222,0.0,0.0,0.0,5.067333547370854e-06,290.85722020465835,4269.495417766335,3110.7182780854505,583.6864672254114,324.4172363283593,1718.7684215609208,2670.4563531697263,1310.9264090664765,0.0,0.0,0.0,0.0,0.0,0.0,0.0,0.0013628689054618805,206.06241597341977,1139.087817973912,952.3940451368398,1330.2364831321054,512.7685229807362,0.0,0.0,0.0,0.0,0.0,0.0,0.0,0.0,0.0,0.1075887028056344,241.59562924610825,1802.966542521159,646.7011387580185,0.0,0.0,0.0,0.0,0.0,0.0,0.0,0.0,75610.10342189336,14279.325808474672,4140.550648065919,2691.3708992280913,2066.9166666666665,1454.4686411004357,229.3451720167144,1158.1160439754317,778.3403305126179,88.23899654281614,585.7472041062176,519.1144494155319,44.13335092247563,734.9807484725275,340.50151005647564,710.223934198149,55.02120320604517,290.89372822008704,194.58508262815448,181.69005729543616,319.600770389167
2018-03-01,2431.6666666666665,364.75000000000006,2066.9166666666665,123.63703408494693,33743.10782177792,0.0,19.455669488115866,416.7735000660523,19493.17165039578,22189.0842257084,0.0,0.0,0.0,4.419908954101661e-06,284.0141716563163,4085.383854668189,3183.2572212164587,597.63817168611,330.93094735096213,1772.0871385927544,2909.671016579353,1413.703959872884,0.0,0.0,0.0,0.0,0.0,0.0,0.0,0.0012245286288126425,199.02956979447882,1086.9324684109324,926.091215602631,1377.9594625640689,575.0073717007292,0.0,0.0,0.0,0.0,0.0,0.0,0.0,0.0,0.0,0.09867352381051914,231.5590645354127,1789.9607015860827,640.1551928494225,0.0,0.0,0.0,0.0,0.0,0.0,0.0,0.0,75985.22990152122,14576.686486042938,4165.021312601469,2661.773632494728,2066.9166666666665,1461.3077098869742,230.48247715182657,1163.5749128803486,776.1915861160263,90.02264919605734,583.7552478844634,514.9247816081079,44.359801740804855,728.0475559290778,337.4243921200958,703.2219495031796,54.42287315926063,292.26154197739476,194.04789652900658,180.22367356283775,316.4498772764308
2018-04-01,2431.6666666666665,364.75000000000006,2066.9166666666665,116.36242997076303,33940.37526695586,0.0,17.988530920949636,395.7995287757468,19490.64518322578,22391.277094775633,0.0,0.0,0.0,3.858657103608886e-06,277.7262147313528,3907.507187515347,3252.5224719638345,610.7090775301758,336.8674307267571,1823.3485683672563,3153.821449766418,1516.833007570722,0.0,0.0,0.0,0.0,0.0,0.0,0.0,0.0011012213047153822,192.51921068877934,1036.9724156146108,900.5555380974495,1424.1859174245321,637.0998744256847,0.0,0.0,0.0,0.0,0.0,0.0,0.0,0.0,0.0,0.09056960124465468,222.25446662156764,1777.9816748861786,632.7638106062527,0.0,0.0,0.0,0.0,0.0,0.0,0.0,0.0,76352.44803462473,14879.335412030521,4191.334057472362,2633.0905217152435,2066.9166666666665,1468.1025786211444,231.5959549420071,1169.0461679095795,774.5575935650468,91.83964835694786,582.1436895870197,511.22382329468894,44.60712142143904,721.4731802720189,334.70110804527013,696.3142829979795,53.842008053524395,293.6205157242288,193.6393983912617,178.9283381531411,313.34142734909074
2018-05-01,2431.6666666666665,364.75000000000006,2066.9166666666665,109.49795724535991,34133.94250662197,0.0,16.630547080199833,375.7716570995559,19485.22146263875,22590.781252415905,0.0,0.0,0.0,3.371955512867065e-06,271.97771960265936,3736.0904106854327,3318.6212202349893,622.9146749749616,342.238974752868,1872.5788594054707,3402.2620078234704,1620.005909296214,0.0,0.0,0.0,0.0,0.0,0.0,0.0,0.0009911333321709305,186.50185169932323,989.2295548192449,875.6890998469606,1468.8507440690307,699.1367985610431,0.0,0.0,0.0,0.0,0.0,0.0,0.0,0.0,0.0,0.08320429833635941,213.6509766033741,1767.1166336683375,624.6561898935126,0.0,0.0,0.0,0.0,0.0,0.0,0.0,0.0,76711.84538310174,15186.689780148023,4219.409040128935,2605.5070044635604,2066.9166666666665,1474.83347928357,232.68583890609054,1174.4820628969155,773.4412008157112,93.68649396370337,580.9181951737851,507.96890976474754,44.874302752463656,715.2683407904366,332.29548514154783,689.569296738779,53.28256130334086,294.9666958567139,193.3603002039278,177.78911841766163,310.3061835324505
2018-06-01,2431.6666666666665,364.75000000000006,2066.9166666666665,103.02171495499863,34323.85979069853,0.0,15.373780563000562,356.6554913857848,19476.830214780544,22787.779843230466,0.0,0.0,0.0,2.9497290844347345e-06,266.75376729213076,3571.2952514396384,3381.67976137681,634.2760436527175,347.0612449563938,1919.8216734984403,3654.3427538216097,1722.9252076902042,0.0,0.0,0.0,0.0,0.0,0.0,0.0,0.0008927241275474476,180.94992360079067,943.7100074718571,851.4382151746768,1511.908371636828,761.1923228751289,0.0,0.0,0.0,0.0,0.0,0.0,0.0,0.0,0.0,0.07650978587542195,205.7168179807874,1757.4222259004623,615.9459124170637,0.0,0.0,0.0,0.0,0.0,0.0,0.0,0.0,77063.52083561332,15498.155706677673,4249.199733483409,2579.1614660841888,2066.9166666666665,1481.488805337804,233.7524088172911,1179.866783426856,772.8412493889351,95.55960750826976,580.0809006117834,505.1294747407268,45.16073251658223,709.4429045534143,330.1797913470859,683.0409356799884,52.74750725279767,296.2977610675607,193.21031234723378,176.79531615925436,307.36842105599476
2018-07-01,2431.6666666666665,364.75000000000006,2066.9166666666665,96.91288855329103,34510.17824866122,0.0,14.210852108700617,338.41724723838087,19465.399275524687,22982.462490826223,0.0,0.0,0.0,2.583245797368363e-06,262.03984481732203,3413.224438625927,3441.8391839524375,644.8188925539887,351.35269543303616,1965.135411809128,3909.419247992101,1825.3086348126299,0.0,0.0,0.0,0.0,0.0,0.0,0.0,0.000804671501324765,175.83790786472093,900.4059132011565,827.7808661141669,1553.3319529128394,823.3222697979226,0.0,0.0,0.0,0.0,0.0,0.0,0.0,0.0,0.0,0.07042341989352138,198.42003399727605,1748.9335496587692,606.7335656039796,0.0,0.0,0.0,0.0,0.0,0.0,0.0,0.0,77407.5810029125,15813.13835257982,4280.679714562308,2554.1575726799183,2066.9166666666665,1488.060526363484,234.79597300400994,1185.1910442702433,772.7530041389684,97.45539422913242,579.6309370417014,502.68490831691184,45.46604764589084,704.0066732054661,328.3341585814724,676.7714772936389,52.239089316098195,297.61210527269674,193.1882510347421,175.93971791091914,304.5471647821375
2018-08-01,2431.6666666666665,364.75000000000006,2066.9166666666665,91.15170168876882,34692.949511166546,0.0,13.134903014762555,321.02379285518816,19450.85405121851,23175.024234352273,0.0,0.0,0.0,2.264941048080359e-06,257.8215316707244,3261.926001098386,3499.250836039251,654.5725365877652,355.13395336959763,2008.5900513113588,4166.860288706878,1926.8928139697796,0.0,0.0,0.0,0.0,0.0,0.0,0.0,0.000725829062180609,171.1423126994984,859.2971055613195,804.7161713007649,1593.1121424754476,885.5639490821748,0.0,0.0,0.0,0.0,0.0,0.0,0.0,0.0,0.0,0.06488781283846655,191.72909373951052,1741.6710621485768,597.1089174140143,0.0,0.0,0.0,0.0,0.0,0.0,0.0,0.0,77744.13819429604,16131.048015018683,4313.832406948268,2530.57396111494,2066.9166666666665,1494.5426153685917,235.8168599145115,1190.4484210907874,773.1684779181867,99.37028073373459,579.5647531042264,500.622041111791,45.79001960647595,698.9695029174941,326.74519040599273,670.7940961878545,51.75901829461783,298.90852307371824,193.29211947954667,175.21771438912685,301.8573432845345
2018-09-01,2431.6666666666665,364.75000000000006,2066.9166666666665,85.7193697389101,34872.22547312013,0.0,12.139560025949786,304.44268783347655,19433.117308847963,23365.664712767146,0.0,0.0,0.0,1.9882673939804286e-06,254.08427064862016,3117.3980038195023,3554.0720829586166,663.5689323980083,358.4272449513998,2050.2640192495724,4426.054100113846,2027.4359695845008,0.0,0.0,0.0,0.0,0.0,0.0,0.0,0.0006551937149126546,166.84154952235036,820.3526731312598,782.2560009755416,1631.2555209917027,947.9371634256631,0.0,0.0,0.0,0.0,0.0,0.0,0.0,0.0,0.0,0.059850693063005875,185.6133635106208,1735.6455569883174,587.1526210593953,0.0,0.0,0.0,0.0,0.0,0.0,0.0,0.0,78073.30911233358,16451.304625712335,4348.643563240233,2508.4713922513965,2066.9166666666665,1500.9303355021245,236.81541312701444,1195.6340922948734,774.0767386213613,101.3007429798605,579.87635843864,498.93273508699303,46.132467059681694,694.3410796259841,325.40432672266417,665.1350274786715,51.3086210108565,300.18606710042485,193.51918465534033,174.62645728044754,299.3107623654022
2018-10-01,2431.6666666666665,364.75000000000006,2066.9166666666665,80.59805505356444,35048.05813165416,0.0,11.218902485241543,288.6422168315742,19412.109163190158,23554.587461859534,0.0,0.0,0.0,1.7475634478048753e-06,250.81323624039385,2979.593679913284,3606.4625360067307,671.8418198115354,361.2558875633116,2090.2412844562205,4686.413135965279,2126.7197617991296,0.0,0.0,0.0,0.0,0.0,0.0,0.0,0.0005918811068151178,162.9157532075474,783.5324123856134,760.4185953030051,1667.782742382613,1010.4460112249645,0.0,0.0,0.0,0.0,0.0,0.0,0.0,0.0,0.0,0.0552646324221049,180.04345438503503,1730.8615064958683,576.9375014332903,0.0,0.0,0.0,0.0,0.0,0.0,0.0,0.0,78395.21393107424,16773.341343503445,4385.09610638485,2487.897726946616,2066.9166666666665,1507.2198599150777,237.79198801093682,1200.7442684016996,775.4642217889517,103.24332882163338,580.557553966021,497.61181680322545,46.493194018178116,690.1305429198148,324.3062778065455,659.815262943462,50.88894528113346,301.44397198301544,193.86605544723793,174.16413588112889,296.91686832455787
2018-11-01,2431.6666666666665,364.75000000000006,2066.9166666666665,75.77082387113347,35220.49946828248,0.0,10.367431587223573,273.59141805035074,19387.747201317005,23741.999259345124,0.0,0.0,0.0,1.5379390672186134e-06,247.99329178664647,2848.426811516026,3656.5808221709544,679.4259886502539,363.64385786479994,2128.6087584911606,4947.377629591504,2224.55033907925,0.0,0.0,0.0,0.0,0.0,0.0,0.0,0.0005351070663852418,159.34657730614123,748.7881787958461,739.2239212675591,1702.7264862035536,1073.0811852004579,0.0,0.0,0.0,0.0,0.0,0.0,0.0,0.0,0.0,0.051086702732780355,174.99146338643408,1727.3191164464304,566.5295056061561,0.0,0.0,0.0,0.0,0.0,0.0,0.0,0.0,78709.97560245333,17096.607500688537,4423.1668838806245,2468.8911721417535,2066.9166666666665,1513.4080459826148,238.74694930495173,1205.7758879320622,777.3150540493689,105.19467669760746,581.5981663417137,496.6554394757995,46.87194937014004,686.3460755410007,323.44768092209654,654.8518007706012,50.500829575261854,302.6816091965229,194.32876351234222,173.8294038165298,294.68331034677055
2018-12-01,2431.6666666666665,364.75000000000006,2066.9166666666665,71.22160487013389,35389.60135923095,0.0,9.580041599417017,259.2601067262183,19359.94671472605,23928.109482494932,0.0,0.0,0.0,1.3551757226237334e-06,245.60901912346617,2723.777192455575,3704.581909682283,686.3566762999192,365.61543709957704,2165.4540524330187,5208.418026785337,2320.758705796609,0.0,0.0,0.0,0.0,0.0,0.0,0.0,0.00048162329763104474,155.5397064227789,714.9610516673604,714.6626025768928,1732.927481931891,1131.3375831589094,13.809492597942505,0.0,0.0,0.0,0.0,0.0,0.0,0.0,0.0,0.04727810388641203,170.4311276336421,1725.0154287505275,555.9884044482537,0.0,0.0,0.0,0.0,0.0,0.0,0.0,0.0,79017.7193096477,17420.57102103096,4463.238399979072,2451.48223893631,2066.9166666666665,1519.4922902149165,239.68066925738674,1210.7264367860919,779.611385279391,107.15153116427688,582.9862905370267,495.6442291731113,47.2705452654671,682.9945260831004,322.8260356592697,650.2585133147204,50.144945973822935,303.89845804298324,194.90284631984775,173.47548021058893,292.6163309916241
2019-01-01,2533.75,364.75000000000006,2066.9166666666665,66.9351493177792,35555.415504849065,0.0,8.851992931226718,245.6188939237377,19328.621023248405,24113.129456654417,0.0,0.0,0.0,1.1918010308519569e-06,243.0189760318095,2602.9381559873577,3747.46955488006,692.0048141784264,366.84982552047904,2198.363301997496,5462.867344462452,2411.461731670599,19.390415417349935,0.0,0.0,0.0,0.0,0.0,0.0,0.0004340286040759822,152.0973457362426,683.1359306106594,691.4370270252534,1761.546917126909,1189.5700194316673,27.547895964641683,0.0,0.0,0.0,0.0,0.0,0.0,0.0,0.0,0.04379976116791733,166.32790647556604,1723.774834007624,545.3172646330863,0.0,0.0,0.0,0.0,0.0,0.0,0.0,0.0,79318.57202092462,17744.36412133783,4505.335569923977,2435.463804877444,2066.9166666666665,1525.4704292521506,240.59352613756545,1215.5938321719332,782.6910549003637,109.10967696469947,584.7085389595433,494.9204367505116,47.69093226412662,679.8109312856186,322.16874896252233,646.0120423790261,49.81732296545794,305.09408585043,195.67276372509093,173.22215286267905,290.7054190705617
2019-02-01,2533.75,380.06250000000006,2153.6875,62.89715951506409,35748.16366894908,0.0,8.181107677159767,232.68660776893083,19316.96605595574,24329.744659904274,0.0,0.0,0.0,1.0495954131919837e-06,240.8661108236025,2488.3860123896825,3788.401536025612,697.0507781004351,367.70951985227396,2229.8323123007144,5716.043283627438,2500.113132573499,38.93598170363596,0.0,0.0,0.0,0.0,0.0,0.0,0.000391710689289659,149.01678634558647,653.2712547290558,669.5858229409408,1788.7067414895853,1247.853434117398,41.15082829529817,0.0,0.0,0.0,0.0,0.0,0.0,0.0,0.0,0.04062060626275009,162.65810924245693,1723.5808114145184,534.5651309872817,0.0,0.0,0.0,0.0,0.0,0.0,0.0,0.0,79698.63925977025,18067.33866844649,4549.585259628554,2420.8446722505196,2153.6875,1531.8752380955984,241.7450230587917,1220.3763434017205,786.3372342784628,111.06456201459865,587.0182911752728,494.63351131803404,48.1350901526623,677.0049071962969,321.69828388783253,642.105974870417,49.51806495280426,306.37504761911964,196.5843085696157,173.1217289613119,288.9476886916876
2019-03-01,2533.75,380.06250000000006,2153.6875,59.09373274660988,35937.47910899928,0.0,7.560846426087007,220.38383540798776,19301.065460673955,24545.461528493008,0.0,0.0,0.0,9.257655861301489e-07,239.1502266895851,2379.99046417437,3827.5750286651496,701.5433974026552,368.2261033829788,2259.9961213686606,5967.631918451185,2586.701192704545,58.55601958055287,0.0,0.0,0.0,0.0,0.0,0.0,0.0003540520215307824,146.28470548788098,625.3055715113834,649.0379504643081,1814.4944495125483,1306.193889606527,54.59709595441221,0.0,0.0,0.0,0.0,0.0,0.0,0.0,0.0,0.03771392125593214,159.40343244154053,1724.477256409905,523.7948268309151,0.0,0.0,0.0,0.0,0.0,0.0,0.0,0.0,80071.04451274693,18389.370473345447,4595.914016589081,2407.7132296036166,2153.6875,1538.4085554114663,242.87369161184654,1225.5001904764788,790.4532336390691,113.01515193845006,589.7529257088471,494.8217153927419,48.602453355578554,674.6700685354515,321.5117823567221,638.5526251618016,49.24888602055307,307.6817110822932,197.61330840976728,173.18760038745967,287.3486813228107
2019-04-01,2533.75,380.06250000000006,2153.6875,55.51186574347012,36123.388500898014,0.0,6.987433401443133,208.68381004832784,19280.782078721717,24760.45025638128,0.0,0.0,0.0,8.177925604590552e-07,237.85799696002664,2277.5644191286433,3865.1373686435613,705.5217450535184,368.42594588178355,2288.9513658150586,6217.276904542011,2671.185113378263,78.22208615651522,0.0,0.0,0.0,0.0,0.0,0.0,0.0003204833383578972,143.88366344712674,599.1680887936831,629.6865956912673,1838.9835258103942,1364.56640663502,67.88980128379156,0.0,0.0,0.0,0.0,0.0,0.0,0.0,0.0,0.035055616661709796,156.54816137345063,1726.5168653927126,513.0670403479845,0.0,0.0,0.0,0.0,0.0,0.0,0.0,0.0,80435.80394519426,18710.14294637717,4644.178402144621,2396.1671227308093,2153.6875,1544.9486694613136,243.9793980913892,1230.7268443291732,794.9949605139547,114.95941078349388,592.8399252293018,495.48397334722375,49.09156632653759,672.8380588442732,321.63411500528224,635.3724276026574,49.01173811442321,308.9897338922626,198.74874012848866,173.4193906715283,285.91759242119576
2019-05-01,2533.75,380.06250000000006,2153.6875,52.139233596020915,36305.925577766684,0.0,6.457370415356955,197.5606331346759,19255.99376000161,24974.89567554219,0.0,0.0,0.0,7.234770646566358e-07,236.97063044938528,2180.8929232406044,3901.2091921342935,709.0202456273178,368.33290366921034,2316.775036585342,6464.621608145742,2753.5218648816135,97.93515574166632,0.0,0.0,0.0,0.0,0.0,0.0,0.00029050000032022737,141.79503620934918,574.7836121381245,611.4214579074603,1862.2416443109935,1422.9337657342655,81.0473512930945,0.0,0.0,0.0,0.0,0.0,0.0,0.0,0.0,0.03262362904052978,154.07824101167336,1729.7444585231085,502.4356671250123,0.0,0.0,0.0,0.0,0.0,0.0,0.0,0.0,80792.97225045654,19029.27956119865,4694.2231580932885,2386.290990288835,2153.6875,1551.4569457294083,245.06224900829068,1235.958935569051,799.9273519927027,116.8949687548667,596.246220385466,496.6006961777012,49.60076825909799,671.5194178571571,322.0645826756955,632.587202447799,48.80834785133279,310.29138914588157,199.98183799817568,173.8102436621954,284.6642411015095
2019-06-01,2533.75,380.06250000000006,2153.6875,48.96415722325837,36485.12778386412,0.0,5.967415901828281,186.98925086513842,19226.587653834256,25188.989504760742,0.0,0.0,0.0,6.409288161187674e-07,236.46763025733955,2089.7477951948254,3935.895291841125,712.0710479082901,367.96954860105564,2343.533238980339,6709.328535221531,2833.6781892939553,117.715042681614,0.0,0.0,0.0,0.0,0.0,0.0,0.00026366187994737174,140.00002075769783,552.0744604309268,594.1398828651156,1884.3313946317053,1481.2527180975392,94.09761576843269,0.0,0.0,0.0,0.0,0.0,0.0,0.0,0.0,0.03039764582022566,151.98084211550116,1734.1903560956912,491.94641721090426,0.0,0.0,0.0,0.0,0.0,0.0,0.0,0.0,81142.62576644935,19346.406320621005,4745.896356213298,2378.148013067917,2153.6875,1557.9115429501262,246.12244105705253,1241.1655565835267,805.2193140458123,118.81948311536328,599.945513994527,498.1439222730317,50.12839360148633,670.7134138617953,322.79045251550576,630.2163607916079,48.64003029110506,311.58230859002515,201.30482851145308,174.3503727955611,283.5973623562235
2019-07-01,2533.75,380.06250000000006,2153.6875,45.975572234273805,36661.034853935496,0.0,5.5088032112535705,176.81701808456617,19107.332148951984,25275.068796930485,213.8756194691265,0.0,0.0,5.685338280764198e-07,236.32819003155737,2003.8939511983115,3969.2871730412526,714.7046057252453,367.3574582092754,2369.283211243943,6951.082292894989,2911.63211107833,137.5936549347381,0.0,0.0,0.0,0.0,0.0,0.0,0.00023958811465803708,138.48018153646754,530.9617798852563,577.7510636354946,1905.3101691255597,1539.4778060886308,107.07394534118922,0.0,0.0,0.0,0.0,0.0,0.0,0.0,0.0,0.02835896577176441,150.24415671345895,1739.8685293199612,481.63691951557905,0.0,0.0,0.0,0.0,0.0,0.0,0.0,0.0,81485.61281281718,19661.162648926176,4799.055185200713,2371.777964514771,2153.6875,1563.5390889189728,247.16136471318856,1246.329234360101,810.8422068248905,120.73069923003924,603.9144855343593,500.08280051435196,50.67285603259168,670.412547912855,323.7935494774706,628.2749594774432,48.50763698855735,312.7078177837945,202.71055170622262,175.02898018002318,282.7237317648494
2019-08-01,2533.75,380.06250000000006,2153.6875,43.162999113876424,36833.6880481197,0.0,5.0846609011786255,167.14996638133124,18978.136406785517,25350.853196921158,444.35163823421686,0.0,0.0,5.048694678971698e-07,236.51358156102202,1923.0360816970324,4001.3729802297144,716.9315347145181,366.5082002656279,2394.0002310895716,7189.400305269471,2987.2542918658874,157.59576848790707,0.0,0.0,0.0,0.0,0.0,0.0,0.000217950083769573,137.21776462410878,511.3665503361226,562.1768496457333,1925.2298919539196,1597.5639901245186,120.01230533214486,0.0,0.0,0.0,0.0,0.0,0.0,0.0,0.0,0.02632188181351674,148.2093462797242,1734.9960045615449,468.5668817063792,15.131726049218154,0.0,0.0,0.0,0.0,0.0,0.0,0.0,81822.42691645699,19972.61297568562,4853.567569966632,2366.93028047868,2153.6875,1568.6923636398706,248.18103272034566,1250.8312711351782,816.7580700976199,122.62287427811334,608.1316551186678,502.3865916566576,51.2326786960913,670.6050480469225,325.0538203343288,627.0437081000867,48.409023982926435,313.73847272797406,204.18951752440498,175.83530707983013,282.169668645039
2019-09-01,2533.75,380.06250000000006,2153.6875,40.516514683020965,37003.12968121875,0.0,4.692449619056093,157.96625186294852,18839.026603322993,25416.200524563737,691.891807434864,0.0,0.0,4.487650375753232e-07,236.99681071162752,1846.9154254609157,4032.176369757979,718.7710714252485,365.437610519001,2417.690466814206,7423.9146754613175,3060.4847564468405,177.7560520696414,0.0,0.0,0.0,0.0,0.0,0.0,0.00019846361100785262,136.1955790468017,493.2099190364415,547.3492284873045,1944.1350120082866,1655.4652469978769,132.94883061534657,0.0,0.0,0.0,0.0,0.0,0.0,0.0,0.0,0.02447749179494845,146.54874153418862,1732.7968510887897,456.18515761486856,28.164060679830964,0.0,0.0,0.0,0.0,0.0,0.0,0.0,82153.42383270536,20280.143239115543,4909.304014655668,2363.719288409473,2153.6875,1573.507865542364,249.1827182092374,1254.9538909118965,822.9314196974074,124.49220778456885,612.5685525732149,505.0256911717816,51.80641671239616,671.4253240318751,326.5512845768274,626.2920972727158,48.3442188283664,314.70157310847276,205.73285492435184,176.75899191012354,281.8314437727221
2019-10-01,2533.75,380.06250000000006,2153.6875,38.026724789612665,37169.402806825776,0.0,4.329811247565289,149.244723499471,18690.04914797634,25470.966050540716,956.9056198813083,0.0,0.0,3.992371446319208e-07,237.75666482003533,1775.2909437186959,4061.7300863149203,720.2454998186497,364.1629104292928,2440.3694523874424,7654.3167636271055,3131.297547996347,198.1131175238321,0.0,0.0,0.0,0.0,0.0,0.0,0.00018088269062268913,135.39714864624713,476.4139531728422,533.2094991232105,1962.0626087145606,1713.1360961581481,145.91822029393205,0.0,0.0,0.0,0.0,0.0,0.0,0.0,0.0,0.022806558335638813,145.25431420886207,1733.1411988564444,444.47956140207754,39.29619984410983,0.0,0.0,0.0,0.0,0.0,0.0,0.0,82478.9248847608,20583.282987035556,4966.137706991631,2362.194080869829,2153.6875,1578.0190113271674,250.16743661741833,1258.8062924338913,829.3307690472362,126.33577546663909,617.1985647730555,507.9722116621256,52.39266077496722,672.7273527616517,328.26669926165806,625.939103746924,48.313456554370845,315.6038022654334,207.33269226180906,177.79027408174395,281.6725966861158
2019-11-01,2533.75,380.06250000000006,2153.6875,35.684738187253,37332.55099198501,0.0,3.9945588277308364,140.9649601647225,18531.29493718062,25515.034441283457,1239.710498817387,0.0,0.0,3.5544884133434995e-07,238.7748143785591,1707.9316250310721,4090.063825221594,721.3775913294619,362.7013864592441,2462.0520887753323,7880.329853911314,3199.6828602623104,218.70572440496494,0.0,0.0,0.0,0.0,0.0,0.0,0.00016499396934962034,134.80684294128696,460.9023128077057,519.7073906255318,1979.0428876024114,1770.5332400520226,158.95259553563562,0.0,0.0,0.0,0.0,0.0,0.0,0.0,0.0,0.021288993045503725,144.31255399569946,1735.7233645291394,433.3925755821927,48.90692578158007,0.0,0.0,0.0,0.0,0.0,0.0,0.0,82799.23512644618,20881.619770129302,5023.945434558564,2362.356708881657,2153.6875,1582.2411308705896,251.13612744401965,1262.415209061734,835.9274155738185,128.15101039417155,621.9980767854272,511.2003014837636,52.990047734731554,674.4484446411899,330.18193758038166,625.9691558367074,48.31666079265489,316.44822617411785,208.98185389345463,178.92010551931725,281.6861201265183
2019-12-01,2533.75,380.06250000000006,2153.6875,33.48214156062822,37492.61814897069,0.0,3.684665258337606,133.1072742961721,18362.910606481026,25548.33741170781,1540.5094915854208,0.0,0.0,3.1668347618402607e-07,240.0351769547857,1644.6158130269268,4117.202662578905,722.1902034083016,361.0701577201747,2482.7512501709307,8101.703242549509,3265.6427347780964,239.57098490076805,0.0,0.0,0.0,0.0,0.0,0.0,0.00015061189845895034,134.40992763326108,446.60074451745334,506.799908442487,1995.0996095999058,1827.6165421663661,172.0806536956537,0.0,0.0,0.0,0.0,0.0,0.0,0.0,0.0,0.019906263402520365,143.7085151504337,1740.1994974940694,422.8574407282854,57.40004630049181,0.0,0.0,0.0,0.0,0.0,0.0,0.0,83114.64973986009,21174.78222640508,5082.607536667025,2364.185405936683,2153.6875,1586.183195567435,252.08969101866677,1265.7929046964719,842.6948490055021,129.9355994151901,626.9455616803639,514.6861992958721,53.59726027602991,676.5632316746355,332.28019596444636,626.3810987804545,48.35343583915544,317.23663911348694,210.67371225137552,180.14016975355523,281.8714944512045
2020-01-01,2376.3333333333335,380.06250000000006,2153.6875,31.41097565711254,37649.64840525944,0.0,3.398252125460741,125.65270314579861,18185.104268768584,25570.86561606257,1859.37634216896,0.0,0.0,2.823246225113531e-07,241.52359110352444,1585.1313033101153,4143.166974867578,722.7061702534613,359.286092668491,2502.477606895013,8318.209315230657,3329.188696461211,260.7431417063498,0.0,0.0,0.0,0.0,0.0,0.0,0.00013757459834436267,134.19256873098945,433.4374459349339,494.4501869906935,2010.250546671552,1884.3495671791497,185.32707090639065,0.0,0.0,0.0,0.0,0.0,0.0,0.0,0.0,0.018642097345000795,143.42741970699586,1746.2417142281279,412.8121521609517,65.14148606549259,0.0,0.0,0.0,0.0,0.0,0.0,0.0,83425.45656318792,21462.432892778725,5142.007523988308,2367.6414142589133,2153.6875,1589.8516748076113,253.02900186454443,1268.946556453948,849.6084510861567,131.68743899414685,632.0211367541266,518.4081269178716,54.21302251497299,679.0556338715669,334.5460295423169,627.17653119242,48.4230943569168,317.9703349615222,212.40211277153918,181.44284442125507,282.229439036589
2020-02-01,2376.3333333333335,356.4500000000001,2019.8833333333334,29.463634794222944,37757.161990984605,0.0,3.1325623433855254,118.55894954284427,17974.572329980783,25542.303747694426,2174.0784954285637,0.0,0.0,2.518392033522496e-07,243.22759063646748,1529.2755398456536,4167.9728486717795,722.9482793626321,357.36577089589696,2521.23985094032,8529.641643805036,3390.3400831383487,282.25271401228207,0.0,0.0,0.0,0.0,0.0,0.0,0.00012574038146350526,134.1418098595777,421.3433306665243,482.62646552287384,2024.507997897946,1940.6998172008546,198.7121143151129,0.0,0.0,0.0,0.0,0.0,0.0,0.0,0.0,0.017482537390314367,143.45543259179078,1753.5592715609432,403.2047434815587,72.43698513178042,0.0,0.0,0.0,0.0,0.0,0.0,0.0,83599.27171076884,21744.26432156026,5202.03166120327,2372.6739153034637,2019.8833333333332,1592.5129735283397,253.55521222408308,1271.881339846089,856.6452998108099,133.40461125374887,637.2063383146176,522.346106211558,54.836094888096135,681.9123746524476,336.96528249661657,628.3551637033538,48.5247099045436,318.5025947056679,214.16132495270247,182.82113717404528,282.7598236665092
2020-03-01,2376.3333333333335,356.4500000000001,2019.8833333333334,27.63308701502002,37862.10906275233,0.0,2.8871262914031064,111.83507255838434,17756.397985447307,25504.218586249382,2505.414329328756,0.0,0.0,2.2474441082553983e-07,245.11743703460854,1476.810017165759,4191.544357617654,722.9221971634927,355.31734399622684,2538.9727409721672,8735.62799764361,3449.0023245811826,304.1052556230059,0.0,0.0,0.0,0.0,0.0,0.0,0.00011422480107925592,133.58130544643572,409.3045380300491,468.0457723266515,2033.9121393080657,1988.2860590267853,211.28560925447042,18.61129608353095,0.0,0.0,0.0,0.0,0.0,0.0,0.0,0.016415723625444148,143.78002138993972,1761.9035840460042,393.994349299311,79.52947860042569,0.0,0.0,0.0,0.0,0.0,0.0,0.0,83770.49524964258,22019.41967202245,5263.02683370079,2379.223849059306,2019.8833333333332,1594.5870364014484,254.07275805814675,1274.0103788226718,863.7731641663601,135.08186419411487,642.4839748581074,526.0211700717615,55.46763228882712,685.1203090743572,339.5249690375127,629.9132009654602,48.657174353054366,318.9174072802896,215.94329104159002,184.1074095251165,283.4609404344571
2020-04-01,2376.3333333333335,356.4500000000001,2019.8833333333334,25.91260185287658,37964.57115062324,0.0,2.660442244344287,105.46403540236744,17530.999230940244,25456.8710863348,2853.0686917201724,0.0,0.0,2.0063864975085566e-07,247.1770074231151,1427.537044382236,4213.854490410084,722.6439038373203,353.153682548589,2555.6529451146976,8935.922249439505,3505.1569011262923,326.3119548357453,0.0,0.0,0.0,0.0,0.0,0.0,0.00010385724365831171,133.18481561939672,398.19786987655283,454.38637516298496,2042.2568965129428,2035.2317964430063,223.96207050599335,37.76427032536326,0.0,0.0,0.0,0.0,0.0,0.0,0.0,0.015429971389863156,144.37932179462027,1770.8716305153062,385.1111638427839,86.59350630277379,0.0,0.0,0.0,0.0,0.0,0.0,0.0,83939.54723911804,22287.410179318224,5324.984198303483,2386.971052426874,2019.8833333333332,1596.2481812699364,254.5831625879288,1275.6696291211588,870.9629514810534,136.7161703443334,647.8298731247701,529.7633166748404,56.10919184723556,688.3660210776482,341.913760546645,631.8045531860031,48.81426452407709,319.2496362539872,217.74073787026336,185.41716083619414,284.31204893370136
2020-05-01,2376.3333333333335,356.4500000000001,2019.8833333333334,24.295817709149404,38064.61825899728,0.0,2.4511170510543807,99.42943546496642,17298.829341993554,25400.57072022842,3216.5923999172323,0.0,0.0,1.7917791793432822e-07,249.39649598714516,1381.2809090694943,4234.895324313373,722.1335677749277,350.88935409622326,2571.274327059403,9130.340149829406,3558.819263149441,348.88368541830386,0.0,0.0,0.0,0.0,0.0,0.0,9.451975895407093e-05,132.94470820684245,387.96667873178643,441.604550789421,2049.5469171375153,2081.5474503063824,236.7469086503568,57.39142439441234,0.0,0.0,0.0,0.0,0.0,0.0,0.0,0.014516787812665091,145.24141424581495,1780.2651110382217,376.5308507441218,93.76569237335976,0.0,0.0,0.0,0.0,0.0,0.0,0.0,84106.78709136166,22547.913076876896,5387.748732736476,2395.8175851893307,2019.8833333333332,1597.5558863412252,255.0875947485088,1276.9985450159493,878.190132640619,138.30551481666078,653.22221361079,533.6978705269664,56.75980865083243,691.838660090948,344.3461558386463,633.998195763384,48.9939315651063,319.511177268245,219.54753316015476,186.79425468443824,285.2991880935228
2020-06-01,2376.3333333333335,356.4500000000001,2019.8833333333334,22.77672296517517,38162.3139330458,0.0,2.257858788316807,93.71549575412882,17060.37770552054,25335.68148943705,3595.412934908115,0.0,0.0,1.600618756627507e-07,251.76880808055157,1337.879257099632,4254.664418637605,721.4126890046729,348.539222145795,2585.836562113996,9318.728781514319,3610.018419371896,371.8279714327542,0.0,0.0,0.0,0.0,0.0,0.0,8.609673387330338e-05,132.84927879341402,378.55460801099827,429.6198189975929,2055.779643277708,2127.212837803549,249.63803421495032,77.47136474131713,0.0,0.0,0.0,0.0,0.0,0.0,0.0,0.013669359410734407,146.359023106363,1789.9741944817317,368.2478767696082,101.14945487988143,0.0,0.0,0.0,0.0,0.0,0.0,0.0,84272.53614041912,22800.676129561285,5451.125671936264,2405.7442185969953,2019.8833333333332,1598.5472087991016,255.5870754767491,1278.0447090729804,885.4333398158692,139.8483165727219,658.6425994804642,537.8480320445515,57.41762823612379,695.6026235123895,346.9036158425282,636.4802827874989,49.195707317226514,319.70944175982027,221.3583349539673,188.246811215593,286.4161272543745
2020-07-01,2376.3333333333335,356.4500000000001,2019.8833333333334,21.34963795596808,38257.71736916178,0.0,2.0794695490253514,88.30704943122178,16816.165626775077,25262.620719624287,3988.8469405173755,0.0,0.0,1.4302698947816165e-07,254.28860169942925,1297.1808828404255,4273.162518352121,720.5034672095113,346.1181234019345,2599.3430837780875,9500.959671478595,3658.7920727635833,395.14852465138426,0.0,0.0,0.0,0.0,0.0,0.0,7.848293036099941e-05,132.88520260432807,369.90691380929877,418.34443744456934,2060.94881842744,2172.193072514632,262.62755143819896,98.00597294482017,0.0,0.0,0.0,0.0,0.0,0.0,0.0,0.012881841651687286,147.72699413690745,1799.9214675012256,360.2631293213803,108.8211070661716,0.0,0.0,0.0,0.0,0.0,0.0,0.0,84437.08681301474,23045.496946318097,5514.912047666218,2416.7455798673363,2019.8833333333332,1599.250135470598,256.08252526712437,1278.8377670392813,892.6736485009501,141.3433017815158,664.0750048619019,542.2080527318407,58.08057640010739,699.665376362083,349.60122082895845,639.2445740238646,49.41944106787664,319.8500270941195,223.16841212523752,189.77281845614422,287.66005831073903
2020-08-01,2376.3333333333335,356.4500000000001,2019.8833333333334,20.009197783183883,38350.884525319496,0.0,1.9148386323475437,83.18952238907829,16566.740055406088,25181.854333832714,4396.114777747452,0.0,0.0,1.2784059124995758e-07,256.9517682499372,1259.0444897958064,4290.392875540037,719.4284907226257,343.64070586441613,2611.8003735219695,9676.925391408684,3705.184107496987,418.8452218957851,0.0,0.0,0.0,0.0,0.0,0.0,7.158574936684103e-05,133.03874317419184,361.97106222518266,407.6962393762084,2065.046592818141,2216.4462897367453,275.7028259143373,119.00945235436777,0.0,0.0,0.0,0.0,0.0,0.0,0.0,0.012149075587411736,149.34151081158998,1810.0435001173955,352.5797730294601,116.83630809466574,0.0,0.0,0.0,0.0,0.0,0.0,0.0,84600.70725111036,23282.213424624086,5578.911277184924,2428.813241128699,2019.8833333333332,1599.6881103952605,256.5747848424478,1279.4001083764786,899.8941849265622,142.78944514392586,669.5052363757126,546.7594233173893,58.74658353961763,704.019749988822,352.4352342756965,642.2871425828329,49.6649461446266,319.93762207905206,224.97354623164054,191.36579816108625,289.02921416227474
2020-09-01,2376.3333333333335,356.4500000000001,2019.8833333333334,18.750335937177123,38441.86878655032,0.0,1.7629361926548766,78.34891546188172,16312.666361540938,25093.889975318973,4816.3566253855415,0.0,0.0,1.1259435407423239e-07,256.53370897461303,1216.8697255571255,4292.321700748984,715.5568481937216,339.900483434649,2611.665029755839,9817.229224175846,3729.4609560401827,438.5515040797824,93.34420635581489,0.0,0.0,0.0,0.0,0.0,6.435944122244257e-05,131.80655077869523,352.7449226118769,391.4451870962176,2059.588404736236,2239.684305337977,286.1680393412027,138.43902021250966,45.10257663370404,0.0,0.0,0.0,0.0,0.0,0.0,0.011382145149880125,150.3905481515466,1806.4211869672868,342.7538084114679,124.06480513590462,16.797872666068837,0.0,0.0,0.0,0.0,0.0,0.0,84763.64393638748,23511.433387429155,5644.97907110786,2440.4396034774245,2019.8833333333332,1599.8820220406053,257.0646260155983,1279.7504883162085,906.3423581111558,144.18816739999176,674.9206386949216,549.428757085631,59.424087686353666,708.6515535768613,355.3936251563031,647.1076720896144,49.917519138521136,319.97640440812097,226.58558952778895,192.30006497997084,291.19845244032643
2020-10-01,2376.3333333333335,356.4500000000001,2019.8833333333334,17.5682686967231,38530.72139927076,0.0,1.622807349027376,73.7717869359174,16054.520819151106,24999.268798610217,5248.649437050576,0.0,0.0,9.922429564470204e-08,256.2780535364929,1176.8918948736525,4292.041512928477,711.4072933634397,336.0685465983041,2609.8207788350164,9948.926676831665,3750.2767502114184,458.2664668562676,193.41121084958505,0.0,0.0,0.0,0.0,0.0,5.791972598609364e-05,130.6953704403959,344.0881876955029,376.46653112256803,2052.6216134759643,2261.5230294547423,296.5125941705294,158.13937421544972,93.10474630940004,0.0,0.0,0.0,0.0,0.0,0.0,0.010675199071544132,151.66361872697573,1803.8162998725852,333.47311301915335,131.72576735903914,30.521719503545853,0.0,0.0,0.0,0.0,0.0,0.0,84926.12331706434,23733.389184983545,5713.151504804278,2451.211193680371,2019.8833333333332,1599.8511945945347,257.5527580619624,1279.9056176324843,912.4077805812591,145.5420394968335,679.7567685833669,551.4646389253464,60.11969596160224,713.0379117549481,357.12869210566015,652.1107035957245,50.15561795627686,319.9702389189069,228.10194514531477,193.01262362387124,293.449816618076
2020-11-01,2376.3333333333335,356.4500000000001,2019.8833333333334,16.458480275145543,38617.49177255983,0.0,1.4935667372157393,69.44523565565795,15792.883252639675,24898.556547930468,5692.024049262472,0.0,0.0,8.752111834713374e-08,256.19956565125733,1139.0255877365432,4289.550955502287,707.0025579267236,332.1595442541991,2606.2934356422056,10071.902719365133,3767.706414793017,477.97078251308284,300.35815659323816,0.0,0.0,0.0,0.0,0.0,5.218181166050028e-05,129.6977873461741,335.9593766195873,362.66821601770323,2044.1382779034157,2281.9598440584814,306.7092384469031,178.10280230272835,144.02433991289894,0.0,0.0,0.0,0.0,0.0,0.0,0.010021677500794671,153.14220763392328,1801.8377612890301,324.68255162267417,139.79744532739323,41.73702643384479,0.0,0.0,0.0,0.0,0.0,0.0,85088.35290506047,23948.169720065205,5783.259934789704,2461.2070139843663,2019.8833333333332,1599.6139135341668,258.0398318030367,1279.8809556756278,918.2483579038817,146.8520626900809,684.3058354359443,553.3632905487523,60.83411490176657,717.1129022791238,358.45201530147517,656.7408162664462,50.37626570868267,319.9227827068333,229.56208947597042,193.6771516920633,295.5333673199008
2020-12-01,2376.3333333333335,356.4500000000001,2019.8833333333334,15.416708682203437,38702.22769702741,0.0,1.3743934775930473,65.35688482791339,15528.330175781533,24792.33443011168,6145.481798268013,0.0,0.0,7.727393580583234e-08,256.29127547822185,1103.1748654172231,4284.846039948067,702.3628875801048,328.1864667296592,2601.10175682084,10186.05873861991,3781.8051978779376,497.631609329037,414.37414404988226,0.0,0.0,0.0,0.0,0.0,4.7060480929118774e-05,128.80196022644094,328.32050610989256,349.9148312307101,2034.1518379582112,2300.983777348855,316.7301213543423,198.31717108648775,197.90014187323686,0.0,0.0,0.0,0.0,0.0,0.0,0.0094151257189723,154.8060577389219,1800.029898288276,316.3162461431904,148.241979506722,51.17635645475363,0.0,0.0,0.0,0.0,0.0,0.0,85250.52208817634,24155.832981928157,5855.120394248658,2470.579953257583,2019.8833333333332,1599.1877077481668,258.52644246925917,1279.6911308273336,923.9091505965216,148.1187183678636,688.6862684279113,555.2596704491882,61.566138519769495,720.8935878032345,359.686138856689,660.9387590974046,50.58188943261349,319.8375415496333,230.9772876491304,194.34088465721587,297.42244159383205
2021-01-01,2516.5833333333335,356.4500000000001,2019.8833333333334,14.438927936426685,38777.24152264205,7.751094984324748,1.26452652922109,61.49486651744001,15261.428651213522,24681.190197396118,6608.010110634373,0.0,0.0,6.816386724872935e-08,256.1487254164544,1068.5468074956473,4276.341572357571,697.2090548647757,324.0265913897632,2592.9582001200592,10288.043319689148,3790.3453647293545,516.6260976626314,534.403715399086,11.667185225544427,0.0,0.0,0.0,0.0,4.233152828463163e-05,127.66206241753368,320.7204282308608,336.8377410134035,2020.8895100543962,2313.916097257158,325.88283839175665,218.1706845103381,253.7413758762891,10.971573021173047,0.0,0.0,0.0,0.0,0.0,0.008850022103260448,156.6371508242522,1798.0000670016827,308.31892937638327,157.01994610438635,59.482300452170456,0.0,0.0,0.0,0.0,0.0,0.0,85412.81989785348,24356.316634418203,5928.792353104437,2479.467243780978,2019.8833333333332,1598.5723660398478,259.01315761636573,1279.3501661985335,929.5244818953208,149.34203181317162,692.9318629473912,556.944574098395,62.315329993216004,724.4351032955449,360.91878579197237,664.7721898435045,50.775622928644964,319.7144732079695,232.3811204738302,194.93060093443825,299.147485429577
2021-02-01,2516.5833333333335,377.48750000000007,2139.0958333333333,13.521369135497942,38890.48099568014,16.811652239477958,1.163547452012902,57.8553170013006,15006.124954673342,24596.472633666068,7111.229347078136,0.0,0.0,6.01795495536162e-08,256.1531059267337,1035.747578947904,4265.578520360206,691.8503088203173,319.8233757937656,2583.1628864942318,10380.962847036537,3795.6030454472757,535.4689186855137,661.6855430669664,23.572628159589016,0.0,0.0,0.0,0.0,3.811424945247082e-05,126.62042573276133,313.5529512688743,324.75591212489155,2006.1957354117528,2325.532389317125,334.80207197397567,238.20268987731617,312.4990664915863,22.067900708743007,0.0,0.0,0.0,0.0,0.0,0.008321445307745099,158.61466247097982,1795.3565298860015,300.6356241973117,166.08499020220262,67.13459923522599,0.0,0.0,0.0,0.0,0.0,0.0,85693.65981692597,24549.60875879922,6004.229181021276,2487.8347274370294,2139.0958333333333,1598.3992166780442,259.8566975827912,1278.8578928318784,935.0439896313882,150.52177881946523,697.1433614214907,558.624291815975,63.08224168867789,727.6386775778843,362.0139731639568,668.3137205563943,50.95747336543891,319.6798433356088,233.76099740784704,195.51850213559123,300.7411742503774
2021-03-01,2516.5833333333335,377.48750000000007,2139.0958333333333,12.660430401889785,39000.57784428844,26.810283070581086,1.0704807117852504,54.419054549911756,14748.859489889532,24507.286818377088,7622.025112708274,0.0,0.0,5.31734305073051e-08,256.2985569122865,1004.7126779639002,4252.6368896383565,686.317336976231,315.59321530955873,2571.7999127765106,10464.928554010574,3797.731702947024,554.1397027799728,796.3890325963514,35.664570982408755,0.0,0.0,0.0,0.0,3.434563648992495e-05,125.6664651575384,306.79078118189716,313.5513491660133,1990.1288717870893,2335.8679959633137,343.4675819116667,258.38392104061336,374.18238387972093,33.232781460229674,0.0,0.0,0.0,0.0,0.0,0.007825872018145538,160.72636191699607,1791.899131075681,293.2413854374172,175.40587656990448,74.46679105341309,0.0,0.0,0.0,0.0,0.0,0.0,85973.70951399751,24736.212152946347,6081.272165893719,2495.74737192543,2139.0958333333333,1598.3480891105132,260.698047151299,1278.7193733424356,940.4550321904355,151.6609470048751,701.2829922235411,560.37437057932,63.865636771777844,730.6783359864006,363.10578968038374,671.6364558240831,51.129235673916966,319.66961782210257,235.11375804760888,196.131029702762,302.2364051208374
2021-04-01,2516.5833333333335,377.48750000000007,2139.0958333333333,11.852737023219554,39107.450106416494,37.84500118675661,0.984722506035151,51.17569767867374,14490.150024098037,24414.17554948072,8139.336982451894,0.0,0.0,4.6731566487900254e-08,255.29095563388444,973.238725841929,4232.6057231867235,679.695970483037,310.93046315095853,2554.8320869607314,10529.846555918397,3789.6060169849006,570.5564079388578,933.535464148177,47.47357528335881,39.15765777054259,0.0,0.0,0.0,3.0798991875103006e-05,124.26966687597135,299.7771143768473,301.33801897943226,1970.063956206536,2337.536041446364,350.7537829723608,277.58674802922235,436.76947825620783,44.08707022921388,18.30114797064916,0.0,0.0,0.0,0.0,0.007285864930355678,161.74341053279863,1768.9579110670113,283.3246227542837,182.62734048984777,80.34795075334988,28.863554983815156,0.0,0.0,0.0,0.0,0.0,86252.97082084182,24916.769603348224,6160.483056141797,2505.8720764460368,2139.0958333333333,1598.2974967405066,261.5370297484946,1278.6784712884107,945.3588044151192,152.76221647140883,705.3412741428267,561.4628411243541,64.66754277039445,733.6433915798037,364.243340876558,672.2014959352257,51.31719112397144,319.65949934810124,236.3397011037798,196.51199439352393,302.49067317085155
2021-05-01,2516.5833333333335,377.48750000000007,2139.0958333333333,11.095107113196454,39211.014454103286,50.024266795847325,0.9057137905262039,48.115320175044026,14230.497587156939,24317.67450382576,8662.146456764045,0.0,0.0,4.109984548919491e-08,254.4244765359394,943.3654466181966,4210.2905387294595,672.9091376578599,306.25114071789034,2536.2776317948314,10585.475149858095,3778.3133051580076,586.6305198370574,1077.54702732951,59.37148220164757,80.75110887653247,0.0,0.0,0.0,2.7639577077019363e-05,122.95680934475863,293.1120788275272,290.0416031383103,1948.6866566233857,2337.925317518768,357.7102940769165,296.775734751011,501.9708377770898,54.91922075478669,37.570978784338166,0.0,0.0,0.0,0.0,0.006785278984042279,162.83197984619812,1746.1644211415364,273.9078887255121,190.0963263891629,86.3215956418885,57.818381523979326,0.0,0.0,0.0,0.0,0.0,86531.47340972464,25091.606965356128,6241.669559236469,2517.1473785472617,2139.0958333333333,1598.2195517455991,262.3736927049214,1278.6379973924054,949.9724344872217,153.82820089728548,709.0191033113393,562.3443022264056,65.48829799026126,734.6616694952043,364.95084673083016,671.8676607417735,51.5187066522058,319.6439103491198,237.49310862180542,196.82050577924196,302.34044733379807
2021-06-01,2516.5833333333335,377.48750000000007,2139.0958333333333,10.384541164800059,39311.1811301981,63.46780109163876,0.8329369101160644,45.22843405790689,13970.380647578051,24218.300583033713,9189.480497628549,0.0,0.0,3.6172809508533446e-08,253.68703141380348,915.0246921162827,4185.758087138323,665.9790067596292,301.5667529098838,2516.2105070604475,10631.919497263296,3763.977739349702,602.3298449590975,1228.3356358281108,71.34097546734381,124.8068360190762,0.0,0.0,0.0,2.4821328207708646e-05,121.71850134036033,286.77339703495505,279.563920173775,1926.072569166765,2337.0763588858313,364.32109441616547,315.8961975916204,569.6928252641899,65.70971993771501,57.804179139369836,0.0,0.0,0.0,0.0,0.006320839002397592,163.97728239821794,1723.334949816481,264.9635646515602,197.74952165863843,92.39701505883792,86.68811840474947,0.0,0.0,0.0,0.0,0.0,86809.25657166289,25260.93660632117,6324.628787772077,2529.1167728274872,2139.0958333333333,1598.10453192957,263.208139465537,1278.5756413964793,954.3855568227666,154.86044360867052,712.4793258654163,563.1933871653337,66.32671016447665,735.0510098551391,365.52379644716365,671.3501094332997,51.731506141613025,319.62090638591394,238.59638920569165,197.11768550786678,302.10754924498485
2021-07-01,2516.5833333333335,377.48750000000007,2139.0958333333333,9.718212133448352,39407.8512940892,78.30752631612003,0.7659125848718743,42.505974886287554,13710.252280742543,24116.545205986127,9720.4154767755,0.0,0.0,3.185657470089097e-08,253.05965958457313,888.1458484127947,4159.0818064876985,658.9265744711446,296.8878610590433,2494.7065856134564,10669.311327462725,3746.7216135535928,617.6196541054994,1385.7456394060443,83.36804542002014,171.3594042090681,0.0,0.0,0.0,2.230315895484639e-05,120.54547596149276,280.7415892314537,269.81043470890336,1902.311219835329,2335.039721193297,370.5747940129691,334.8917537090594,639.8224730522803,76.44431420238543,79.00159109042983,0.0,0.0,0.0,0.0,0.005889777011222703,165.17874425862868,1700.4295860278678,256.48103437536923,205.54172502641978,98.55569084809085,115.43019940336708,0.0,0.0,0.0,0.0,0.0,87086.3618835141,25424.934019817512,6409.183389300759,2541.622869716755,2139.0958333333333,1597.9500301826185,264.04049129947794,1278.483625543656,958.6261288526274,155.8600831946807,715.789167617075,564.0533627653695,67.18120332302232,735.3182618457818,366.0757016574669,670.857731839945,51.95443311656946,319.5900060365236,239.65653221315685,197.4186769678793,301.88597932797524
2021-08-01,2516.5833333333335,377.48750000000007,2139.0958333333333,9.093456023394157,39500.915132344235,94.6885931092998,0.7041971488968171,39.93928793006184,13450.538759509744,24012.869941503795,10254.08023746117,0.0,0.0,2.7777476133101775e-08,250.3568523481382,859.3601260164604,4122.513379701816,650.2738223413971,291.5651119200083,2465.3777627370737,10682.045311607168,3715.079798921266,628.7497565826332,1538.5093391511348,94.52196659242276,217.58645148070093,66.84408934162917,0.0,0.0,2.004934647315043e-05,119.4291085138695,274.9990563013753,260.6978641920159,1877.499678419264,2331.87101335738,376.4636392554395,353.70440013942266,712.2240935835531,87.11192797056152,101.16443940750916,0.0,0.0,0.0,0.0,0.005489433958901835,166.4377889482573,1677.4202286458067,248.44704036399324,213.43253026956745,104.7642978805292,144.0650084126254,0.0,0.0,0.0,0.0,0.0,87362.8296050306,25582.783768769626,6495.165241189737,2554.5723839547386,2139.0958333333333,1597.7572409053269,264.8708709115188,1278.360024146095,963.6851052227229,156.82516997126393,718.9695966394705,564.9375945564224,68.05015019406927,735.6064383094599,366.63468579749014,670.4705061196726,52.186417951803186,319.5514481810653,240.92127630568072,197.7281580947478,301.71172775385264
2021-09-01,2516.5833333333335,377.48750000000007,2139.0958333333333,8.507762953666257,39590.25027816429,112.77047855611383,0.6473799998849525,37.52011474265275,13191.639030405186,23907.703661594674,10789.658057539216,0.0,0.0,2.4238722319186513e-08,247.81827766857506,831.9260090827722,4083.751948288286,641.4989649143616,286.25289662519134,2434.6555405382205,10685.569156588515,3680.564148359246,639.2985631960507,1696.1662967641107,105.63708737929886,265.9986707897315,135.05026229744692,0.0,0.0,1.803297895211494e-05,118.38064578791237,269.5518213887507,252.21348942299653,1851.8299474949044,2327.9051440212825,382.02693381208036,372.3249054710779,786.8391222346967,97.71988030611519,124.31790973159492,0.0,0.0,0.0,0.0,0.005117307850148352,167.75545001207246,1654.28313185734,240.84539093111272,221.3858449189612,110.98495856478934,172.64430363845696,0.0,0.0,0.0,0.0,0.0,87638.69676395568,25734.18782251604,6583.109817704391,2567.904197230583,2139.0958333333333,1597.5292802355832,265.69939417267796,1278.2057927242615,969.0493726744301,157.75236630341163,722.7638289170421,565.8801529482388,68.9390994541507,735.9682148274944,367.20943646167456,670.2099064008479,52.426495150801955,319.5058560471166,242.26234316860752,198.05805353188356,301.5944578803815
2021-10-01,2516.5833333333335,377.48750000000007,2139.0958333333333,7.958768681266085,39675.72037073279,132.72814336270946,0.5950812342229439,35.240579948160104,12933.92479925346,23801.440824550093,11326.3875681405,0.0,0.0,2.1169786243100975e-08,245.4441862449534,805.8029296228808,4042.9302869693893,632.6280074508936,280.96315557520865,2402.667146738276,10680.150163373724,3643.385898244183,649.2641063355254,1858.3113515369796,116.7028981871033,316.58011807650826,204.2354996713403,0.0,0.0,1.6227670416068054e-05,117.39998177708875,264.39355086120224,244.31207105552323,1825.4407532893108,2323.3112553918236,387.2819752477154,390.7192322826195,863.5435876457537,108.26887081157221,148.472999712083,0.0,0.0,0.0,0.0,0.004771124931242366,169.13241939746487,1631.0116971211048,233.65958043572994,229.37148615548688,117.18150188116647,201.2337473471738,0.0,0.0,0.0,0.0,0.0,87913.9961359032,25879.06574804814,6673.144294302363,2581.5952034630577,2139.0958333333333,1597.270295663915,266.5261657218885,1278.0234241884666,974.5049475601643,158.64055109621052,726.7870295058226,566.9031157350166,69.84943717283306,736.4375479368216,367.82209941635523,670.0723509733714,52.67419073097474,319.45405913278296,243.62623689004107,198.4160905072558,301.5325579380171
2021-11-01,2516.5833333333335,377.48750000000007,2139.0958333333333,7.44424656035288,39757.17368377892,154.75323661023504,0.5469494494368115,33.093178160296155,12677.741047546064,23694.440641940837,11863.562765595227,0.0,0.0,1.850593304513789e-08,243.2222009022537,780.9443132244317,4000.186208110469,623.68545907831,275.70677081619544,2369.5383304377656,10666.080983781407,3603.7499576733694,658.6408889075741,2024.4848572931342,127.70780063604974,369.3013041148487,274.1620602170857,0.0,0.0,1.460957048841096e-05,116.48306249291137,259.5135730797719,236.94258094860012,1798.4496778560429,2318.191460937408,392.2384738513263,408.84398904401917,942.1751548876229,118.75684831045572,173.63161853268474,0.0,0.0,0.0,0.0,0.0044488344554383785,170.56870613339655,1607.614653029827,226.8732203934915,237.36434672369364,123.32143861985593,229.9006439102313,0.0,0.0,0.0,0.0,0.0,88188.75574964138,26017.411135211398,6765.226454550414,2595.6474576449514,2139.0958333333333,1596.9849428987527,267.3512766964146,1277.816236531132,979.9813730997436,159.48947626812313,730.8787106701232,568.0157659698853,70.78078445218782,737.026818263115,368.4870252277608,670.0451438368119,52.92942024440957,319.3969885797505,244.9953432749359,198.80551808945984,301.52031472656535
2021-12-01,2516.5833333333335,377.48750000000007,2139.0958333333333,6.9620999170429005,39834.44179490928,179.0553343726633,0.5026596995279684,31.070761001081202,12423.406849746289,23587.02694637786,12400.53227714224,0.0,0.0,1.6190472023331413e-08,241.13543036862163,757.3019834429127,3955.664220378582,614.6950291580068,270.4939273110491,2335.3962138526203,10643.67954447337,3561.861921111081,667.4247664845265,2194.184061778515,138.63965723076072,424.1187580095782,344.6668159909852,0.0,0.0,1.3157796233074341e-05,115.62535170703237,254.9005539690119,230.05911780651115,1770.9672675919196,2312.6275441024613,396.9054511813634,426.6548363950459,1022.549055734254,129.18094285126355,199.7891975429616,0.0,0.0,0.0,0.0,0.004148589276661174,172.06350451838622,1584.1131571836288,220.4702106798366,245.34335848925377,129.3765117823583,258.7054200603294,0.0,0.0,0.0,0.0,0.0,88462.99872316599,26149.262329606805,6859.259332039621,2610.0763113030694,2139.0958333333333,1596.678056062993,268.1748037457153,1277.5879543190022,985.4375094219934,160.29925050160753,734.9860298248077,569.2209713343199,71.73218100128007,737.735076990672,369.2102478804254,670.113890431353,53.19233290120028,319.3356112125985,246.35937735549834,199.22733996701194,301.5512506941088
2022-01-01,2453.5,377.48750000000007,2139.0958333333333,6.510354820278285,39907.33828933577,205.86319501454216,0.46191159111775826,29.16652421504222,12171.216392620028,23479.488611618162,12936.698039053314,0.0,0.0,1.4174468764845002e-08,239.166318632636,734.8280683349949,3909.515291590472,605.6798519567017,265.33424945152166,2300.369767362687,10613.286845815554,3517.9301088025068,675.6150923755865,2366.8735722072342,149.48603512830587,480.97475369017457,415.62918764573305,0.0,0.0,1.1854137597567314e-05,114.82260679073798,250.54326827017007,223.62223318169816,1743.0994703026058,2306.691355611401,401.2926096379391,444.10898484633924,1104.4636580399008,139.53767006349187,226.93476810162923,0.0,0.0,0.0,0.0,0.0038687263697174132,173.61531872613102,1560.5394256238844,214.43500425950685,253.29084865049163,135.32290189590395,287.6959444081085,0.0,0.0,0.0,0.0,0.0,88736.74331826826,26274.68914300828,6955.11663670005,2624.903312290396,2139.0958333333333,1596.3544293623404,268.99680886872443,1277.3424448503945,990.845420205391,161.07021124352457,739.0781320664951,570.5184707366585,72.70235666940695,738.5562711045521,369.99363136730796,670.2660596559706,53.46321046125491,319.270885872468,247.71135505134774,199.68146475783047,301.61972684518673
2022-02-01,2453.5,368.02500000000003,2085.475,6.087150416823694,39957.783299898576,234.65439984402946,0.4243828161306567,27.372702049938365,11917.44185612275,23359.30998364426,13453.72834390606,0.0,0.0,1.241640814306873e-08,237.29867239384444,713.4759566895764,3861.89587974633,596.6625369438167,260.23685502414827,2264.5894002932905,10575.263882047717,3472.1657097148327,683.2157489596118,2541.995718883795,160.23438445765478,539.7973497279736,486.95277276681617,0.0,0.0,1.0682685557673107e-05,114.0711662226076,246.43090394145986,217.5985442720798,1714.948304290052,2300.4492086693353,405.4108084711055,461.16668579054874,1187.704862419798,149.82296669983717,255.05085332796395,0.0,0.0,0.0,0.0,0.0036077469349898262,175.22218642213878,1536.9357053180672,208.75281516419398,261.19215011940446,141.14128827945052,316.9039199669105,0.0,0.0,0.0,0.0,0.0,88956.80211869856,26393.784867661827,7052.654314787472,2640.151673017101,2085.475,1595.759091691068,269.6571078786324,1277.0835434898725,996.184958347104,161.80286048922426,743.1340651540432,571.9065314273889,73.68985563923138,739.4833387896119,370.8370059788281,670.4925812174707,53.74239684543676,319.15181833821356,249.046239586776,200.1672859995861,301.7216615478618
2022-03-01,2453.5,368.02500000000003,2085.475,5.6907412015280405,40003.65190844219,266.39482023696047,0.3898666295544052,25.68455719392907,11666.508169982053,23239.692846053807,13968.906358562832,0.0,0.0,1.0880954494112526e-08,235.51278837396694,693.1928232866038,3812.947897324539,587.6614023452289,255.20875784961018,2228.1706631964257,10529.951901757859,3424.753701079694,690.2245758904994,2718.9392875555823,170.86879853978817,600.4888565061208,558.5366985718234,0.0,0.0,9.629482410536152e-06,113.36803451684374,242.55318926635937,211.95982080716084,1686.6119234485147,2293.9639043898355,409.2721887831142,477.7922425235088,1272.0501657031175,160.03220705469076,284.1134071660121,0.0,0.0,0.0,0.0,0.003315651426264819,174.98543667239002,1491.2105017658328,200.5154785760656,264.331105903255,143.55054804396747,342.36196728453876,43.224094714090754,0.0,0.0,0.0,0.0,89176.91926830285,26506.458152288626,7151.717093288639,2660.1824486115665,2085.475,1595.0404523955199,270.3173980001899,1276.6072733528545,1001.4373954806575,162.49659324539763,747.1387187603281,573.3828337975712,74.69310646159069,740.5101650974118,371.7392454278028,666.4086126756623,54.07077682728296,319.0080904791039,250.35934887016438,200.6839918291499,299.883875704048
2022-04-01,2453.5,368.02500000000003,2085.475,5.319481756865239,40044.717966615586,301.37089774044506,0.35812586826692777,24.096235532693935,11418.641086329544,23120.84195283043,14481.809735183815,0.0,0.0,9.538328036491269e-09,233.79581041350488,673.93306699073,3762.827874749548,578.6964710971685,250.2574954856478,2191.238718306507,10477.728315963363,3375.898124850103,696.6510453106351,2897.1117318082543,181.37536419920403,662.943888259688,630.2924712747758,0.0,0.0,8.682213502024141e-06,112.71079502540681,238.9003545218104,206.68178809088616,1658.1841384728018,2287.294520571527,412.88994497433976,493.95446803126106,1357.2720170419075,170.16014966767239,314.0917123721598,0.0,0.0,0.0,0.0,0.003047882585283511,174.74241272501186,1447.2308474957792,192.8418162841952,267.60996995066546,146.16600243495503,367.55504086895974,88.50628883859756,0.0,0.0,0.0,0.0,89397.15548185766,26612.75037871867,7252.139897451986,2684.6554264807487,2085.475,1594.2608314643521,270.9779549808454,1276.032361916416,1006.5885186942014,163.15161679217306,751.0780466104932,574.9448045608422,75.71043788630485,739.2235789400356,372.6988419684213,660.2879810197767,54.462620051076435,318.8521662928704,251.64712967355035,201.23068159629474,297.1295914588995
2022-05-01,2453.5,368.02500000000003,2085.475,4.971824088607343,40080.7289187797,339.8922750306748,0.3289414755345724,22.602176046305814,11174.043971985999,23002.926434996698,14992.055139232403,0.0,0.0,8.363393410610886e-09,232.1393885449835,655.6551978161064,3711.6982623585236,569.7879778137958,245.3905021074297,2153.921253306326,10418.98889915919,3325.809631308471,702.5121632517433,3075.936427915306,191.74131453140038,727.047197809339,702.1340461833054,0.0,0.0,7.829963572412343e-06,112.09755914530191,235.4631437308916,201.74327039143327,1629.7542149336018,2280.496802568815,416.27820440488125,509.6271386368473,1443.141486694013,180.20099127965267,344.9485495956949,0.0,0.0,0.0,0.0,0.0028020551943616938,174.4635555799215,1404.678003068154,185.66676259283926,270.9062308905093,148.83489795828692,392.34489338348556,136.00669702327946,0.0,0.0,0.0,0.0,89617.54968163592,26712.762262114287,7353.751369211096,2712.90384255167,2085.475,1593.441872088129,271.638928133602,1275.4086651714817,1011.6282739229782,163.76850785288485,754.9413890206511,576.5898021466504,76.74011511488982,736.8725125254246,373.7141229645474,653.704762870042,54.91933358446045,318.6883744176257,252.90706848074456,201.80643075132764,294.16714329151887
2022-06-01,2453.5,368.02500000000003,2085.475,4.646312111781193,40111.4069848488,382.29269568447967,0.3021111999856808,21.197099326849834,10932.900154898336,22886.084188837183,15499.29799302815,0.0,0.0,7.3346183232160745e-09,230.5383550252749,638.3203435862011,3659.722694943859,560.955628683877,240.61481125438462,2116.344692562894,10354.137930367639,3274.698877150313,707.8301969033149,3254.854880634591,201.95467005458636,792.6732525832347,773.9718004135361,0.0,0.0,7.063019400047033e-06,111.5268968511243,232.23280753679825,197.12548610061543,1601.4066747097922,2273.6232791645125,419.45187152754016,524.7892627819057,1529.4317332352687,190.14845125033474,376.6405190995528,0.0,0.0,0.0,0.0,0.002576282042249695,174.14617456849007,1363.4567867171027,178.95383772359637,274.1484673431157,151.44878244356727,416.6419025426739,185.90466506988724,0.0,0.0,0.0,0.0,89838.12753993555,26806.61813417104,7456.3769893204635,2744.7031926904756,2085.475,1592.5967274585862,272.3004142417563,1274.7534976705033,1016.5496313681316,164.34799424561592,758.7212054422337,578.3152136806411,77.78037165222455,734.3209909738459,374.7833713953228,647.0812545345979,55.440386300443514,318.51934549171716,254.1374078420329,202.4103247882244,291.186564540569
2022-07-01,2453.5,368.02500000000003,2085.475,4.341576430526533,40136.449411294365,428.93068595743375,0.27744836711643067,19.87599596198189,10695.374567551777,22770.42472695145,16003.230979712434,0.0,0.0,6.433482621879373e-09,228.99011914549985,621.891805137158,3607.0638563337543,552.2183617233018,235.93697534373416,2078.6325743028297,10283.583444615617,3222.7737786219477,712.6317174083462,3433.3326895941973,212.0042755522202,859.6873550989604,845.7098374488455,0.0,0.0,6.372707975836231e-06,110.99774617378986,229.20106875029333,192.81145886696532,1573.221065563444,2266.723003809199,422.42641762953434,539.4251376579865,1615.9210721374375,199.9958605347941,409.1184704361064,0.0,0.0,0.0,0.0,0.002368796526130817,173.7916947682224,1323.4895162421035,172.66851747632654,277.27821613787694,153.92802165978466,440.35976126097074,238.3749810524126,0.0,0.0,0.0,0.0,90058.90539222708,26894.456790332843,7559.841307932259,2779.8930773942234,2085.475,1591.7346714828166,272.96247622567284,1274.077381966869,1021.347828268409,164.89089753665849,762.4122235260987,580.1184730961528,78.82943181815244,731.7995788864456,375.90488889241675,640.5854484932405,56.02424568945727,318.34693429656323,255.33695706710225,203.04146558365346,288.2634518219582
2022-08-01,2453.5,368.02500000000003,2085.475,4.056329397788912,40155.52860510189,480.1899684367946,0.2547807301746553,18.634115050002514,10461.615108460031,22656.03149695543,16503.58217265875,0.0,0.0,5.643917486226813e-09,227.4941402096804,606.3347543260318,3553.8818425831055,543.594190301119,231.36302056945942,2040.904345755632,10207.733497807874,3170.2374411041646,716.9467851380136,3610.8649594047833,221.87987625913445,927.9470925545583,917.244661743443,0.0,0.0,5.75126494035347e-06,110.50931805944606,226.36007474664112,188.7855559111576,1545.2717474065084,2259.841119864417,425.2176481093394,553.5242385208046,1702.395622588344,209.7362553896968,442.3280346070344,0.0,0.0,0.0,0.0,0.0021779695730471563,173.40182293335266,1284.7048027264955,166.77723503729504,280.24811374918534,156.21975672685863,463.4085333010631,293.5825928485825,0.0,0.0,0.0,0.0,90279.89257679087,26976.42660776264,7663.969620954654,2818.3450352924056,2085.475,1590.8626629201087,273.62515251611353,1273.3877371862534,1026.0198177410095,165.3981020154422,766.0108712013067,581.9970307243432,79.88552745456714,729.3990041837817,377.07700751249934,634.2779884449384,56.669057840661104,318.17253258402167,256.5049544352524,203.6989607535201,285.42509480022227
2022-09-01,2453.5,368.02500000000003,2085.475,3.78936044109774,40168.2924311242,536.4795429307289,0.2339493986857965,17.466952938216213,10231.75384143963,22542.96393613894,17000.113052471428,0.0,0.0,4.952046591803703e-09,226.05144039769624,591.6159844832342,3500.33280149372,535.1000853602824,226.89841761798982,2003.2743921777906,10126.993005601367,3117.286442195154,720.8081782304073,3786.9806588741367,231.5721924934071,997.3039412371252,988.4648317885093,0.0,0.0,5.1917261125565765e-06,110.06100611463862,223.7023451449857,185.03314376763404,1517.6277205308768,2253.018371669429,427.84146769817244,567.0809777651639,1788.651516472674,219.36247423998788,476.21024593481775,0.0,0.0,0.0,0.0,0.0020023260542574232,172.97740016058623,1247.0395493915307,161.24804586711065,283.02111801716933,158.2926181343048,485.6935341699015,351.67865338194366,0.0,0.0,0.0,0.0,90501.09306688292,27052.68237195577,7768.589274530107,2859.952921448601,2085.475,1589.9860468986603,274.2884630092781,1272.6901303360871,1030.5638318466945,165.8705342962644,769.5148633057572,583.9482989515643,80.94691077874134,727.1509636155392,378.29806997082306,628.1701123969966,57.3729650623476,317.997209379732,257.6409579616736,204.3819046330475,282.67655057864846
2022-10-01,2453.5,368.02500000000003,2085.475,3.5395316412076077,40174.36482670652,598.2333625265908,0.21480784095802835,16.370242230374455,10005.908080145968,22431.259355545015,17492.616520412084,0.0,0.0,4.3458701657014155e-09,224.66416155929406,577.7036932650144,3446.5677896841025,526.7518844726166,222.548062894107,1965.8512509047673,10041.761037443168,3064.1093915141973,724.250654693652,3961.2458191935207,241.07298046246007,1067.6049401883988,1059.2513666144537,0.0,0.0,4.687836904252647e-06,109.6523063303093,221.2207197423728,181.54034285448728,1490.35250739464,2246.290634939838,430.3136565672384,580.0943654482752,1874.4966654799423,228.86725534075177,510.70223574699185,0.0,0.0,0.0,0.0,0.0018405463406356804,172.51824018269704,1210.4418584023863,156.0513104012183,285.5695407770779,160.13098894408648,507.11665110014985,412.79706875027665,0.0,0.0,0.0,0.0,90722.50672704872,27123.3830328941,7873.530694532683,2904.6274991042333,2085.475,1589.1089264361087,274.9524133981053,1271.9888375189284,1034.9790278162877,166.30914876431348,772.9228738850209,585.969589451066,82.01186443137688,725.0599561368649,379.5663943185168,622.2511398919885,58.13423858924381,317.8217852872217,258.74475695407193,205.0893563078731,280.0130129513948
2022-11-01,2453.5,368.02500000000003,2085.475,3.3057735509413275,40173.346846144734,665.9095284987001,0.19722095641921908,15.339941090900625,9784.181381724475,22320.934691317805,17980.91496082284,0.0,0.0,3.814617596683144e-09,223.3351734298514,564.5672928472087,3392.731823844152,518.5642232708215,218.31626820213862,1928.7369903841911,9952.428517009437,3010.88574225102,727.3102557202898,4133.265588413822,250.37507471917633,1138.6943716434712,1129.4787330689142,0.0,0.0,4.2339765811962085e-06,109.28274936074456,218.9083098600933,178.29386085425602,1463.5040925214164,2239.6885132478565,432.6496660191631,592.5675997473853,1959.752098129944,238.2433330444079,545.7379775348829,0.0,0.0,0.0,0.0,0.0016460482903267412,168.63917102054575,1142.9340767400515,147.07009348695505,278.60352824529787,155.0931451491997,518.0939775194221,467.3140417049344,77.04847276921288,0.0,0.0,0.0,90944.13034410682,27188.69005480831,7978.628204554127,2954.7981526839094,2085.475,1588.2343843395297,275.6169986023732,1271.287141148887,1039.2652024360132,166.71491679866375,776.2342708622158,588.0580514378931,83.07870940287985,723.1183600837867,380.8802331431929,613.9725054385025,58.97520106560752,317.64687686790586,259.8163006090033,205.8203180032626,276.2876274473261
2022-12-01,2453.5,368.02500000000003,2085.475,3.0870812421268754,40164.818229704826,739.98892669002,0.18106421357997632,14.372222864195573,9566.66446414507,22211.988140975463,18464.858379106587,0.0,0.0,3.349107325608776e-09,222.0677378710424,552.1772460838865,3338.9631117405925,510.5504869202195,214.20675777994092,1892.0267411239524,9859.376298253188,2957.784841279033,730.0236604052247,4302.685223652709,259.4724109603199,1210.4153968532587,1199.0162654243154,0.0,0.0,3.825091813743551e-06,108.95184628268126,216.75845505476894,175.2808863617586,1437.1349206275995,2233.2370288551065,434.8644393818634,604.5076126719158,2044.252892350707,247.48353082301196,581.2490622559344,0.0,0.0,0.0,0.0,0.0015026525372464612,167.20155539583266,1102.5365280399553,141.711420565057,278.99476566424903,102.18626043466665,534.5100772668353,531.1092225818801,160.36227699895133,0.0,0.0,0.0,91165.95850894187,27248.76617835103,8083.720678490439,3018.613609599965,2085.475,1587.364629527625,276.2822056373068,1270.587507471624,1043.4225652756159,167.08881865328476,779.4489018270099,590.2106165621192,84.14581132857823,719.922611425807,382.23773343463057,596.1245772214145,59.98257728833695,317.47292590552496,260.85564131890396,206.5737157967417,268.2560597496365
2023-01-01,2648.111724436014,368.02500000000003,2085.475,2.882510569061362,40148.33958003914,820.973230878898,0.1662228495179632,13.463466021361727,9353.43605756119,22104.400694730208,18944.322627765563,0.0,0.0,2.941062802651251e-09,220.86523026246562,540.504927915104,3285.3924503051944,502.72277992691215,210.22267188788277,1855.8083666844468,9762.973590020647,2904.9652057317503,732.4276006333147,4469.190139391061,268.36002959307984,1282.611604650218,1267.7298841428922,0.0,0.0,3.456639748282661e-06,108.65904765848549,214.76468628371805,172.4890268777051,1411.2919501613849,2226.9554226118853,436.97226133007723,615.9245929745794,2127.848739772057,256.5808495441761,617.1654826388966,0.0,0.0,0.0,0.0,0.0013675585091298958,165.34801417567695,1060.448616357672,136.26490540557484,278.15907872946707,64.86149578033897,548.4697068358219,596.240680060084,241.70232537891889,0.0,0.0,0.0,91387.98439041495,27303.77448114791,8188.652063309604,3091.4961902820637,2085.475,1586.501102430208,276.94801609673084,1269.8917036221,1047.4515635374994,167.43183728772254,782.5669239567119,592.4239536115026,85.21158552604365,711.5054182371555,383.6369007653775,577.4731683579746,61.14966919708171,317.30022048604155,261.86289088437485,207.3483837640259,259.86292576108855
2023-02-01,2648.111724436014,397.21675866540215,2250.8949657706116,2.6911772105686014,40173.57198406648,916.7987918229876,0.15264257575879228,12.611889472336316,9153.682600750033,22036.31032756953,19478.53531513549,0.0,0.0,2.583561162545056e-09,219.73091634255093,529.5225111149194,3232.142777901684,495.091912742447,206.36657625297894,1820.162262509094,9663.576701916429,2852.5740121290246,734.5583424136255,4632.505150368374,277.0340615631448,1355.12843869108,1335.4839934647212,0.0,0.0,3.1245369426784127e-06,108.40371501267892,212.92069598193086,169.90627813573585,1386.0167575356209,2220.8570675857036,438.98663697454833,626.8315046993839,2210.4041848564334,265.5285498165795,653.4164065547418,0.0,0.0,0.0,0.0,0.0012407573913286768,163.09951277052312,1017.0643400039005,130.75967277060354,276.1646458427548,39.92986312234933,559.893408619382,662.4954420143689,321.33246002883396,0.0,0.0,0.0,91774.35472860318,27353.877657412657,8293.271800277893,3170.7405859301075,2250.8949657706116,1586.4158603833089,278.1087671990618,1269.2008819441664,1051.352752029063,167.74495365035747,785.5886726531246,594.69443461815,86.27450106668614,702.6858124443627,385.0755698474767,560.9899489434694,62.45146785284973,317.2831720766617,262.8381880072657,208.1430521163525,252.4454770245612
2023-03-01,2648.111724436014,397.21675866540215,2250.8949657706116,2.5122453137972403,40188.844541782346,1021.2222197507311,0.14016892790757773,11.812456561369215,8958.025183249312,21968.903635669874,20007.842466693033,0.0,0.0,2.270352071207733e-09,218.68436666511437,519.2224816245244,3179.3718817316803,487.6768546075357,202.6444790987159,1785.1968615075955,9561.603596464327,2800.8121401208646,736.4843782013252,4792.545569880978,285.5051061863634,1427.866727320602,1402.224459472279,0.0,0.0,2.82511405413952e-06,108.18510339768238,211.22031504605272,167.52101451455547,1361.3456861834006,2214.949493740619,440.9202005887697,637.2436163119106,2291.798585607589,274.3202274987621,689.9309215447672,0.0,0.0,0.0,0.0,0.0011229563123966802,160.5473231040772,973.4040113031907,125.30692523925246,273.3058680339087,23.940513118513174,568.9291925122461,729.8531305387762,399.62610573396245,0.0,0.0,0.0,92159.30291794837,27399.838902884178,8397.435167259224,3254.914192540239,2250.8949657706116,1586.6810063103285,279.26577011508533,1269.1326883066472,1055.138644594202,168.03279824092996,788.5145640217972,597.0181129286175,87.33308411185055,695.0958544207058,386.55138250179755,547.0576575590505,63.864590251523005,317.33620126206563,263.7846611485505,208.95633952501612,246.17594590157273
2023-04-01,2648.111724436014,397.21675866540215,2250.8949657706116,2.3449326867121165,40193.59867484789,1134.8299524895806,0.12871245911376678,11.062110599543693,8766.50886077208,21902.058452744797,20532.1253159733,0.0,0.0,1.9959783938836217e-09,217.73352274013357,509.5854456508964,3127.2025670131434,480.4895665486223,199.05940237834272,1750.9906767432979,9457.409853091387,2749.827097239009,738.2526536634206,4949.178005555711,293.77726305348233,1500.7042123133317,1467.8556413045608,0.0,0.0,2.555080946878015e-06,108.00255036011144,209.6577089192445,165.3224320384331,1337.3107236012738,2209.2373988792947,442.7851761407742,647.1788058569247,2371.927706051847,282.9502039138511,726.639380764203,0.0,0.0,0.0,0.0,0.0010145757884876569,157.78503024913823,930.3868915139701,120.00707875787447,269.8719083862274,14.02071055181414,575.7713109258166,798.3208265619406,476.9163257871618,0.0,0.0,0.0,92542.65701257302,27442.065907297336,8501.012089081038,3343.081097309732,2250.8949657706116,1587.1226235563852,280.41824758958984,1269.344805048263,1058.819944060515,168.29785657458564,791.3539834456516,599.3910535251284,88.38600809870734,688.9434850610792,388.06177340360136,535.407102394175,65.36947789741146,317.42452471127694,264.7049860151287,209.78686873379493,240.93319607737874
2023-05-01,2648.111724436014,397.21675866540215,2250.8949657706116,2.188504925504794,40187.28509410824,1258.2147589267843,0.11819089056785212,10.357964423097247,8579.174993219909,21835.65860120576,21051.30226647385,0.0,0.0,1.7555560912820537e-09,216.88122286298236,500.587506157342,3075.7385999656676,473.5384431492903,195.61286272936442,1717.6058230705544,9351.31720397997,2699.737913422052,739.9000850070319,5102.26729305381,301.8523907242635,1573.5122256135705,1532.2669174971745,0.0,0.0,2.3114853850425363e-06,107.85542075008873,208.22731779745,163.30038654928165,1313.9395485041143,2203.722148796265,444.5932270729397,656.6569985553547,2450.7029978708115,291.4135404019366,763.4739857934951,0.0,0.0,0.0,0.0,0.0009156279753314414,154.89193033855423,888.6843110759962,114.93094464013734,266.09135850372354,8.038470049746884,580.6109349083195,867.8862097036838,553.4609079471231,0.0,0.0,0.0,92924.30037417373,27480.81848723483,8603.885574403223,3434.59598279526,2250.8949657706116,1587.685837219068,281.56576695083515,1269.6980988451082,1062.403805266984,168.54171364063006,794.1149580453862,601.8093943961469,89.43207832705507,684.0780911081297,389.60418479133347,525.6124889772298,66.95071664537245,317.53716744381353,265.600951316746,210.63328803865141,236.52562003975336
2023-06-01,2648.111724436014,397.21675866540215,2250.8949657706116,2.0422726039170103,40169.36447756841,1391.9692253260487,0.10852852295164866,9.697291223167516,8396.059280910866,21769.586861965003,21565.32020394486,0.0,0.0,1.5448068646872649e-09,216.12829989877443,492.20366606580154,3025.0720078158415,466.8299256927853,192.30556887609555,1685.0943009887353,9243.626217959494,2650.6466189905154,741.4589276662442,5251.697615134541,309.7321563566972,1646.1642099047344,1595.3467595907891,0.0,0.0,2.091675905829633e-06,107.74303473021182,206.92377545496822,161.44520655205974,1291.2555266748345,2198.400993312109,446.3552590821194,665.6995309015169,2528.050449144893,299.70599235527163,800.3691931861474,0.0,0.0,0.0,0.0,0.0008257980118848016,151.93021511375568,848.72621286492,110.12042940017506,262.12712026708186,4.519682507995847,583.6227552760046,938.5033236961249,629.4368509617589,0.0,0.0,0.0,93304.14814206521,27516.306274942595,8705.948963485807,3528.987415885829,2250.8949657706116,1588.3391718098396,282.7080260692801,1270.1486697752543,1065.8952360555809,168.76564601190995,796.8028539502379,604.2692609943593,90.47020387329451,680.2629752949719,391.1761063574955,517.275167309286,68.59637489511739,317.66783436196783,266.4738090138952,211.49424134802575,232.77382528917866
2023-07-01,2648.111724436014,397.21675866540215,2250.8949657706116,1.9055886206569994,40139.31212871502,1536.678641037874,0.09965571133254154,9.077516183222192,8217.191241470568,21703.722605903316,22074.15007151809,0.0,0.0,1.3600526345110224e-09,215.47432849321441,484.4085806983009,2975.284748615317,460.3688842698375,189.1375939148435,1653.499566898092,9134.619002841147,2602.6410141538645,742.9578385323312,5397.374589404138,317.41840701550706,1718.537811704954,1656.986709376009,0.0,0.0,1.8932706197052273e-06,107.66463331235082,205.74186359183295,159.74760488500974,1269.2778315773764,2193.2667817148217,448.08131660420344,674.3286518975464,2603.90953870784,307.8239904863456,837.2621114047112,0.0,0.0,0.0,0.0,0.0007445624909895536,148.94705623499584,810.7538754020576,105.59511865215072,258.08860766342696,2.495730696486021,584.965299170772,1010.0927967828686,704.9476522490579,0.0,0.0,0.0,93682.13744916007,27548.70907591892,8807.104326075309,3625.886881414306,2250.8949657706116,1589.060855239823,283.84480343593043,1270.6713374478718,1069.2977900393205,168.97074643222845,799.4214270416857,606.7666833716569,91.49938108052667,677.2763616664408,392.7750196463336,510.0797654578283,70.2971306801349,317.8121710479645,267.3244475098301,212.3683391800799,229.5358944560227
2023-08-01,2648.111724436014,397.21675866540215,2250.8949657706116,1.7778456962139735,40096.62434883464,1692.9132958651232,0.09150838610600047,8.496208613407704,8042.59416525736,21637.940988022456,22577.78392091305,0.0,0.0,1.1979304541312518e-09,214.91799975705973,477.1769107001052,2926.4495901052655,454.1588219004679,186.10847038847987,1622.857427758314,9024.560513663626,2555.7961882233885,744.422337491339,5539.224610971359,324.91329810637876,1790.515948550107,1717.0837322356385,0.0,0.0,1.7141296356022462e-06,107.61936513169675,204.6764859221351,158.1986422726298,1248.0216319111878,2188.307958335675,449.78053499042505,682.5671161748055,2678.232224631456,315.76463162497674,874.0928528391721,0.0,0.0,0.0,0.0,0.0006712904070935933,145.97794717824644,774.877047432471,101.35943560574466,254.04736976427245,1.3550783830062096,584.7854253300447,1082.5480387556527,780.035482958629,0.0,0.0,0.0,94058.22228158834,27578.18584985272,8907.261445548289,3724.9864966984746,2250.8949657706116,1589.8341975492372,284.9759357930875,1271.2486841918585,1072.613931303275,169.15797895477223,801.9733425294903,609.2975399830697,92.51868307343985,674.9422151933826,394.398344191577,503.7971019979115,72.04549791130334,317.9668395098474,268.15348282581874,213.25413899407437,226.70869589906016
2023-09-01,2648.111724436014,397.21675866540215,2250.8949657706116,1.6584740110632665,40040.825744668036,1861.2203241411248,0.08402761300663923,7.951074485925249,7872.285274185682,21572.11282825721,23076.23264065447,0.0,0.0,1.0555805723780407e-09,214.4573558650248,470.48353377589,2878.630741083518,448.20201913554627,183.21725872614337,1593.1967150209114,8913.699435111903,2510.1756316327183,745.8750837082912,5677.1933040162585,332.21933881512246,1861.9874458463303,1775.5418532160566,0.0,0.0,1.552330764366463e-06,107.60628568922067,203.72265399427835,156.78971726593562,1227.4983161942466,2183.50872466048,451.4611283660046,690.437846397342,2750.981945756761,323.52567076123984,910.8048253751808,0.0,0.0,0.0,0.0,0.0005867530783991565,139.9083861636199,717.8128816545087,94.29929788938949,240.87207602969747,0.7241891794123426,573.2115667317358,1138.7531137743563,834.4750521007436,44.83090828970961,44.23458593015164,0.0,94432.37038801653,27604.87971595477,9006.33711601302,3829.122644496403,2250.8949657706116,1590.6455535467908,286.10130579566,1271.8673580393897,1075.8452821334183,169.32820980392825,804.4604484774562,611.8575254758798,93.52725253684612,673.1318070878467,396.0434009889953,495.1312335744267,73.86442571549148,318.1291107093581,268.9613205333546,214.15013391655793,222.80905510849198
2023-10-01,2648.111724436014,397.21675866540215,2250.8949657706116,1.5469389777091318,39971.477023568834,2042.1152935233888,0.07715918795692388,7.43994932868224,7706.275977473825,21506.10484650518,23569.524046703038,0.0,0.0,9.305220379175649e-10,214.0899551921773,464.30369067965415,2831.8843869764223,442.4996527740779,180.46260349406825,1564.5398651527075,8802.268907740789,2465.832177769115,747.3360838973911,5811.243644255165,339.33940111391036,1932.8474209689693,1832.2733302105694,0.0,0.0,1.4061475211402114e-06,107.62436462816314,202.87548104051425,155.51256973266078,1207.7157395912361,2178.8493136307497,453.1304033526621,697.9636549099577,2822.1326421839276,331.1055116417789,947.3449605018179,0.0,0.0,0.0,0.0,0.0005137289384646804,134.13278053620968,666.8250699848942,88.02488604084401,229.25980828235484,0.38128004894633694,560.7278045784865,1194.5375068110916,887.9565085461137,87.39255913168681,87.7623469927539,0.0,94804.56123526861,27628.921120225947,9104.254642619617,3937.00106468232,2250.8949657706116,1591.483284205835,287.22083431270545,1272.5164428374328,1078.9928115684413,169.48222699781684,806.8839616000637,614.4421383592801,94.52429663418782,670.0295700252566,397.7073915593219,486.400002501503,75.75114733783613,318.2966568411669,269.7482028921103,215.05474842574802,218.88000112567633
2023-11-01,2648.111724436014,397.21675866540215,2250.8949657706116,1.4427391394029867,39888.18291825036,2236.0737807941327,0.0708532635853615,6.96079145252795,7544.572175243226,21439.78010394139,24057.701185251728,0.0,0.0,8.20690561497436e-10,213.8129973520154,458.6130950811305,2786.2591843921346,437.0519013291832,177.84278294538353,1536.9034529065564,8690.487194524267,2422.808860997886,748.8228757341273,5941.353989569333,346.2767110016533,2002.9974921943856,1887.199468261278,0.0,0.0,1.274029342888502e-06,107.67249810205435,202.1301814902409,154.35929020729438,1188.678483294438,2174.306340623317,454.79479195697184,705.1670175494763,2891.667804580628,338.5031947787385,983.6638793389577,0.0,0.0,0.0,0.0,0.0004508959882582973,128.67839846861415,621.5430235021058,82.4836951396396,219.10141503054683,0.1979136988069474,547.5347474423903,1249.656470341591,940.2055442999949,127.37709573116786,130.74736251617546,0.0,95174.78454733636,27650.430006290157,9200.943483196146,4047.526117067022,2250.8949657706116,1592.3371785311115,288.33447517171487,1273.186627364668,1082.0569874358316,169.62075386462598,809.2446086763309,617.0466846749794,95.50908342482182,666.9073913093587,399.38738993353206,478.6873876210014,77.69495130365561,318.4674357062222,270.5142468589579,215.96633963624276,215.4093244294506
2023-12-01,2648.111724436014,397.21675866540215,2250.8949657706116,1.3454041887374077,39790.59990929997,2443.5232067151624,0.06506400477877855,6.511675494731383,7387.174584504548,21372.998578351115,24540.820765335844,0.0,0.0,7.240560303565822e-10,213.6234227089692,453.388020993751,2741.7967364755514,431.85804267976664,175.35575428263775,1510.2986958992037,8578.5583254977,2381.139725832718,750.3507040197339,6067.516138519892,353.0348309657962,2072.3458565385695,1940.251133314272,0.0,0.0,1.154583668505023e-06,107.74952410006665,201.48207442012074,153.32233039149267,1170.3881193896646,2169.8532049955766,456.45989843741796,712.0698935096668,2959.5795613101927,345.71838236568254,1019.716000213591,0.0,0.0,0.0,0.0,0.0003968749199687667,123.563296677865,581.4363748430123,77.60347961272049,210.22493488328047,0.10135460252311906,533.8414267278262,1303.9842357861035,991.1062924940248,164.7755667819213,173.3333803573499,0.0,95543.03918789487,27669.517387729284,9296.338990288057,4159.970739641547,2250.8949657706116,1593.1981139198251,289.44221129228475,1273.8697428248893,1085.0379025061761,169.74445887958598,811.5427405768737,619.6662941335861,96.48093935137705,664.3584082302874,401.0803450387366,472.22925297136845,79.68453268439337,318.63962278396497,271.25947562654403,216.88320294675512,212.50316383711578
2024-01-01,2706.971298413129,397.21675866540215,2250.8949657706116,1.2544930996562134,39678.44342688919,2664.8352155681937,0.05974927096099541,6.09078626472406,7234.079073089394,21305.61783626486,25018.9516711793,0.0,0.0,6.39011962623452e-10,213.5179944221148,448.60537474852026,2698.5320575694413,426.9165463815561,172.99919577801057,1484.7319379352814,8466.672734689158,2340.850601367184,751.9326966117617,6189.733482654194,359.61763849421163,2140.807266505089,1991.3690080919766,0.0,0.0,1.0465601132485808e-06,107.8542391389857,200.92658960137044,152.39451202151483,1152.843475819359,2165.4605220857816,458.1305559196062,718.6935855808771,3025.8678102700924,352.7513399126272,1055.4595926903908,0.0,0.0,0.0,0.0,0.0003503643972067584,118.7935740404833,545.9158372262103,73.30528784255361,202.44284009318187,0.051240191107914224,519.8358780350841,1357.4370900342803,1040.5936801764376,199.72012917506316,215.64152525133565,0.0,95909.33225162629,27686.286535249143,9390.382224087165,4273.7374324301345,2250.8949657706116,1594.0578503915026,290.54405164770566,1274.55849113586,1087.9353804923176,169.85396312368525,813.7784268796321,622.2959455952841,97.4392474852388,662.5091803210837,402.783091186831,467.0334738640349,81.7090136684607,318.81157007830046,271.9838451230794,217.80358095834944,210.16506323881566
2024-02-01,2706.971298413129,406.0456947619694,2300.9256036511592,1.16959258930241,39563.29278706266,2905.9284978667247,0.054876373040403145,5.696626682658119,7087.60098144569,21248.543135871707,25511.05047299763,0.0,0.0,5.641364287304368e-10,213.49336777388058,444.24275531115677,2656.494029762707,422.2251617428601,170.77054630804975,1460.2051136026544,8355.007893213618,2301.959845819724,753.5800422251119,6308.019289423184,366.0293033798822,2208.3029285420516,2040.5036269356833,0.0,0.0,9.488352831890515e-07,107.98541513774416,200.45927507864198,151.56903259850424,1136.0408972715502,2161.096569994467,459.81088924728715,725.0586353856966,3090.5394000449933,359.6029145948974,1090.8567836541743,0.0,0.0,0.0,0.0,0.00031020858272390924,114.36590592813096,514.4039340814174,69.51254557903127,195.57979725181715,0.02558670918583196,505.68076570848814,1409.9519556659566,1088.6236114364108,232.41267948144537,257.7720031684547,0.0,96323.33697088942,27700.833904041127,9483.019813956791,4388.329095218922,2300.9256036511592,1595.1313224052255,291.78956198279707,1275.246280313202,1090.7490653920677,169.94984612914607,815.9515353692382,624.930499206679,98.38344629293331,661.360775262154,404.4923646369347,463.0105775072361,83.7585349661318,319.026264481045,272.6872663480169,218.72567472233763,208.35475987825623
2024-03-01,2706.971298413129,406.0456947619694,2300.9256036511592,1.0903147644469282,39432.75028020028,3161.7606568275837,0.050403010439005885,5.327351717586297,6945.348865184403,21190.377285397313,25998.241382975808,0.0,0.0,4.982895654005468e-10,213.55090252706418,440.28376187844407,2615.7165631710895,417.78356121102763,168.6681161063659,1436.7250597182547,8243.74564508396,2264.4949057814197,755.3119291979012,6422.441872951087,372.2787692679398,2274.7780248100203,2087.6441130302173,0.0,0.0,8.604000620005194e-07,108.14181560949864,200.07580542782418,150.83946731910558,1119.9744987667052,2156.7277390170802,461.50438114977,731.184748531141,3153.6073628945696,366.2745104259059,1125.8735213332059,0.0,0.0,0.0,0.0,0.0002754161019461774,110.27008580295374,486.3706924965529,66.15554621338018,189.48403096855492,0.012626078185972682,491.5134259735151,1461.4768215015404,1135.1605028059066,263.08376619205393,299.80481634682894,0.0,96734.94654007786,27713.423224735292,9574.203851335205,4503.332589795575,2300.9256036511592,1596.288034139847,293.02800032286467,1276.1050579241805,1093.4820328778596,170.03370435216087,818.0617990440508,627.5647329263663,99.31302873926941,660.8606421133213,406.2048244843414,460.03269043496255,85.82445710170491,319.2576068279693,273.3705082194649,219.6476565242282,207.01471069573313
2024-04-01,2706.971298413129,406.0456947619694,2300.9256036511592,1.0162962812523053,39286.72940737808,3432.5022228608473,0.04629648420902019,4.981443352990806,6807.304371746085,21130.95638402314,26480.604823639373,0.0,0.0,4.402390096475708e-10,213.68878750035648,436.7095196380446,2576.221925793171,413.58935169065745,166.68941132880573,1414.289697461458,8133.045897071205,2228.467359342912,757.1400369856975,6533.049696916033,378.3726240128674,2340.173988141146,2132.7720923061593,0.0,0.0,7.803481656510981e-07,108.32226779883574,199.77205067012807,150.19988392338917,1104.6365853485338,2152.3197796712648,463.2140954189727,737.0909775068509,3215.0907914294453,372.7681694775599,1160.479727904631,0.0,0.0,0.0,0.0,0.0002451540649039492,106.491261607001,461.3485640842071,63.17324286283822,184.0300570093038,0.006159809174163189,477.44779724990855,1511.9665772536955,1180.1725771251645,291.9674871004554,341.800449389461,0.0,97144.14124576598,27724.210388188956,9663.894329929959,4618.404418645275,2300.9256036511592,1597.4716748988312,294.2592230642249,1277.0304273118777,1096.1367803543235,170.1064835038885,820.1115246583947,630.1934785793221,100.22756748431864,660.9350561413676,407.91707640213815,457.9638733880729,87.89935390359513,319.49433497976617,274.0341950885809,220.56771750276272,206.08374302463278
2024-05-01,2706.971298413129,406.0456947619694,2300.9256036511592,0.9471966212347637,39125.22567311652,3718.2468018889945,0.04252675513643623,4.657472084558965,6673.446961046586,21070.122971019264,26958.23297191578,0.0,0.0,3.882629336013303e-10,213.52685719282408,433.086499344962,2537.189496096468,409.4372537300535,164.74697731608825,1392.200171803772,8021.775231170416,2192.65111594482,758.2959378398026,6636.174532362211,383.9536691518041,2403.0163864950778,2173.5448212612964,13.877210003061393,0.0,7.041144967457691e-07,108.08349355698554,199.07596706679206,148.74668974044283,1088.670210656876,2141.650254627164,463.7353530154921,740.9943973018924,3270.4315500793828,378.2377455759052,1192.8987535789136,5.8526187506135505,14.139632601701285,0.0,0.0,0.00021873072775393043,103.01178269322459,438.93533833653197,60.513498246863975,179.11715220218065,0.002972270581853626,463.5771295308043,1561.3816645529937,1223.6310924553115,319.28619574489295,383.8008225584487,0.0,97550.92257444808,27733.476159713045,9752.516667256277,4733.257867322563,2300.9256036511592,1598.661072006958,295.4832029621148,1277.9773399190651,1098.5422049959884,170.16936339898672,822.1025852657426,632.3512076729918,101.12904026643506,661.5058914399995,409.6257610765594,456.67553731302223,89.97690544968964,319.7322144013915,274.6355512489971,221.32292268554713,205.50399179085997
2024-06-01,2706.971298413129,406.0456947619694,2300.9256036511592,0.8826967041903713,38948.3162125376,4019.0094157552903,0.039066227113744266,4.354092000090111,6543.753549766901,21007.724642812416,27431.226002767547,0.0,0.0,3.426451987804298e-10,213.45238787338818,429.8027755481046,2499.4247984556323,405.5155996016594,162.91858374514777,1371.1110177904384,7911.286011413617,2158.2335027821555,759.5442992401701,6735.35888776906,389.37544314199334,2464.5769754355265,2212.199697007186,28.5881773560983,0.0,6.356429504072382e-07,107.88328866059027,198.44364657300187,147.47922359244055,1073.3638511469273,2130.9041151606775,464.2601619718512,744.6715149831648,3323.969870688514,383.5017020273266,1224.7399661985135,11.81188360241109,29.059443163680236,0.0,0.0,0.00019555593726784578,99.80605782925976,418.74914249343544,58.126646243860044,174.64621569693747,0.0014190400684839493,449.9564621773467,1609.6372887196214,1265.4467476760676,345.21119321942825,425.80037017180126,0.0,97955.30567857115,27741.388157160523,9840.088668404742,4847.381738823764,2300.9256036511592,1599.842534484583,296.69996504348984,1278.9288576055665,1100.7932219505442,170.22363820754683,823.9066537469913,634.315636438696,102.01901615982955,662.199830509607,411.0282849874447,456.02932785301056,92.04663115539455,319.96850689691655,275.19830548763605,222.01047275354358,205.21319753385472
2024-07-01,2706.971298413129,406.0456947619694,2300.9256036511592,0.8224975821247829,38756.15861559444,4334.72655099797,0.035889549775849565,4.070036157953541,6418.198507290781,20943.614092523014,27899.689656278675,0.0,0.0,3.0239866323623086e-10,213.4638496115972,426.841470259525,2462.9321382814373,401.8197838311876,161.20103549143846,1351.0090403288102,7801.6984176914575,2125.207663688832,760.8919926541391,6830.6430630845325,394.64408355556736,2524.804259346523,2248.740105069179,44.165545754936915,0.0,5.741518810650138e-07,107.72195827925115,197.87225359484754,146.38552244394123,1058.7039450163884,2120.069385172179,464.7929301509282,748.1413857611165,3375.721101222148,388.5634861930018,1255.9757154995295,17.854745479934994,44.78504511314633,0.0,0.0,0.000175158231468595,96.85315215652639,400.49863802690453,55.97533889729528,170.55229033982206,0.000670557977484523,436.64067994273245,1656.68558310657,1305.5774666621035,369.90645105394975,467.79420587424283,0.0,98357.31584597472,27748.062448649467,9926.587474500566,4960.484651776356,2300.9256036511592,1601.0058662232086,297.9095700243613,1279.8740275876664,1102.9296116767819,170.2701244219399,825.5949164629081,636.1983020622104,102.89780830487554,663.1212940043082,412.30516368515237,455.9160783752626,94.1023026764542,320.20117324464167,275.73240291919547,222.66940572177361,205.16223526886816
2024-08-01,2706.971298413129,406.0456947619694,2300.9256036511592,0.7663192096637728,38548.988497331564,4665.257772013203,0.03297343742818218,3.804112214860804,6296.75376060543,20877.64966341919,28363.733243416325,0.0,0.0,2.6706411377404273e-10,213.55699370835057,424.18520467350305,2427.7111581132986,398.3446090791782,159.59094631565296,1331.8777993888884,7693.122238771295,2093.5606398007985,762.342424131594,6922.065986138478,399.7650083274527,2583.6504327402895,2283.170128520303,60.6497487422307,0.0,5.188902624080934e-07,107.59739587234257,197.35848677786257,145.44478558732803,1044.6760800311886,2109.1184555470995,465.33570318478587,751.420062156134,3425.7072740023277,393.4265587606632,1286.5832141137937,23.9708050023106,61.34986871881611,0.0,0.0,0.00015715224311317575,94.13448998175149,383.95185905535175,54.030248107277856,166.79025416715228,0.00031372723631182793,423.6778029781925,1702.4983145251845,1344.0057443140795,393.51721713928555,509.7702618564273,0.0,98756.98634164767,27753.59331845158,10011.988690273543,5072.376663004183,2300.9256036511592,1602.1430021966573,299.11210578156704,1280.804692978567,1104.9643951783069,170.30942799814093,827.1972087575864,638.0306701403671,103.76532284424152,664.2827394468312,413.52889634043675,456.2509811081671,96.13974711083702,320.4286004393314,276.2410987945767,223.31073454912845,205.31294149867517
2024-09-01,2706.971298413129,406.0456947619694,2300.9256036511592,0.7138992866798503,38327.115800170635,5010.388746782612,0.030296502589376894,3.5551982818881824,6179.388938244072,20809.696151662716,28823.46784194166,0.0,0.0,2.359116959544299e-10,213.72631104644375,421.81668812106807,2393.757588915327,395.0844678514817,158.0848179302175,1313.6984043412172,7585.6577836162805,2063.274863388572,763.8967451757189,7009.66609336254,404.74325710648543,2641.07157840145,2315.4965967254443,78.08584269773854,0.0,4.6917269990468594e-07,107.50622089727283,196.89869557516488,144.63417653359318,1031.2645835294852,2098.0137195553416,465.8887025974026,754.5209223542897,3473.953591130534,398.0942504945105,1316.5430825056849,30.156399576263965,78.79150351987046,0.0,0.0,0.00014121774151725224,91.63294216096902,368.91819815775534,52.26757259646205,163.32678365241367,0.00014536879765666017,411.1069324027064,1747.0589282156677,1380.7286101584973,416.16536238891786,551.7063027769623,0.0,99154.35687287286,27758.06103868022,10096.265848738587,5182.91191909689,2300.9256036511592,1603.247390610577,300.307681815398,1281.714401757326,1106.904628639301,170.34205288938767,828.7232963837301,639.8247870587774,104.62135085990793,665.6579752007306,414.7199355912386,456.9669734540495,98.15574565397291,320.64947812211534,276.7261571598253,223.93867547057206,205.63513805432225
2024-10-01,2706.971298413129,406.0456947619694,2300.9256036511592,0.6649921690930783,38090.91995883224,5369.8354936965015,0.02783617904181752,3.3221285439824895,6064.088494356229,20730.334773967854,29261.66492315397,28.685100295989177,0.0,2.085464456579867e-10,213.96577365638822,419.7190019764482,2361.063782247719,392.03345599281204,156.67908807824566,1296.4500348612528,7479.396588816951,2034.3290962959188,765.5545055367465,7093.481544298982,409.5836475669715,2697.027642164849,2345.729734216433,96.52201672973123,0.0,4.243892431912378e-07,107.44446640363516,196.48904623487044,143.9320366186159,1018.4527153094169,2086.712043525143,466.450893879653,757.4552611315208,3520.487622926175,402.569864573015,1345.8389752249625,36.411898591366594,97.15003044681026,0.0,0.0,0.00012708580052270507,89.33272240825981,355.23867836158837,50.66770207230512,160.13644502781327,6.672878771679761e-05,398.95887841279017,1790.3608225556263,1415.755799767931,437.9498163702581,593.5706699202397,0.0,99549.5437011949,27761.535912439656,10179.394855289574,5291.9717287114,2300.9256036511592,1604.2422429439541,301.49653238516606,1282.5979124884616,1108.7546038504013,170.36843487862046,830.1784714794758,641.5838005288393,105.46566439964866,667.2179469879326,415.8861115882053,458.01044921482696,100.1476881585953,320.84844858879075,277.1886509626003,224.55433018509376,206.1047021466721
2024-11-01,2706.971298413129,406.0456947619694,2300.9256036511592,0.6193678440232135,37840.84412649431,5743.249625424341,0.025577369776875216,3.1040195695770953,5952.624286449275,20647.96209109234,29694.007695722124,60.1977971233877,0.0,1.8441807961125846e-10,214.26774445820695,417.8741153383812,2329.615899385042,389.18465190407284,155.36982876956978,1280.1076581388827,7374.417322946147,2006.694453193397,767.3109275638939,7173.535341366416,414.28934175560397,2751.476517256527,2373.873703652369,116.00767417146868,0.0,3.840033944992683e-07,107.40799005915619,196.12563202577914,143.31926120983462,1006.222867369675,2075.1677383441306,467.02037078205046,760.2327007116033,3565.3388191449594,406.8567402206475,1374.45733133956,42.740101245650436,116.46694036254813,0.0,0.0,0.00011452848056079004,87.21932547281173,342.7788240812374,49.21424125072212,157.19909924739687,3.0352212507319233e-05,387.2570370359044,1832.406325302926,1449.1087276275855,458.9483753438067,635.3235662341899,0.0,99942.63458708917,27764.025179900167,10261.356493199599,5399.455666477274,2300.9256036511592,1605.1557542138721,302.67896354302604,1283.3937943551634,1110.5159046956994,170.38862219896097,831.5659528878009,643.3062524887209,106.29806248905561,668.9352174119005,417.0294703437456,459.3378974550563,102.11338219097075,321.03115084277437,277.62897617392485,225.1571883710523,206.7020538547753
2024-12-01,2706.971298413129,406.0456947619694,2300.9256036511592,0.5768109656663551,37577.388692486384,6130.224348281835,0.0235035252361156,2.8999384296640613,5844.9462912106055,20562.426073720235,30120.44956019354,94.77295137185212,0.0,1.6312907294785718e-10,214.62564573671017,416.2654979435943,2299.3991354151476,386.53138600790817,154.15327698947056,1264.6464017186834,7270.793411260163,1980.3420719478106,769.1620096119943,7249.857410509204,418.86416912610696,2804.3824687679044,2399.9409937916507,136.59390659605265,0.0,3.4754551580238795e-07,107.39270892087805,195.80453234116038,142.77967476624832,994.5566972882481,2063.334443358506,467.59458515124453,762.8614249105709,3608.5379583049357,410.95825564931795,1402.3870949591558,49.14514135373334,136.78425979302858,0.0,0.0,0.00010335101577694287,85.2794456485482,331.4232675113251,47.89327277024965,154.49812441378424,1.368382231575151e-05,376.01825251543283,1873.2057706725884,1480.819464356567,479.22015987985026,676.9185051487752,0.0,100333.70817018501,27765.557785422563,10342.136777144575,5505.27637995196,2300.9256036511592,1605.9967956968108,303.85522485846644,1284.1246033710977,1112.1892068122995,170.40279103639944,832.8869285217745,644.988259379456,107.11838519734364,670.7849077179496,418.1490641176686,460.9132584018975,104.05093584136606,321.19935913936206,278.0473017030749,225.7458907828096,207.41096628085387
2025-01-01,2764.9294512598804,406.0456947619694,2300.9256036511592,0.5371199484633283,37301.10432933014,6530.30097426113,0.02159944707196013,2.7090080292280536,5741.000732375407,20473.58142107672,30540.92623340417,132.66157281206068,0.0,1.4426037144765026e-10,215.03362095818142,414.87768770142566,2270.3970980081685,384.06706413215625,153.0257590907269,1250.0410392865251,7168.592101217025,1955.242173157359,771.1038358144341,7322.480286660395,423.3122273121493,2855.714346330256,2423.9494107918067,158.33261284411589,0.0,3.146046044321149e-07,107.39475566622963,195.52187313312757,142.29995145802923,983.4353053534377,2051.1667555979157,468.1705664502445,765.3484340916361,3650.116880356411,414.87785588230616,1429.6195386819772,55.631690281782745,158.1437955770349,0.0,0.0,9.338584598101308e-05,83.50087384076286,321.07165908692866,46.69279905260118,152.01920019818635,6.115935098427183e-06,365.25360691444723,1912.7765350473321,1510.929545355708,498.8083486160477,718.3037914675181,0.0,100722.84299068441,27766.16926330487,10421.727402844737,5609.356459081313,2300.9256036511592,1606.765231036108,305.0255521156982,1284.7974365574487,1113.7748025553349,170.41115611980666,834.1419051092246,646.6247552873184,107.92652412174233,672.7446607176901,419.24236859664643,462.7058981026344,105.9586834857019,321.3530462072215,278.4437006388337,226.31866435056142,208.21765414618548
2025-02-01,2764.9294512598804,414.7394176889821,2350.1900335708983,0.5001061762757859,37019.986363091324,6952.725044023912,0.01985352429154662,2.5304955313835196,5642.87106906191,20390.958080818244,30974.40312656837,175.03733302680388,0.0,1.2765284357394037e-10,215.48638292985123,413.6960941262692,2242.5916593802303,381.78510562015833,151.98366312035287,1236.26586261545,7067.8742586969065,1931.3638087702839,773.1323247222834,7391.437076547798,427.63769623437076,2905.4446536365526,2445.9204807178735,181.27572966625183,0.0,2.8482026541973176e-07,107.41057190827225,195.2738769543455,141.86930806411883,972.8394064320162,2038.6215264893324,468.7451042144633,767.6997715574903,3690.1083100274254,418.61907820402575,1456.148116699433,62.20434712183454,180.5864264941115,0.0,0.0,8.448801061608018e-05,81.87238294315637,311.63558091771745,45.6023217478242,149.74948802152386,2.7104990003655425e-06,354.9691311189371,1951.1420164111757,1539.4886133062284,517.7429579798891,759.4239707399672,0.0,101159.03147182253,27765.894796784763,10500.125844451688,5711.626550384929,2350.1900335708983,1607.664104684548,306.3374477482135,1285.4121848288864,1115.2727220483976,170.41392930059845,835.3311019165012,648.2102333979757,108.72242691157378,674.7943348932059,420.30609093675696,464.68910486911193,107.83513872047779,321.5328209369095,278.8181805120994,226.87358168929148,209.11009719110035
2025-03-01,2764.9294512598804,414.7394176889821,2350.1900335708983,0.4655930073766236,36726.88401920926,7387.47524198592,0.01824821417473084,2.363442358635119,5546.215612080714,20295.12041200292,31382.80683762995,220.36234284797786,31.366760182698503,1.1292907638620378e-10,215.98362631532984,412.71171469852544,2215.972346141476,379.68128168484475,151.0244135334231,1223.3024425390981,6968.70757077545,1908.6882085574834,775.2524803808446,7456.803618165627,431.84929038035546,2953.56598415968,2465.9065802931127,205.4781347839202,0.0,2.5787504476090754e-07,107.4369554980849,195.0569014002028,141.4791114442967,962.749484331158,2025.658860077475,469.3148925268372,769.920713652639,3728.54571207545,422.18556931519686,1481.9683260875893,68.86715992174801,204.15141094751678,0.0,0.0,7.653154645497688e-05,80.3836114813181,303.0362280124288,44.612526707691984,147.6770898405353,1.1913896819298237e-06,345.1664452024802,1988.3305818278425,1566.552950766774,536.0435173502302,800.2212075548947,0.0,101593.07850951963,27764.92769240928,10577.335097536072,5812.024236467132,2350.1900335708983,1608.5001808623324,307.6428150114638,1286.1312837476385,1116.6861048000856,170.41228332302867,836.4545415362982,649.7391916412042,109.5060968107135,676.9156593866958,421.3366517086842,466.83900844389973,109.67896486059306,321.7000361724664,279.1715262000214,227.40871707442147,210.07755379975487
2025-04-01,2764.9294512598804,414.7394176889821,2350.1900335708983,0.43341522173196384,36422.462495769985,7833.963297927464,0.01677392227134005,2.207204466629273,5452.887990796084,20194.6155917168,31782.956779353095,269.7058979697589,65.81547043469338,9.99509291375374e-11,216.52096293272115,411.91167783077634,2190.5184923972283,377.7491956245062,150.14457920736302,1211.12476790247,6871.141470712213,1887.1830325760156,777.460244103064,7518.615038132643,435.95143846734493,3000.0581680881187,2483.935575180035,230.99047411584934,0.0,2.3348815720004054e-07,107.47112857383465,194.8675227687547,141.1225853459417,953.1460774906697,2012.2435476496858,469.8767869424818,772.0161450981986,3765.463719917752,425.5812011387623,1507.0777910693578,75.6232816196231,228.87578911657033,0.0,0.0,6.940662436373917e-05,79.02495308222402,295.20267080150495,43.71504916265147,145.7907016650929,5.194682754610809e-07,335.8433384635,2024.374517830883,1592.1839721157892,553.7215421368454,840.6365648671158,0.0,102025.06491757852,27763.30511727045,10653.36557696512,5910.493380051699,2350.1900335708983,1609.2617462208304,308.94187929118175,1286.800144689866,1118.0162740009914,170.4064458277101,837.5145786000642,651.2064857410771,110.27761342993645,679.0919292109277,422.33047456678275,469.1338289167329,111.48895670962786,321.852349244166,279.50406850024785,227.92227000937697,211.1102230125298
2025-05-01,2764.9294512598804,414.7394176889821,2350.1900335708983,0.40341824266601545,36107.411493922606,8291.576285525356,0.015419875566550912,2.0610989063967837,5362.806891520942,20089.303106442305,32174.549708612245,323.31991783097385,103.62572140127426,8.848893262596402e-11,217.09426927813132,411.28367167434686,2166.207846084422,375.9824212052532,149.34076651030028,1199.7064092560697,6775.219373975055,1866.8148210532306,779.7511279015575,7576.904437031019,439.9483720540029,3044.903211494898,2500.036275137814,257.8612653518154,0.0,2.1141019557814322e-07,107.51070147760431,194.70252729113244,140.79438463678994,944.0098206676357,1998.3452377723233,470.42781386776994,773.9905764390394,3800.897750031961,428.8100204038354,1531.476026823284,82.47466224006565,254.79367299530372,0.0,0.0,6.301723714140158e-05,77.78745769498278,288.07055848393816,42.90230012177123,144.07940508981113,2.2472056438605628e-07,326.9943010815595,2059.3090278527197,1616.4467536004909,570.7827533834409,880.611172093685,0.0,102455.07306228034,27761.054268008,10728.233194858154,6006.983792644357,2350.1900335708983,1609.9470034949159,310.23488537416307,1287.4093969766645,1119.2636644284828,170.3965818106239,838.5122055007436,652.6074734957059,111.03711411200304,681.3078216359033,423.28421573170016,471.5533786536166,113.26403038962893,321.9894006989831,279.8159161071207,228.41261572349705,212.19902039412744
2025-06-01,2764.9294512598804,414.7394176889821,2350.1900335708983,0.37545747104834715,35782.437730478836,8759.682583446584,0.0141761864090663,1.9244843463555186,5275.887249530895,19979.05931121375,32557.25594642439,381.45026051659244,145.1036894601173,7.837881388523252e-11,217.69992426710996,410.81618317455735,2143.017227876498,374.3746449014058,148.60967676153115,1189.0210463945932,6680.979653347155,1847.5498959465567,782.1207802343162,7631.705130830855,443.8443565961208,3088.086012341907,2514.2396644162286,286.1363722434041,0.0,1.9141830891605036e-07,107.5536411572539,194.5589128107066,140.49026519445317,935.321517263643,1983.9386767070202,470.9652032192404,775.8482051387558,3834.883788559529,431.8762247156942,1555.1642694056395,89.42181904759892,281.93555967919093,0.0,0.0,5.727929879249422e-05,76.66274589434424,281.58114286112175,42.16733752104371,142.53255017402842,9.646707470395703e-08,318.61101073001186,2093.1712946432144,1639.4086416495534,587.2290046783783,920.0872601984379,0.0,102883.19088907498,27758.20056933232,10801.958083090141,6101.4510457259,2350.1900335708983,1610.5501180040544,311.5220887721944,1287.9576027959329,1120.4284566205417,170.38284485107997,839.447748321362,653.9380786974094,111.78478139196355,683.549216031698,424.1948577722089,474.0787456495089,115.0032173006457,322.1100236008108,280.10711415513543,228.87832754409328,213.335435542279
2025-07-01,2764.9294512598804,414.7394176889821,2350.1900335708983,0.34939765971975173,35448.258413163305,9237.637640496581,0.013033780951562896,1.7967586792219332,5192.040725649827,19863.780259383984,32930.72216820447,444.33204014967095,190.58052863159878,6.93636315452661e-11,218.33469796820128,410.49838896529826,2120.9225316778993,372.9196418450006,147.9480940835598,1179.0424426411705,6588.455705674327,1829.354308408879,784.5648724132145,7683.049983394937,447.64360103695566,3129.5939374927807,2526.5781913755486,315.85821797762736,0.0,1.73313015825535e-07,107.5982435151888,194.4338964062188,140.2068367831848,927.0622279555846,1969.0039669264668,471.4864333506706,777.5930019092045,3867.45829649565,434.7841561365463,1578.1453524290075,96.46367617212576,310.3276739817953,0.0,0.0,5.1950988620410704e-05,75.46692838076538,274.73120509100596,41.358769794114885,140.60155831406058,4.1099645787974184e-08,310.2055000937403,2124.2735411595822,1658.860813093562,601.6418533303055,957.5964964728571,9.016953807844551,103309.51096579935,27754.764614955468,10874.563762234955,6193.753671529927,2350.1900335708983,1611.066196548182,312.80376029836987,1288.4400944032436,1121.5106897448804,170.36535903521084,840.3213424654064,655.1948284992994,112.52083482129476,685.8030612605461,425.05975115331614,476.7957116004597,116.7047238560595,322.2132393096363,280.3776724362201,229.31818997475477,214.55807022020684
2025-08-01,2764.9294512598804,414.7394176889821,2350.1900335708983,0.3251123258185836,35105.59538953642,9724.789351546253,0.01198433294182166,1.6773567471729904,5111.176048981136,19743.38380034583,33294.57415067642,512.184605549443,240.41177056965233,6.139828917183103e-11,218.9957456172495,410.3201586141861,2099.898933131465,371.6113051652321,147.3528955410395,1169.7445890104489,6497.676311966704,1812.1940799799559,787.0791977168255,7730.971817226299,451.350276502185,3169.4168274108533,2537.0857803032263,347.06509510415026,0.0,1.56915066081249e-07,107.6431040371786,194.32491955618303,139.94137300662925,919.2133518087566,1953.5267449426344,471.98926673132536,779.2287883565414,3898.6581417324405,437.538295508769,1600.4235954971805,103.59746341093903,339.9913386466086,0.0,0.0,4.7179744821148215e-05,74.38140705017007,268.5688954271332,40.63766612530215,138.90285374974647,1.7381467886105447e-08,302.2644945344168,2154.349297964863,1677.2111769318944,615.471644323449,994.4829464300836,17.838357467344025,103734.1295706111,27750.76301328988,10946.076383392101,6284.10878720153,2350.1900335708983,1611.49124549681,314.08018326232263,1288.8529572385457,1122.5103346426706,170.34422426146244,841.1330173086603,656.3748727120204,113.24552343949469,688.1142799047975,425.87663852454466,479.3894199343526,118.36974429884275,322.29824909936195,280.62758366066765,229.73120544920712,215.72523897045863
2025-09-01,2764.9294512598804,414.7394176889821,2350.1900335708983,0.3024831988018571,34755.16989437993,10220.482980558974,0.011020202731406317,1.5657481873032724,5033.199351536577,19617.811338361407,33648.41996823798,585.2063188680089,294.976838542189,5.431743093798472e-11,219.68059235155215,410.27204976760635,2079.921076864609,370.4436707334588,146.82105933932036,1161.101827848286,6408.665971301815,1796.0354090162268,789.6597498789446,7775.503833759783,454.96853052219666,3207.5470101527385,2545.7978583794943,379.7904942034656,0.0,1.420627637055156e-07,107.68708819929329,194.22965063095535,139.69166748967376,911.7566983603374,1937.4982816015986,472.4717762651767,780.7593042931552,3928.5205475149296,440.1432563377634,1622.0047009940797,110.81866941372536,370.9423833761034,0.0,0.0,4.290077515229739e-05,73.39776196414228,263.0270289789801,39.99535618341003,137.41219612061744,7.297729451810223e-09,294.7708683441902,2183.4120217648383,1694.4818588499022,628.7095454422256,1030.6730857411972,26.543284669617265,104157.14594207388,27746.209134119556,11016.524024618855,6372.423050967193,2350.1900335708983,1611.8220111308922,315.35165097719675,1289.192996397448,1123.427354653731,170.3195209140484,841.882750982003,657.4759910182804,113.95911873696917,690.3078482267072,426.64366726281327,481.99581983947445,119.99776462156808,322.36440222617836,280.85683866343277,230.11659685639813,216.89811892776348
2025-10-01,2764.9294512598804,414.7394176889821,2350.1900335708983,0.28139970207971515,34397.69786115535,10724.065610170896,0.010134381148961487,1.4614353930795065,4958.014521509988,19487.029298446596,33991.85370748308,663.5692951631497,354.6783863924928,4.8145301750327796e-11,220.38710897360994,410.34529341243507,2060.963237900286,369.41093614807056,146.34967061650121,1153.0889527764646,6321.445202463289,1780.8448374221311,792.3027773111487,7816.680011824486,458.5024942000207,3243.9793128377114,2552.751379722095,414.06246080292294,0.0,1.2861056870983347e-07,107.7293027904093,194.14598486323305,139.4559262696897,904.6745503746257,1920.915510874598,472.9323630199321,782.1882646339128,3957.083051560557,442.6037778250879,1642.895657493244,118.12104504588673,403.19060545680605,0.0,0.0,3.9056363294585015e-05,72.50835268459801,258.04114570973445,39.42342978316529,136.1050258026494,3.042303845933001e-09,287.70857022780046,2211.490693123958,1710.7195489781138,641.3533390520903,1066.1118887411617,35.190229756507726,104578.66164979787,27741.113676411223,11085.936040336594,6458.652262919185,2350.1900335708983,1612.0558611560934,316.6184646908336,1289.4576089047139,1124.2617531922572,170.29131342078648,842.5705159902983,658.4965921608758,114.66190811168444,692.4570950735932,427.3593941618823,484.639688917531,121.58819420407107,322.41117223121864,281.0654382980643,230.47380725630651,218.0878600128889
2025-11-01,2764.9294512598804,414.7394176889821,2350.1900335708983,0.26175846629909727,34033.88577064747,11234.890118270465,0.009320437870180281,1.3639515864586385,4885.523580495307,19351.030278522223,34324.459664486305,747.4142886605978,419.9413158157444,4.262054852270984e-11,221.11348190107185,410.5317711147692,2042.999459788509,368.5074746085048,145.9359251182618,1145.6812876379463,6236.030816947078,1766.5893827162774,795.0048166074888,7854.53548625299,461.95628333502236,3278.711071749571,2557.984849644114,449.9029940712954,0.0,1.1615765413081465e-07,107.5777180138591,193.87151370176682,138.86401943680858,897.417613547458,1901.484003266294,472.84134322964553,782.7233326017733,3982.3443767250096,444.5302880006151,1662.294205464742,125.32298648314469,436.2523758553213,9.056134667427436,0.0,3.559559211113176e-05,71.7057334036667,253.55040837054986,38.91388503415044,134.95778766858894,1.2594727458684914e-09,281.06065127998227,2238.617756316069,1725.9767504562913,653.4022078971846,1100.7530612936334,43.825441047244475,104998.78004738873,27735.485101492945,11154.579911110022,6542.763718364213,2350.1900335708983,1612.1907041588008,317.88093182123396,1289.6446889248748,1125.0136108733575,170.25965296979481,843.1963148941929,659.197049137102,115.35539498366103,694.5746138092113,428.0227849045693,487.3227065815934,123.14045178259057,322.4381408317601,281.2534027183394,230.71896719798568,219.29521796171701
2025-12-01,2764.9294512598804,414.7394176889821,2350.1900335708983,0.24346287241754178,33664.42700995963,11752.318693687279,0.008572473933788684,1.2728589952598808,4815.627082868195,19209.833854188397,34645.81694695702,836.8459280612493,491.2113717024986,3.768877353717742e-11,221.85817969793828,410.82398586723156,2026.0036717956614,367.72784427679994,145.57713102050008,1138.8547468922386,6152.436166521455,1753.236639926933,797.7627085318038,7889.1069078809,465.3339944372768,3311.742141820961,2561.5383509701337,487.3275011753647,0.0,1.0492210881823716e-07,107.43174350561841,193.60282156509123,138.3283589372048,890.4831199790007,1881.5527543952749,472.7226494387924,783.1528648454065,4006.2811525857896,446.3116738299906,1680.9762272921062,132.5772287028071,470.55839154246564,18.59714762276313,0.0,3.247238282253926e-05,70.98014616847045,249.48607364757342,38.457335761230745,133.94139461331895,5.178471760191692e-10,274.80276168738743,2264.8002758762054,1740.272643853149,664.8339837871833,1134.5342507816779,52.48337353664869,105417.60578176589,27729.329970815237,11222.576134347233,6624.592272185746,2350.1900335708983,1612.2249347937518,319.139364399998,1289.7525633270407,1125.683114377214,170.2245796275363,843.7602081550181,659.7224681031179,116.04151681469013,696.5055705589928,428.4780819391163,490.0256486532885,124.65136808417157,322.4449869587503,281.4207785943035,230.90286383609123,220.5115418939798
2026-01-01,2820.8297087577243,414.7394176889821,2350.1900335708983,0.22642262281767933,33289.998713989415,12275.72590963562,0.007885078076111171,1.1877471305495686,4748.22453262967,19063.487006288633,34955.50438175125,931.9285080956748,568.953234669398,3.331713410753802e-11,222.61991780632155,411.2150277847137,2009.9497869274167,367.06679358425083,145.27070910350903,1132.5858793889797,6070.67136765546,1740.7548568295133,800.5735989966577,7920.432783771099,468.639696308529,3343.074905186692,2563.4535720438203,526.3443206399795,0.0,9.47871788928962e-08,107.29205953587487,193.33931426740352,137.84578131906073,883.855741727537,1861.150162312327,472.57816983633256,783.4839585485453,4028.9301007258077,447.9541197869748,1698.950801988875,139.8726521018588,506.0932776241903,28.637269267020542,0.0,2.9648103050532535e-05,70.32394384421075,245.7959386964333,38.04681569591288,133.03571872480882,2.1149203444951464e-10,268.914509356321,2290.0607376028347,1753.64819977109,675.6431226246847,1167.4129649950278,61.192468592836214,105835.2443418911,27722.653216026978,11289.983409136594,6704.074449552475,2350.1900335708983,1612.1573957862818,320.3940776593989,1289.7799478350016,1126.2705785935855,170.18612402967295,844.2623357829104,660.1338989493322,116.7211620442167,698.3337110263353,428.81960426702665,492.7318877984468,126.1196458611583,322.43147915725626,281.56764464839637,231.04686463226625,221.72934950930104
2026-02-01,2820.8297087577243,423.1244563136587,2397.7052524440655,0.2105533565196935,32915.43486276999,12816.874052715824,0.0072541405058744405,1.1082680186923448,4685.191564804112,18919.351282160856,35270.46670849384,1034.8918513119945,655.4581474863525,2.948692205608644e-11,223.3976225557666,411.6985356196968,1994.811782203036,366.5192628501882,145.01419144153166,1126.851897102929,5990.743504566159,1729.1129853797163,803.4349270710004,7948.553794977095,471.8774177019393,3372.7142777892163,2563.7738346004076,566.9543268985994,0.0,8.564344913106576e-08,107.15808945414207,193.08000981876265,137.4088592568269,877.5200752072458,1840.2998672981328,472.40836195356627,783.7215928575163,4050.326624827488,449.46308189324196,1716.227498289662,147.19646458027037,542.8337699449519,39.19547559905011,0.0,2.708971313782253e-05,69.73056831120483,242.43765266858233,37.67676504471058,132.2256402583866,8.580580647014775e-11,263.3770118798433,2314.4269867132907,1766.1514410610846,685.8325597914019,1199.3579710273884,69.97521462141628,106298.99454525868,27715.45836075731,11356.8397710665,6781.191838467108,2397.7052524440655,1612.1675987596573,321.7874503168286,1289.7259166290255,1126.7764631340451,170.14430876464425,844.7029339451891,660.4517598897293,117.3948121255548,700.0895726062117,429.08703431706596,495.4273538601699,127.54482983140879,322.4335197519314,281.6941157835113,231.15811596140523,222.94230923707642
2026-03-01,2820.8297087577243,423.1244563136587,2397.7052524440655,0.19577621634382908,32536.988022496385,13362.910178855074,0.006674159706986388,1.0340206314829026,4624.414890385376,18769.978274132147,35572.65686028761,1143.6195241355451,749.5642777866268,2.6189220811490157e-11,224.19445165676547,412.27293869027466,1980.5718610440101,366.08247924329186,144.8060926509059,1121.6373932112083,5912.667340142545,1718.2919087610178,806.3528503033262,7973.549069142519,475.0553403690964,3400.68205478179,2562.567534198508,609.1568615390496,0.0,7.739098779633952e-08,107.02869407584895,192.82378843267267,137.00915757189972,871.4609698364126,1819.0250170522154,472.2130137366953,783.8696099171634,4070.5054256900344,450.84362869892766,1732.816488015399,154.5345455439102,580.7487306630869,50.29330015805292,0.0,2.4768611614523964e-05,69.19407684961979,239.37519784457368,37.34249904039284,131.49893893064012,3.458742421128295e-11,258.171894451758,2337.9275253607134,1777.8306525577493,695.4097309784972,1230.34514328071,78.84827904980939,106761.3684990863,27707.888175734337,11423.172369469712,6855.94396311311,2397.7052524440655,1612.1546452550153,323.17665336143256,1289.734079007726,1127.2042605615359,170.10000346916627,845.0823473505338,660.6869562024625,118.06279274486182,701.7786885514175,429.29364392832406,498.0997574928413,128.92680641257516,322.430929051003,281.80106514038397,231.24043467086187,224.14489087177859
2026-04-01,2820.8297087577243,423.1244563136587,2397.7052524440655,0.1820175519143721,32155.280529891697,13913.245201070316,0.006140963325000632,0.9646670515095386,4565.789532369399,18615.487494387206,35861.65793510672,1258.035432354423,851.7851177028933,2.3130562006846587e-11,223.88566149342432,411.74703423846574,1964.9660431778343,365.17137540255266,144.4022808607475,1115.0683307551094,5833.549017578569,1705.1736902743305,806.9844269194451,7985.5852370941,477.0100673957604,3423.0481256883404,2553.4604523173552,651.1351723225147,39.522358658545286,6.960814157673443e-08,106.51338854300971,192.16223023618576,135.89398465382328,864.5950638405877,1792.9672603668037,470.9157598174719,782.3094524734497,4085.3454723366963,451.29262711477645,1747.0712921385002,161.44910290945387,618.5515246968766,61.663165850935954,18.85420443332433,2.2659893631165334e-05,68.70903135494241,236.5775026989512,37.04000527496804,130.84547714960544,1.3853047425402514e-11,253.2811997783622,2360.5904248513975,1788.7327530013804,704.3855848852386,1260.3563784639937,87.82282461507457,107222.4340684494,27700.70927417712,11489.584529481504,6928.3412047338215,2397.7052524440655,1612.0778533328225,324.5618297481464,1289.7237162040124,1126.8469071651282,170.0557105961028,845.4031954211518,660.2627268217701,118.72830858758763,703.4013881526635,429.44652153160064,500.7384727188982,130.26567381305318,322.41557066656446,281.71172679128205,231.09195438761952,225.33231272350417
2026-05-01,2820.8297087577243,423.1244563136587,2397.7052524440655,0.16920856740779777,31770.910831654062,14467.31222118191,0.005650725694514473,0.8998906896017826,4509.212404575507,18456.027981538977,36137.07857826852,1378.0147944228129,962.6395698850762,2.0372868694751663e-11,223.60854528236013,411.25070212171454,1950.0355932396474,364.32018404743945,144.02561283858336,1108.8524135872121,5756.050952299804,1692.6306212400043,807.5644348199985,7993.890913168752,478.8449686939334,3443.468575103221,2542.6710978398382,694.4324306599315,82.64279746689525,6.26164009860271e-08,105.99912381859679,191.47782362847562,134.85677440772275,857.889443296481,1766.4257467143843,469.5344068547718,780.5667227768108,4098.638071370107,451.5639369832009,1760.4944065639584,168.30270716906654,657.2599137974336,73.56757660327126,39.253809389257725,2.0739270729289192e-05,68.26443973838639,233.9871023554955,36.76098951354759,130.23821843053568,5.51369619586368e-12,248.67270934443653,2382.379977225992,1798.8192835938132,712.7165358919565,1289.321580996904,96.89590054258564,107682.27113150958,27694.28984240936,11555.830463436156,6998.05675837293,2397.7052524440655,1611.9249882212955,325.9432011625965,1289.662282666258,1126.0669784036706,170.01473603034688,845.1351803738462,659.4987560272169,119.39049039197728,704.5769324295446,429.1707724341506,503.3062100481503,131.55516874228658,322.38499764425904,281.51674460091766,230.8245646095259,226.4877945216676
2026-06-01,2820.8297087577243,423.1244563136587,2397.7052524440655,0.15728500982928512,31384.451782546745,15024.567270282245,0.005199938518252535,0.8393949733701142,4454.5822069632,18291.77520054772,36398.55581001356,1503.384913721084,1082.6465108763762,1.7971271469211004e-11,223.3667894733577,410.7805163830743,1935.7448154800593,363.52252217320756,143.6732669937204,1102.964408900664,5680.152702240073,1680.6291297634834,808.0931795005424,7998.485546445704,480.5626254958494,3461.9420858599096,2530.263258276443,738.9916608270772,129.66651237754394,5.6334477554910385e-08,105.48246533325197,190.76584533939345,133.88214620802532,851.316485156955,1739.411151854619,468.05925310402176,778.6286645157829,4110.351090619864,451.6530645877008,1773.069876179954,175.07176041880464,696.7855819860821,86.01915560569422,61.31392560732845,1.8987448959878585e-05,67.85356775093973,231.57190956378076,36.5010621750737,129.66482423745634,2.1809911178555346e-12,244.32390123185513,2403.2940133640077,1808.0991670054693,720.3955693226901,1317.2076411299274,106.06382239949346,108140.96557487265,27688.839020190728,11621.810466573812,7064.975497168145,2397.7052524440655,1611.6897927810485,327.3210162999451,1289.5399905770364,1125.0120358649197,169.978776930746,844.5502338027529,658.5212760466912,120.04895461840393,705.4926069441738,428.674191417691,505.7808597485267,132.79300840043206,322.3379585562096,281.2530089662299,230.48244661634192,227.601386886837
2026-07-01,2820.8297087577243,423.1244563136587,2397.7052524440655,0.14618687670726527,30996.44955375166,15584.490035532515,0.0047853842620789065,0.7829021199678275,4401.7996237855505,18122.928607160833,36645.75886634081,1633.9272611566066,1212.318722131338,1.5827775347185093e-11,223.15576536411908,410.32951968420855,1922.055206451683,362.77120720882226,143.34208989723047,1097.3764070016873,5605.828647816536,1669.1302203485184,808.563550377737,7999.38148607062,482.16261308081664,3478.4662693876185,2516.2857014379206,784.7443376824843,180.9236822089636,5.068756831811539e-08,104.96013398672622,190.02314749121743,132.95273339852656,844.8542999506545,1711.9496079760993,466.4842863840568,776.4885004953824,4120.473592376894,451.5588968001263,1784.7909402041576,181.7339640851807,737.0381377948248,99.03062358174662,85.16074152315474,1.7388109290698284e-05,67.47160183543679,229.31097755042202,36.2575212160063,129.1190031803656,8.574721877393388e-13,240.2164668569327,2423.3425772738724,1816.597809180785,727.4317318374863,1343.9984287399625,115.31992912486012,108598.60654424025,27684.516704018984,11687.499606099434,7129.066064184239,2397.7052524440655,1611.3687453314649,328.69553774498354,1289.351834224839,1123.7252270436695,169.94892335291578,843.7590268986897,657.3662619442474,120.70362542881938,706.218302292039,428.0388294303493,508.1492251186836,133.9785101572602,322.2737490662929,280.9313067609174,230.07819168048658,228.6671513034076
2026-08-01,2820.8297087577243,423.1244563136587,2397.7052524440655,0.13585814203686064,30607.422936571158,16146.584404082445,0.004404111840605506,0.7301519825112823,4350.767621751947,17949.70932594116,36878.39318293683,1769.3807307107386,1352.156196218738,1.4010151178100007e-11,222.9665203536232,409.8886820139392,1908.9263155863855,362.0585464172472,143.02872582910283,1092.0588926911214,5533.04871707293,1658.0915924378528,808.9638916757324,7996.587791883863,483.64252137553194,3493.038790247577,2500.7792640645202,831.6109517597695,236.76708251917745,4.560803697422034e-08,104.42853206262222,189.24687677227917,132.05128573902033,838.4827967085826,1684.0705005987177,464.80395718298314,774.1402811661887,4128.999796647785,451.280932788318,1795.653495279828,188.26722393903435,777.921124853665,112.6132662691565,110.92866219873856,1.59269438504527e-05,67.11455971017153,227.1878063563463,36.028307703441534,128.5964554470051,3.3510528774368706e-13,236.33387004949873,2442.538346574115,1824.3434967781386,733.8402997331677,1369.685527704206,124.65368208580091,109055.2848124494,27681.458285928387,11752.88873225253,7190.322368068836,2397.7052524440655,1610.9599488308288,330.0670354040899,1289.094996265172,1122.227362837729,169.92605151803647,842.7939202827522,656.0503031884082,121.35449094125285,706.7701440790369,427.28807026376086,510.4023529808587,135.1114872135824,322.1919897661657,280.55684070943227,229.61760611594283,229.6810588413864
2026-09-01,2820.8297087577243,423.1244563136587,2397.7052524440655,0.12624649937342006,30217.862960505743,16710.37879410715,0.004053414352040656,0.6809009645840237,4301.391790975289,17772.357829282057,37096.2042517285,1909.4459269233193,1502.63890080367,1.2286229238223184e-11,222.78777276648174,409.4475696469107,1896.3161376691764,361.3764619481587,142.72967225313542,1086.9812165740625,5461.778781802247,1647.4685901372804,809.2793350918535,7990.112140950564,484.99841641516946,3505.65791557678,2483.7802088494404,879.5014843922731,297.57057321072676,4.103569832474126e-08,103.88396702150726,188.4342996459015,131.16226450148804,832.1829441951735,1655.805291225625,463.0128026220128,771.5781757179641,4135.925867225824,450.8188233388762,1805.6547263777531,194.64969289950636,819.3318229085022,126.77624707399339,138.75916047008062,1.4591243695505134e-05,66.7790138305577,225.18845492768125,35.81171631916148,128.09378837777766,1.3018956939257002e-13,232.6608210006361,2460.8947596221597,1831.3647136504517,739.6402693481816,1394.266093456996,134.05083935556172,109511.09165520404,27679.786277284267,11817.976085265242,7248.750484480409,2397.7052524440655,1610.4626273167275,331.43578237270003,1288.767959064663,1120.5290378728077,169.91092983597238,841.6705221282969,654.5815963106497,122.00157280493066,707.1539912119376,426.4326970724653,512.5338786964087,136.19199610395628,322.09252546334545,280.13225946820194,229.10355870872738,230.6402454133839
2026-10-01,2820.8297087577243,423.1244563136587,2397.7052524440655,0.11730312103987248,29828.23277790468,17275.426276701066,0.0037308086738953214,0.6349209985952305,4253.580706648836,17591.131609243923,37298.98122667017,2053.7903127974846,1664.2191335969405,1.0762753974117953e-11,222.60709540767678,408.9947424196216,1884.181358486356,360.7165637327259,142.44131165764304,1082.1118721305681,5391.9809541325585,1637.2147677286816,809.4926029893159,7979.962109180286,486.22511681759926,3516.322881865958,2465.322279690947,928.3159471221342,363.7275421847148,3.691730849576172e-08,103.32281850469927,187.5827464234726,130.27244236773782,825.9364615905963,1627.1871858892835,461.1053536933704,768.7962520394269,4141.248527884599,450.17219390763046,1814.7924898075255,200.85992811520876,861.1616393103967,141.52603620801466,168.79981212504663,1.336963454235396e-05,66.46194981848346,223.30061677182334,35.60625594708516,127.60803299422336,5.0285410308649193e-14,229.18303981426857,2478.4252722790266,1837.6890900242256,744.8529997087725,1417.7417427627536,143.49381490904574,109966.11799849142,27679.6171455468,11882.763887903926,7304.362828399342,2397.7052524440655,1609.8768571856965,332.8020519710069,1288.370101853382,1118.6349606686215,169.9042729222352,840.3967784046058,652.9640637220945,122.64491204382885,707.3716708849472,425.4780376019223,514.5391041668272,137.22022279918644,321.97537143713924,279.6587401671554,228.53742230273303,231.5425968750722
2026-11-01,2820.8297087577243,423.1244563136587,2397.7052524440655,0.10898243247246422,29438.967778966315,17841.304503623272,0.0034340167615485276,0.5919985843096791,4207.246300277326,17406.302863887588,37486.5602011355,2202.054019573809,1837.313646141168,9.52812152440819e-12,222.41166635085727,408.51803145531096,1872.4775510750142,360.070203638803,142.15993473478045,1077.4186988822973,5323.613856931003,1627.2823023274964,809.5845783615339,7966.146206485124,487.31639494708276,3525.0341966378123,2445.438159817942,977.945028527312,435.6490038633507,3.320599797574934e-08,102.74164493168092,186.68959263597432,129.37095701012922,819.7256636803402,1598.2509528397434,459.07612458839384,765.7884124981314,4144.964357005708,449.34056625616427,1823.0649780962153,206.87707248812035,903.2967568898557,156.8658876372579,201.20326584238367,1.225188750503829e-05,66.1606793272828,221.51312461525507,35.41057669856441,127.13642202118547,1.9311439631119816e-14,225.8871227466192,2495.1430105687004,1843.342931446523,749.5013109301374,1440.1178073593383,152.9621243249812,110420.45372863852,27681.065814035726,11947.256232433303,7357.175122290475,2397.7052524440655,1609.2034068661976,334.1661154307573,1287.9014857485572,1116.546042380557,169.90677487906635,838.9762205014661,651.1993186244241,123.28455734766378,707.4231487111165,424.42664141936143,516.4144320815722,138.1964227384122,321.8406813732395,279.13651059513927,227.91976151854843,232.38649443670744
2026-12-01,2820.8297087577243,423.1244563136587,2397.7052524440655,0.1012419007856222,29050.4759060035,18407.615460236575,0.003160948505872892,0.5519338841688071,4162.304232335922,17218.156225295206,37658.82709157459,2353.8561026068655,2022.2957535033067,8.364370805015232e-12,222.1887587212483,408.0047589384851,1861.1593642281118,359.4285247973988,141.88176109561522,1072.869061335908,5256.6329014574885,1617.6223481767825,809.534761606425,7948.674818092992,488.26514717732096,3531.793923011311,2424.1606103101276,1028.2708628664411,513.7612023595029,2.9860357280750105e-08,102.13724808280074,185.75225891063326,128.44909934966591,813.5333865939235,1569.032768095012,456.91964060852587,762.548407319255,4147.069441184332,448.32333179058594,1830.470535151605,212.6810382141745,945.618939308472,172.7953521635457,236.12605376961244,1.1228775571534814e-05,65.87278112497494,219.81567906385135,35.22343140691045,126.67629717642399,7.374437259357088e-15,222.76045413072094,2511.0605979626393,1848.3510064009006,753.608824218081,1461.4027554159438,162.432881066422,110874.18710828942,27684.248804175168,12011.457500572002,7407.204719195644,2397.7052524440655,1608.4436328084805,335.52823998468233,1287.3627254929581,1114.2606035702927,169.9191317832291,837.4095317854178,649.2877094165165,123.92055423020075,707.3074947507405,423.2795571058757,518.1570105328657,139.12088731270538,321.68872656169606,278.5651508925732,227.25069829578075,233.17065473978954
2027-01-01,2878.4401181825783,423.1244563136587,2397.7052524440655,0.09404183669085293,28663.138138769784,18973.98506462416,0.002909686020527293,0.5145398722333285,4118.674258157643,17026.986552448307,37815.72006139195,2508.8010216193757,2219.487677814007,7.38681173860256e-12,221.92606520090925,407.44193023610114,1850.180725377456,358.78251323269467,141.60296067258398,1068.4300288701784,5190.990591305324,1608.1853796559906,809.3216732329644,7927.561125146449,489.06355513006,3536.605970358833,2401.5234190260444,1079.167924091576,598.5026260967552,2.6843667271471077e-08,101.50671088306093,184.76822316447942,127.50000132175155,807.3429661689407,1539.570066053293,454.63049147970435,759.0698992882286,4147.559265072765,447.1197596448355,1837.007570915647,218.25268432020647,988.0064486075222,189.30983001562288,273.7271949436424,1.0291957799601458e-05,65.59605872079692,218.1986984060266,35.043655584643794,126.22508001153929,2.80038852869565e-15,219.79114101046613,2526.1900676990326,1852.7364615097085,757.1994535057905,1481.6077046599898,171.881321094335,111327.40426622017,27689.286487633923,12075.371111906543,7454.4696524942865,2397.7052524440655,1607.5994072878723,336.88868722545163,1286.7549062467845,1111.7751652066218,169.94205758140413,835.6954526777195,647.2289060746893,124.55293526849071,707.0233669138119,422.0370111207357,519.7645089276717,139.99392468749693,321.5198814575744,277.94379130165544,226.53011712614125,233.89402901745225
2027-02-01,2878.4401181825783,431.76601772738684,2446.6741004551914,0.08734521451862012,28280.08018942488,19554.349702314725,0.0026787893846281657,0.4796568062603415,4078.228389272383,16838.650299895966,37972.89946153364,2670.210549532795,2433.8521618160034,6.546126154040598e-12,221.61191738330766,406.816415263304,1839.4950712628824,358.12305595657426,141.31967763102728,1064.0685710534055,5126.636864905392,1598.9215495633277,808.9232355399674,7902.8220424044575,489.7032500832407,3539.4764030168126,2377.562227315544,1130.504043308091,690.3203734474356,2.4123397375050963e-08,100.84741935094983,183.73504246499823,126.51831486299223,801.138255832993,1509.9013942838915,452.2034049294772,755.3465683407886,4146.428779605393,445.72903166629425,1842.6745515423852,223.57398471403403,1030.335046580427,206.40017231294573,314.1665647037483,9.433882674398487e-06,65.32850843764584,216.65323294701037,34.870157052606984,125.78027138850865,1.0575852037282978e-15,216.96795998912177,2540.542818465148,1856.5208028808586,760.2970039324055,1500.7459937194233,181.28133779599438,111828.84043460057,27696.304698134776,12138.99853121544,7498.988096042606,2446.6741004551914,1606.843790168512,338.39414190628275,1286.0795258302978,1109.0850198498772,169.97629547957263,833.8313739049663,645.0222428256814,125.18171177038784,706.5692688587676,420.6987889485481,521.2349765190378,140.8158487914114,321.3687580337023,277.2712549624693,225.75778498898845,234.55573943356697
2027-03-01,2878.4401181825783,431.76601772738684,2446.6741004551914,0.08111748111842623,27898.76016395188,20134.10026883812,0.002466286069199112,0.4471041542057622,4038.907118416728,16647.69095286391,38114.37551775041,2834.010129961494,2661.1578838106598,5.803573002911003e-12,221.2391541309103,406.1190253341727,1829.062886839557,357.4429163400011,141.0288525227948,1059.7577959750788,5063.528506527559,1589.790931557081,808.3248995115309,7874.508347720175,490.1793779183942,3540.4254441737085,2352.333737619627,1182.1500749082493,789.6771547020875,2.1670500087143976e-08,100.15707630752082,182.65038306638039,125.49992828643565,794.903676614694,1480.0662762569973,449.633337782711,751.3722495782704,4143.672616314939,444.1502997701225,1847.470051766305,228.6281850958506,1072.4790580361062,224.05234362467604,357.6030171084658,8.647705509962622e-06,65.0682944781986,215.17091231480418,34.701910358060594,125.33946134123744,3.9723872608810164e-16,214.28031131119957,2554.129593139266,1859.723913271312,762.9248524695809,1518.8327966066988,190.60601129690883,112329.53272351461,27705.569105780934,12202.338499631147,7540.778065234973,2446.6741004551914,1606.0844553134655,339.8973562276758,1285.4750321348097,1106.187189055116,170.02343543353507,831.8137648874078,642.6669294088089,125.80686706289424,705.9436949221637,419.2644578366929,522.5667526056311,141.58697312416558,321.21689106269304,276.546797263779,224.93342529308308,235.15503867253398
2027-04-01,2878.4401181825783,431.76601772738684,2446.6741004551914,0.07532641114119513,27519.486658087404,20712.92016190498,0.0022706949849198243,0.416728779092651,4000.6407573568304,16454.420105344863,38240.23750139422,2999.7881409497186,2901.5346928393724,5.130015421446842e-12,220.79899913233686,405.3383713150737,1818.8404482851736,356.73376779308836,140.72698491104123,1055.4675684908539,5001.615254773282,1580.7481116326321,807.5074669587494,7842.658658348573,490.48452891028353,3539.4690539813782,2325.8858978577637,1233.9681397747697,897.030936645737,1.9458893065580376e-08,99.43374729387065,181.5120944810188,124.4418057215064,788.6243897595779,1450.105420517679,446.91568043893767,747.14124771932,4139.285805188389,442.3828365555475,1851.3930123695739,233.39999854377083,1114.3126432313243,242.24721444973585,404.1923771104917,7.927215817357155e-06,64.81372895526937,213.7439087178929,34.53795336774182,124.90034051380914,1.484080358704866e-16,211.7181778867832,2566.96047102202,1862.3640903120363,765.1056960674211,1535.884774020234,199.82811803262933,112829.5223437626,27717.27418881074,12265.388273400202,7579.8572668230545,2446.6741004551914,1605.2860791344901,341.3984010727049,1284.8675642507724,1103.0778447864611,170.0846364345016,829.640391791337,640.1622481211206,126.42836990116051,705.1452180488229,417.7335041157258,523.7584089194628,142.30760754127857,321.05721582689796,275.7694611966153,224.05678684239217,235.69128401375824
2027-05-01,2878.4401181825783,431.76601772738684,2446.6741004551914,0.06994194844171246,27142.544775787173,21290.51568193269,0.0020906568859434416,0.38838744212153437,3963.366200258159,16259.154611339047,38350.63627365456,3167.143277228896,3155.0375300498617,4.5043615181497996e-12,220.28263415284894,404.4624741184871,1808.7826989401851,355.9869478951712,140.4104475588179,1051.166906859998,4940.843440726133,1571.746169703608,806.4503044222079,7807.311066249494,490.61032387366345,3536.6235197746405,2298.265600699402,1285.8155300638566,1012.8317885207222,1.7465278528292448e-08,98.67585968168059,180.31824276420193,123.34179139446604,782.2863737999886,1420.0604957944631,444.0463500928575,742.6484891978037,4133.264135529298,440.4261094829811,1854.4428587871023,237.87572819239298,1155.7109059438349,260.9603853904249,454.08509349986997,7.266773401153471e-06,64.56325621199868,212.3649102565185,34.377385174579736,124.46071129921316,5.5152147361598596e-17,209.27208953719204,2579.044875483441,1864.4581069169974,766.8613635622631,1551.9197649462258,208.92060977696076,113328.85877029784,27731.58985355924,12328.142819568833,7616.243080432164,2446.6741004551914,1604.4402614104438,342.89741250950794,1284.2288633075923,1099.7522915300149,170.1609070290781,827.3083835898458,637.5076704685024,127.0461669527149,704.1725861844329,416.1054612787284,524.8087149481097,142.97805762721288,320.88805228208867,274.9380728825037,223.12768466397583,236.16392172664933
2027-06-01,2878.4401181825783,431.76601772738684,2446.6741004551914,0.06493606345101607,26768.196802866612,21866.614563887942,0.0019249239575902556,0.3619461700377861,3927.026557070206,16062.213497453216,38445.78136952207,3335.68910090975,3421.64338665219,3.911837957376554e-12,219.68199222283513,403.47963492042084,1798.8448206671899,355.1938690953416,140.07565711658165,1046.8252825083111,4881.157989618987,1562.7388321319588,805.1330908350192,7768.509068265014,490.5482846456064,3531.907782906556,2269.5224932560204,1337.5473947388714,1137.5170502599708,1.5668601691159302e-08,97.88219946513095,179.06714399465213,122.1984616717444,775.876508697016,1389.9738885891163,441.0218822764996,737.8896749981293,4125.60455940041,438.2798588809262,1856.619639982533,242.04336938434508,1196.5509815582145,280.16210128909273,507.423659035543,6.661251599363883e-06,64.31544018616876,211.02709787105096,34.21936434265483,124.01849618433334,2.03889690737989e-17,206.93309105171696,2590.3915911459667,1866.0212846053298,768.2126798157593,1566.9565135722478,217.85705131332338,113827.59408551942,27748.68324318869,12390.59392923902,7649.952616749804,2446.6741004551914,1603.5442423415464,344.39454289206367,1283.5522091283551,1096.2055811003777,170.2532383985317,824.8142186475111,634.7029347121247,127.6601742651945,703.024779025987,414.3799858045266,525.7166171288336,143.59862557951286,320.7088484683092,274.0513952750944,222.14602714924365,236.5724777079751
2027-07-01,2878.4401181825783,431.76601772738684,2446.6741004551914,0.06028261967879309,26396.683108990524,22440.9648116757,0.0017723504013106815,0.3372796649291242,3891.5710159352857,15863.915665343506,38525.93840652766,3505.0580238941266,3701.2500525649107,3.4821226325145792e-12,218.9900157771143,402.3787935374821,1788.9829083573313,354.34619252014375,139.71914584019717,1042.4131652691885,4822.503310990142,1553.6813718677558,803.5365491485825,7726.303671703656,490.290208256769,3525.3442479268324,2239.710196925882,1389.0184671821314,1271.5048100869121,1.4050065700789788e-08,97.05191642733814,177.7574068109246,121.01103532532102,769.3826887981869,1359.8885345494693,437.839544673608,732.8614694683614,4116.3057227735735,435.94419691053326,1857.9242215310264,245.89270498725853,1236.7131335169522,299.81728038673145,564.3398666325215,6.105986807381221e-06,64.06895411096278,209.72412357406859,34.063107152032416,123.57174305962458,7.498661517053032e-18,204.6927135137465,2601.008788590655,1867.0675760757276,769.1793744415918,1581.014429533777,226.6120088167929,114325.78041956673,27768.723055390125,12452.729722805856,7681.002824974966,2446.6741004551914,1602.5978178620014,345.88994854588867,1282.835393873237,1092.4329500295312,170.362631642269,822.1541858252833,631.748119600705,128.2702726577452,701.7010469837396,412.55690756288107,526.4812266970972,144.1696120614798,320.5195635724002,273.1082375073828,221.11184186024673,236.91655201369372
2027-08-01,2878.4401181825783,431.76601772738684,2446.6741004551914,0.05595724877649123,26028.22314021156,23013.33362244397,0.001631883855393249,0.3142707514676843,3856.9547257448107,15664.577911707249,38591.42607321762,3674.9045561401103,3993.6765761122397,3.03706332878664e-12,218.20082601517845,401.14981242342725,1779.1545382072625,353.43597314394805,139.33762121819828,1037.9024741051533,4764.824057349326,1544.5313441037176,801.6430302855767,7680.754904383498,489.8284747396596,3516.9593612105805,2208.8870590619986,1440.0846945237543,1415.1868620336859,1.2592437171919188e-08,96.18453451008577,176.387979759981,119.7793247881107,762.7939533683929,1329.8477917193727,434.49746220961595,727.5617081142606,4105.368580016266,433.41971870710233,1858.3585151752393,249.4153902407739,1276.0818325536818,319.8856637164813,624.9519519641697,5.596732808655154e-06,63.82257227081351,208.45009023205358,33.907885918534014,123.1186286119279,2.743815327840528e-18,202.5429490307013,2610.9040578220825,1867.6096578829834,769.780030843214,1594.1133820797236,235.1613841199254,114823.46846546167,27791.881032804973,12514.534406856126,7709.410644408692,2446.6741004551914,1601.602270855318,347.3837837049424,1282.0782542896013,1088.4301690905588,170.49010778419893,819.3247125221484,628.6437228057429,128.8763056661344,700.2009524238617,410.63627774045824,527.1018140773702,144.69131891276731,320.32045417106355,272.1075422726397,220.02530298201,237.19581633481658
2027-09-01,2878.4401181825783,431.76601772738684,2446.6741004551914,0.05193723363156259,25663.016453255237,23583.506349325024,0.0015025575604734691,0.2928098587508903,3823.1386372540396,15464.513131449497,38642.61252468436,3844.9077715949334,4298.665376349661,2.714149603825911e-12,217.30985508647493,399.7837314667418,1769.319308901715,352.4557971392924,138.92802220196717,1033.266999666597,4708.0658501348535,1535.249267664999,799.4370389214291,7631.933062245762,489.1563319318395,3506.784091108752,2177.116666836189,1490.6048381857247,1568.9214247317486,1.1280339135231677e-08,95.27996497313103,174.9582003845622,118.5037145013667,756.1006264879452,1299.8953365056245,430.9947454869484,721.9896120402296,4092.7970589529805,430.707619241164,1857.9257317279526,252.6050247696816,1314.5467978823708,340.32208743509983,689.361689419349,5.129620829551775e-06,63.575163648998796,207.19953373309517,33.75302754964804,122.6574610215971,9.989295919510852e-19,200.47622905413198,2620.0844521758368,1867.659034663516,770.0320719379096,1606.2735287303142,243.48269258462867,115320.7064935627,27818.33228622409,12575.988209819685,7735.193200229296,2446.6741004551914,1600.559875546323,348.8761968078457,1281.2818166842544,1084.1938526302101,170.636710634924,816.3226268179192,625.3907445440617,129.4780793102982,698.5244175662865,408.6184198237329,527.5778090333101,145.16405271237153,320.1119751092645,271.04846315755253,218.88676059042157,237.41001406498953
2027-10-01,2878.4401181825783,431.76601772738684,2446.6741004551914,0.04820139899077713,25301.243766000433,24151.285489051326,0.0013834831989545813,0.27279453450702706,3790.0892804941286,15264.028656082026,38679.91117711586,4014.7729952049876,4615.885900307956,2.346557052016711e-12,216.31395404809518,398.27300191502434,1759.4393684109057,351.3989147144664,138.48757342674304,1028.482809547503,4652.175989576258,1525.7992709014536,796.9057174455347,7579.919761169802,488.2681644553423,3494.8543355152606,2144.468178920072,1540.4420428746182,1733.025858914155,1.0099876524002644e-08,94.33852026401925,173.46784354154948,117.1851552849027,749.2944595248068,1270.07506954331,427.33161611645,716.1459989507848,4078.598748971556,427.809810548528,1856.6306462502873,255.45720995830126,1352.0039822759807,361.0768771890716,757.6515231772157,4.701122873129503e-06,63.325687324917304,205.96740826189264,33.59791247466032,122.18668290824067,3.618672197916374e-19,198.48540636646487,2628.556544008769,1867.2261558921196,769.9517788656768,1617.5151783423837,251.55528451837515,115817.53964367342,27848.25494183524,12637.067461606863,7758.368043664622,2446.6741004551914,1599.4736223856862,350.3673279587894,1280.4479004370585,1079.7217393249107,170.80350550100135,813.1453894726576,621.9907743609918,130.07536332448691,696.6717789219607,406.5039839536401,527.9088062909822,145.58812919565298,319.8947244771372,269.93043483122767,217.69677102634714,237.55896283094197
2027-11-01,2878.4401181825783,431.76601772738684,2446.6741004551914,0.044730009142144866,24943.068007670234,24716.489692646115,0.001273844350116761,0.25412898970250947,3757.7784724295,15063.42471149602,38703.775967298694,4184.232748457119,4944.9396605249485,2.0778619656165376e-12,215.21147865619298,396.61169790731486,1749.4799212094724,350.2593670354291,138.01383684803855,1023.5286322046144,4597.1041430104715,1516.1496964258142,794.039284904854,7524.808792497784,487.15974437945727,3481.211255989247,2111.0164873583926,1589.4653517544411,1907.7696284279646,9.038256060241971e-09,93.36092650327565,171.9171665358555,115.8251656881911,742.3687695506301,1240.4310203243763,423.50952273203785,710.033480982669,4062.7855849343896,424.72903413382875,1854.4798645105334,257.96958980762895,1388.356483792959,382.09635894603366,829.8818263571228,4.3080196991329e-06,63.07318946846803,204.74907507980828,33.441974031033084,121.70487511456524,1.3044359463542137e-19,196.56374067138762,2636.3264929533566,1866.3205454336323,769.5543387537973,1627.8586877367377,259.3605119544052,116314.00939336582,27881.829318609496,12697.74479480857,7778.953435505211,2446.6741004551914,1598.3470436938705,351.85730706889717,1279.5788979085492,1075.0129461473857,170.99157498690596,809.791304493683,618.4460776842046,130.66789360777324,694.643846794685,404.29400333464474,528.0945764493879,145.96387850470902,319.66940873877405,268.75323653684643,216.4561271894716,237.64255940222452
2027-12-01,2878.4401181825783,431.76601772738684,2446.6741004551914,0.04150467221449093,24588.635356918086,25278.952801339463,0.00117289050614375,0.23672367174668463,3726.1829576863884,14862.992994022614,38714.69618443141,4353.047015837978,5285.366438975165,1.8848638959908356e-12,214.00235083506098,394.79570047051214,1739.4097038484651,349.03210403596023,137.5047594731455,1018.3862098768838,4542.802997736437,1506.2736499305397,790.8314205247617,7466.706759808953,485.8284574748426,3465.901528782234,2076.8422087250683,1637.5511380503485,2093.367758271686,8.084187912913386e-09,92.34833251140437,170.3069487032833,114.42583308483722,735.318567090304,1211.007240489368,419.5312416056943,703.6566398189057,4045.3744993656956,421.4689634136663,1851.4820795686855,260.14187326048443,1423.5153675500112,403.323475767825,906.08838846341,3.947371560627018e-06,62.81680175327293,203.54029483180466,33.284698324944905,121.21076157534473,4.67928536884297e-20,194.7048875824564,2643.400126861375,1864.9509433414673,768.8539173443395,1637.3243902775716,266.8818441113176,116810.15315044556,27919.2367478449,12757.98945070166,7796.968669951266,2446.6741004551914,1597.1840909275065,353.3462524479436,1278.6776349550964,1070.06819316293,171.20201255675738,806.2597096105393,614.7596780113523,131.25537570609868,692.4419675418964,401.989950494733,528.1350818809392,146.29165121490138,319.43681818550124,267.5170482907325,215.1658873039733,237.6607868464226
2028-01-01,2931.109613745379,431.76601772738684,2446.6741004551914,0.038508250678762464,24238.076258938214,25838.522910998225,0.001079931602291681,0.2204948646017703,3695.283990809664,14663.01537104737,38713.19100525228,4521.002912388536,5636.651407936715,1.6138118795419504e-12,212.68809202202422,392.82284751009865,1729.2014139745681,347.71308919923285,136.95871557065212,1013.0406086147539,4489.228860956136,1496.1494748149541,787.2795787604759,7405.73346838947,484.273497612491,3448.977500646661,2042.03150076181,1684.584420532348,2289.975042135383,7.227223474302434e-09,91.30231343173631,168.63852318263696,112.98980891774254,728.1406667438274,1181.8476769116744,415.400956069682,697.0221699485013,4026.3880156059067,418.0342912402084,1847.6483073719032,261.9758359315847,1457.4003818522735,424.6984951837626,986.2802337139087,3.6164924141891046e-06,62.55574097920943,202.33722305190378,33.12562452423039,120.7032152273714,1.6704867204872212e-20,192.9028906721789,2649.7830348741,1863.1254585360623,767.8637520503939,1645.9325540738992,274.1049359388479,117306.00394041788,27960.65811150106,12817.767676112577,7812.43443354469,2446.6741004551914,1595.98904075817,354.83426972469096,1277.7472727420054,1064.8899947818484,171.43591430399954,802.5511448721975,610.9354302973959,131.83748916388416,690.0680857418956,399.593790707379,528.0304971107665,146.5718250377054,319.1978081516339,266.2224986954621,213.82740060408855,237.6137236998449
2028-02-01,2931.109613745379,439.66644206180695,2491.4431716835725,0.03572477921105122,23893.477469547775,26408.686812082175,0.0009944349292855625,0.20536968724355353,3666.72616480754,14467.612950846118,38711.64978398206,4691.837496137605,6005.846960160281,1.4135755965853916e-12,211.27182433675918,390.69304324422234,1718.8320772612938,346.2993872611036,136.37454168956825,1007.480473157135,4436.342188464091,1485.7611338840134,783.3852226691159,7342.022040561851,482.49602173371153,3430.49723794399,2006.675702652345,1730.4600304197365,2497.6812372245395,6.457924210583776e-09,90.22486725016697,166.91379882194144,111.52029401210639,720.8337746115674,1152.9960173832535,411.12430950490517,690.1389817398492,4005.8547558240093,414.4307979185211,1842.992090677067,263.4752992903588,1489.9405544034717,446.15978752027297,1070.4378694728232,3.3129262160261694e-06,62.28930966440821,201.13640825284114,32.96434549295059,120.18126469095132,5.935209994934716e-21,191.15217612967854,2655.480671385307,1860.85173023135,766.5962608256486,1653.7033668313704,281.0176548569989,117846.07972646496,28006.27216250348,12877.043198436775,7825.373191674431,2491.4431716835725,1594.9120471481433,356.4553384883887,1276.7912326065361,1059.4828123101875,171.69436929392904,798.6674960863863,606.9780811661334,132.41389259605674,687.524803104229,397.10802969330734,527.7812329177252,146.80481205676273,318.9824094296286,264.87070307754686,212.44232840814666,237.50155481297634
2028-03-01,2931.109613745379,439.66644206180695,2491.4431716835725,0.03313938162495087,23552.927697143143,26975.650998509755,0.0009157029676446381,0.1912690896086675,3638.804289101192,14273.073132508984,38698.50452208117,4861.4526986855,6384.932432566724,1.2685651387411418e-12,209.76118517437618,388.4114056397913,1708.2890599957373,344.7907421567297,135.7521919184918,1001.7029515724288,4384.114939774327,1475.1061427781774,779.1601181129389,7275.738987458031,480.5023582812122,3410.532577751692,1970.8831111492168,1775.0918786217946,2716.52993876751,5.767803215559678e-09,89.11840287374736,165.135270481452,110.02101127161808,713.39854714134,1124.4955038886565,406.7084275069214,683.0182572559631,3983.809840186488,410.6653957368754,1837.5296615323969,264.6460856509313,1521.0746563586372,467.64465210064975,1158.5120544097688,3.0344261425596612e-06,62.016897342004555,199.9347917791006,32.80050864099447,119.64410129568753,2.0988478988352867e-21,189.4475494840949,2660.49846904705,1858.1370953106555,765.0631621360768,1660.6569438438437,287.6100711429557,118385.57109477068,28056.36758915246,12935.777766401214,7835.80959305689,2491.4431716835725,1593.8770888493877,358.0747145284439,1275.9296377185146,1053.8550710762108,171.97913999332454,794.6121092326406,602.8933119321596,132.98422933603985,684.8154308627356,394.5357527579867,527.3879631662113,146.99106631406585,318.7754177698775,263.4637677690527,211.01265917625585,237.32458342479507
2028-04-01,2931.109613745379,439.66644206180695,2491.4431716835725,0.030738202746072772,23216.5167887018,27539.294509936066,0.0008431993031311038,0.17812473854602576,3611.507781065569,14079.641540516308,38674.3282594515,5029.705432831171,6773.261549302634,1.164790972890681e-12,208.1632650011203,385.9832329977036,1697.5611069450874,343.1871915651162,135.09174213308333,995.7061777443286,4332.519875520362,1464.183328871864,774.6163101005387,7207.05084801261,478.2990363901369,3389.1557949445832,1934.7578197055639,1818.400754883536,2946.484254387345,5.149095884288483e-09,87.98574323910452,163.30604184887548,108.49621034149902,705.8376821512572,1096.3889061077314,402.16197345424865,675.6735552126222,3960.2954179581607,406.746198065725,1831.280158525922,265.4959872405558,1550.7516628391763,489.0902296338611,1250.4233580029093,2.7789354621407475e-06,61.737982280520214,198.72970847788798,32.63381683990351,119.09108592840315,7.38753139706936e-22,187.78419378624324,2664.841958436755,1854.9887583184561,763.2756013287106,1666.8133551956657,293.8744174689457,118924.46556794565,28111.160739202976,12993.933124626798,7843.770880840426,2491.4431716835725,1592.8563798115083,359.6923186970966,1275.1016710795102,1048.016962289712,172.29155873927556,790.3913033071581,598.6877975084382,133.54814757313545,681.94403249732,391.8806527559037,526.8516531841135,147.13109152966896,318.57127596230157,262.004240572428,209.54072912795334,237.08324393285105
2028-05-01,2931.109613745379,439.66644206180695,2491.4431716835725,0.028508338310517765,22884.322919550268,28099.508665334713,0.0007764305055761067,0.16587277960423796,3584.829656307435,13887.551990254608,38639.70550445725,5196.475405558904,7170.166529492986,9.621257696368192e-13,206.48570172526976,383.41511471868785,1686.640480627184,341.48962493233233,134.39362129409196,989.4910089252937,4281.53323269272,1452.9956346230422,769.7683467059276,7136.13094706837,475.8939208644242,3366.4423025688834,1898.4037351816894,1860.317637469887,3187.4315844185494,4.594857759696629e-09,86.8300861349796,161.4298019455789,106.95059302205968,698.155891753825,1068.718198039236,397.4950812768443,668.1207297695861,3935.360729677446,402.6824947699703,1824.265658008743,266.034660301682,1578.9308992263504,510.4343394515631,1346.0621691222227,2.5445704753077905e-06,61.452133693541796,197.518888880664,32.46402952448412,118.52175623084074,2.588286459211836e-22,186.15766936334737,2668.5168954190367,1851.4139654312007,761.24428252083,1672.192671671938,299.8050239548669,119462.75582850458,28170.832893816347,13051.471332504683,7849.28731923532,2491.4431716835725,1591.8447898136612,361.30812131096286,1274.2851038492067,1041.9801978979706,172.63275133786286,786.012721717284,594.3692102626123,134.10530357678695,678.9154776317473,389.1470683804848,526.1735901163258,147.2254491205269,318.36895796273217,260.49504947449265,208.0292235919143,236.7781155523466
2028-06-01,2931.109613745379,439.66644206180695,2491.4431716835725,0.02643777107578056,22556.4132219334,28656.195730808446,0.0007149425537257317,0.15445354641251482,3558.76555823193,13697.025062468258,38595.22568952585,5361.662836406172,7574.965474981989,8.104980957616227e-13,204.73710419625593,380.7153754953804,1675.5239045649812,339.70002407245966,133.65871035096188,983.0617631326264,4231.135956628963,1441.551289420949,764.6341743297127,7063.161749135668,473.29668592613416,3342.471594806636,1861.9258169136006,1900.7853237844406,3439.18730121424,4.0986790584010625e-09,85.6549532216463,159.51078491920924,105.38922256097852,690.3598300423162,1041.5241874402268,392.71924458729393,660.377781165554,3909.0619852106483,398.4846921639904,1816.5111325941173,266.27348884486935,1605.582018387356,531.6162762091676,1445.2893379926818,2.329604941411714e-06,61.159013816396026,196.30046016418999,32.29096353551806,117.93583244410337,9.026940416945743e-23,184.56391378146873,2671.529389718535,1847.420173774552,758.979598178006,1676.815021667977,305.39823277161753,120000.43518061608,28235.54677397301,13108.354935344156,7852.392602181969,2491.4431716835725,1590.8417182295339,362.9221013425446,1273.4758318509291,1035.7582146814523,173.00373701281885,781.485148423478,589.9461823521734,134.65536323183332,675.7354612346772,386.339986670698,525.3554124030768,147.2747658849522,318.1683436459067,258.93955367036307,206.4811638232607,236.40993558138453
2028-07-01,2931.109613745379,439.66644206180695,2491.4431716835725,0.024515311122927763,22232.84450000736,29209.267957282067,0.0006583176024203222,0.14381129002668952,3533.3130721112243,13508.267332680316,38541.477913856186,5525.186304220354,7986.969596469559,6.999042542583799e-13,202.92701513176277,377.8940531076252,1664.2126604257364,337.8214792830315,132.8883475890117,976.4262512305402,4181.313917617314,1429.8638367607023,759.235102035019,6988.334261919463,470.5188229876609,3317.327011021205,1825.4295144559353,1939.7587875572312,3701.4974443106653,3.6548251689513675e-09,84.46413499495677,157.55372058149555,103.81743228267186,682.4579931374485,1014.8461580383248,387.84718225113625,652.4646678953568,3881.4621247254754,394.1642319193174,1808.0443633225673,266.22543031597274,1630.6848482719538,552.5775593864779,1547.9375005179493,2.1324561559789835e-06,60.858379417436396,195.0729442165955,32.11449343057916,117.33322088951624,3.134037208379708e-23,182.9992410288996,2673.8860296868056,1843.0152098173535,756.491750617487,1680.7006530375818,310.6522962906573,120537.4956615458,28305.448505432912,13164.54734764476,7853.124220565369,2491.4431716835725,1589.8484539651517,364.5342367886938,1272.6733745836273,1029.3662028077783,173.4054403159563,776.8186610110893,585.4282431270917,135.19800558339264,672.4104953506051,383.46501852891276,524.3991360616626,147.2797409055437,317.9696907930303,257.3415507019446,204.8998850944821,235.97961122774814
2028-08-01,2931.109613745379,439.66644206180695,2491.4431716835725,0.022730540080819827,21913.663946080647,29758.646770097366,0.0006061710372650035,0.13389392604984607,3508.4711620444396,13321.470928503388,38479.04645476189,5686.980660799308,8405.48992641024,6.2063386038936e-13,201.0657756241684,374.962766775941,1652.7124763175436,335.8581503220939,132.0843110649162,969.5956368802448,4132.057878122241,1417.9518850776014,753.5955464436169,6911.84681213969,467.5735357515983,3291.095247816513,1789.0198752541462,1977.205156787314,3974.042496313017,3.257994640737096e-09,83.2616309455356,155.56377484099585,102.24073146630592,674.4605884548981,988.7215161722211,382.89267828894936,644.4030769645418,3852.6304475931292,389.7334868638985,1798.8957991112356,265.90484279584973,1654.2291074517043,573.2626115520592,1653.8130447860792,1.9516722191033228e-06,60.55008251947146,193.83525219591178,31.93455116395028,116.71401476587536,1.0832349742157644e-23,181.46033935561314,2675.5940000218825,1838.207413195238,753.790861975841,1683.8699957320034,315.56726274762684,121073.92707933446,28380.667550690647,13220.013337290662,7851.523775625085,2491.4431716835725,1588.8672534973905,366.1445003975407,1271.8787631721216,1022.8210274304355,173.83869048394462,772.0246521058338,580.8257351688516,135.73292729107968,668.9478828665241,380.5283580326096,523.3071763727936,147.24115143401295,317.773450699478,255.70525685760887,203.28900730909803,235.4882293677571
2028-09-01,2931.109613745379,439.66644206180695,2491.4431716835725,0.02107375902221219,21598.909834064965,30304.262048276316,0.0005581487842836301,0.12465279811920099,3484.239689249073,13136.813314168687,38408.50691534816,5846.995028023741,8829.843368957661,5.644474458554118e-13,199.1643411320484,371.9345231399267,1641.0332857418748,333.81519360500334,131.24878707088413,962.5841920520357,4083.363305108809,1405.8386935331614,747.742650959656,6833.9035008828205,464.47556839955973,3263.865741044541,1752.8005251373195,2013.1034247533328,4256.442319942671,2.9034800817048762e-09,82.05158561033292,153.5464807509782,100.6647091114641,666.3793741441604,963.1854441484613,377.87039814677036,636.2161550566633,3822.642110641264,385.2056348173254,1789.0983636775636,265.32729568787454,1676.2139950767141,593.6193472452388,1762.698655611818,1.7859205639904673e-06,60.234070172523815,192.58667525974698,31.751125084444414,116.07849212515856,3.7274798156716795e-24,179.944267333161,2676.661189615733,1833.0057630011247,750.8870700323878,1686.3437216365255,320.1448529367623,121609.71648279454,28461.316052503644,13274.719549729534,7847.637228983489,2491.4431716835725,1587.9009107918714,367.7528574316408,1271.0938027979125,1016.1410839283767,174.30421705653967,767.1157705728266,576.1497107452176,136.2598473887371,665.35567486479,377.5367278597535,522.0823639315215,147.15985757486618,317.5801821583742,254.03527098209418,201.65239876082615,234.93706376918465
2028-10-01,2931.109613745379,439.66644206180695,2491.4431716835725,0.019535939797801233,21288.612181369434,30846.051468883645,0.0005139248476913794,0.11604245659681917,3460.618997718438,12954.45725523243,38330.42295608118,6005.19090506642,9259.358013725629,5.248171045840905e-13,197.23407064041754,368.82348013148874,1629.1888895978975,331.69866445129543,130.38432833774124,955.408976255541,4035.2300651458595,1393.551639379343,741.7058197322361,6754.712467626521,461.24098634319165,3235.7299687477557,1716.8726081087755,2047.4439435453114,4548.262125093131,2.587033236439594e-09,80.83822209014176,151.50766190379127,99.09493782294894,658.2274723637445,938.2705683400483,372.7956860214952,627.9282075198108,3791.5775082512673,380.59451371186685,1778.687214577636,264.5093674031781,1696.6476680558633,613.5996601536054,1874.3563510780768,1.6339776275834213e-06,59.91038316113916,191.3268712951546,31.564258224758305,115.42711097717196,1.2770289051203217e-24,178.4484477847548,2677.0962869567547,1827.4199840092826,747.7906078878289,1688.1427983942588,324.38833093782426,122144.84787039843,28547.48803313651,13328.635039296061,7841.515081262905,2491.4431716835725,1586.9525196423697,369.359264437288,1270.3207286334973,1009.3461035214307,174.8026444792006,762.1058129462825,571.4118113470671,136.7785120326869,661.6426121467283,374.49731198439144,520.7279542522926,147.03680561501827,317.3905039284739,252.33652588035767,199.99413397147347,234.32757941353168
2028-11-01,2931.109613745379,439.66644206180695,2491.4431716835725,0.01810867958462711,20982.793375863333,31383.95990449898,0.00047319905493321406,0.10802045143049346,3437.6095612309364,12774.550933540642,38245.34357462474,6161.540408488698,9693.377686151178,4.968019825937097e-13,195.28650361215344,365.6446830431768,1617.196543927712,329.51540060683243,129.49380459480832,948.0894593342884,3987.662028223933,1381.1215996930962,735.5161949164193,6674.484049529483,457.88692335820633,3206.780709190564,1681.3337413186987,2080.2277384107233,4849.019260849479,2.304681064594721e-09,79.62577497436791,149.4533504144503,97.53688061901303,650.0191615478636,914.0066518831131,367.6843492424204,619.5643741565854,3759.52155309155,375.91446236911173,1767.699461553936,263.46843436271774,1715.5466220578417,633.159801594322,1988.5309062047518,1.4947192359413057e-06,59.57915357526076,190.05584763531976,31.37404588212381,114.76050156661773,4.3560937698623035e-25,176.9706593330278,2676.9088608754846,1821.460630849587,744.5118661388769,1689.288534484229,328.3023714015232,122679.30204672857,28639.258640609572,13381.731784074349,7833.21247323677,2491.4431716835725,1586.0253267602432,370.96366859318846,1269.5620157138958,1002.4569213634419,175.33448687738928,757.0095776410731,566.6241338441573,137.288699018629,657.8180522143546,371.41767737559366,519.2476303561255,146.8730298843643,317.20506535204856,250.61423034086047,198.31844684545504,233.66143366025642
2028-12-01,2931.109613745379,439.66644206180695,2491.4431716835725,0.0167841584452994,20681.46876688031,31917.938866863456,0.00043569498968777014,0.10054713824141513,3415.21168790161,12597.22818906735,38153.80089847835,6316.024661068207,10131.265740026149,4.767896057543427e-13,193.33313649553773,362.4137851605724,1605.0764936337955,327.27289258123653,128.58034781270612,940.6471054084869,3940.666603257843,1368.5822763017752,729.206101981447,6593.428906833033,454.4313072573588,3177.111281994769,1646.2770278020378,2111.4656796072322,5158.190594256503,2.052916375339982e-09,78.41842474521977,147.3897020103584,95.99580358450501,641.7696537370898,890.4203220591686,362.5524363907003,611.1502919328375,3726.562880362172,371.1801519545662,1756.173853066265,262.22245607825107,1732.9349954259578,652.2606483819732,2104.953546032842,1.367112289085644e-06,59.2406012225626,188.773939914852,31.180632517502705,114.07945596446731,1.4795260797547177e-25,175.50902542104922,2676.1094248822274,1815.1391488020124,741.061436855927,1689.8026133804976,331.89292549987056,123213.05657727711,28736.683540384332,13433.98516576396,7822.789205828081,2491.4431716835725,1585.1226337072335,372.56600742782524,1268.8202614081947,995.495218006068,175.9001436273672,751.8426910225814,561.799087431562,137.790221901409,653.8918836945713,368.30568699870224,517.6454980256461,146.6696530776142,317.0245267414466,248.873804501517,196.62968060104672,232.94047411154074
2029-01-01,2982.407298737626,439.66644206180695,2491.4431716835725,0.015555099701254663,20384.64722041595,32447.945992067016,0.0004011580960127365,0.09358549676957294,3393.425278754129,12422.608868239246,38056.308451077406,6468.63233803413,10572.408121898614,3.4391811027675605e-13,191.38520866092983,359.1467642226935,1592.8514714176542,324.9791460428272,127.64729432496839,933.1049345137922,3894.2542271134143,1355.969490769228,722.8084856430073,6511.7561756779805,450.8925753945691,3146.814796722893,1611.7901606081825,2141.177548353185,5475.220227169564,1.8285176238539025e-09,77.22023568619574,145.32291082963587,94.47669708965671,633.4948635002762,867.5348416170384,357.41601601707856,602.7117550968355,3692.793000707367,366.4064134087298,1744.1504408450633,260.78976121253385,1748.8438164698982,670.8678627731679,2223.3457845212724,1.2502068660455448e-06,58.89502890935458,187.48178737727295,30.984208027554725,113.38491521227873,5.003735990232922e-26,174.06200077438828,2674.7094838754315,1808.4679105952073,737.450139332755,1689.707115229477,335.16708728891416,123746.08581224106,28839.798506634892,13485.374399776578,7810.309677872842,2491.4431716835725,1584.2477279318753,374.1662087877302,1268.0981069657869,988.4832446349334,176.4998960802941,746.6214135045509,556.949245900459,138.28293359147284,649.8744307446208,365.16940683051536,515.9260736824998,146.42788501736015,316.849545586375,247.12081115873335,194.93223606516065,232.1667331571249
2029-02-01,2982.407298737626,447.361094810644,2535.0462039269823,0.014414733397337749,20094.055733042787,32987.41108295916,0.0003693889633690381,0.0871030017461361,3373.7887859086063,12253.963405871762,37963.256386487206,6623.254590690622,11025.865460263884,2.4220553302966847e-13,189.45350588763242,355.85964486075125,1580.54618015494,322.6425411988384,126.69812588724858,925.4870774045019,3848.4378278636614,1343.3204743235533,716.3563567987941,6429.671701022854,447.2893903963819,3115.9834299412933,1577.954644079737,2169.3910327400586,5799.527308815038,1.6286490116353076e-09,76.03509912714692,143.259126450776,92.98420785891001,625.211175013444,845.3699316722934,352.29096255961144,594.2743829133811,3658.3054275883346,361.6080660939814,1731.6702326183924,259.18883938041614,1763.3102149040924,688.9519510962975,2343.4232867956443,1.143129306235832e-06,58.542816663933515,186.1803050954146,30.78500346819552,112.67795434582791,1.685115069845947e-26,172.62835538211235,2672.72156256671,1801.4602293235139,733.6890282048786,1689.024525111025,338.13296193108306,124321.69733234812,28948.619241375287,13535.882904074351,7795.842743235823,2535.0462039269823,1583.5400841739895,375.8945996459042,1267.3981823455003,981.4435419659793,177.13390563912884,741.3624334762001,552.087199843221,138.7667293352075,645.7763503606733,362.0170098352984,514.0942651085073,146.14901988918314,316.70801683479783,245.36088549149483,193.23051994512736,231.34241929882828
2029-03-01,2982.407298737626,447.361094810644,2535.0462039269823,0.013356760347658609,19807.944786021573,33522.77750272587,0.00034013266199653153,0.0810651433135533,3354.7342371413633,12088.151164426423,37865.04016052174,6775.969768917532,11481.483709367632,1.6717777700023324e-13,187.5506417725302,352.57079905835354,1568.1915179509276,320.2729495964635,125.73693422325131,917.822262807619,3803.2379321522844,1330.6794831279649,709.887390577459,6347.391512231233,443.6429482362202,3084.7138113155884,1544.8539753998928,2196.1481905276078,6130.54788581959,1.4507005048269642e-09,74.86668355282009,141.2043754559974,91.52258357757773,616.9352135330471,823.941651663736,347.1927554354857,585.8633043637415,3623.1948040728494,356.799752546321,1718.7748428888,257.4381430710578,1776.3766175352198,706.4882307457826,2464.899639881898,1.0450758744259353e-06,58.184415017937695,184.87065368784087,30.583286329054314,111.95976569658811,5.651254055781299e-27,171.2071561766041,2670.1592155395883,1794.1303483016034,729.7893850983995,1687.777727563263,340.799536976695,124896.19609115846,29063.248234796985,13585.498598325785,7779.461491432649,2535.0462039269823,1582.9276552414885,377.6197898751573,1266.8320673391918,974.4002132606674,177.80286065682486,736.0826564744845,547.2254132068429,139.24154901620585,641.6085257077727,358.85667989809366,512.1553454825167,145.83443202842906,316.58553104829764,243.60005331516686,191.528894622395,230.46990546713252
2029-04-01,2982.407298737626,447.361094810644,2535.0462039269823,0.012375321388712276,19526.306224021057,34054.013554451514,0.00031319053313216025,0.07544180557405161,3336.2569725120993,11925.250869408814,37762.10889342164,6926.779497695492,11938.713537272875,1.1336699230779758e-13,185.68676832321563,349.29652060852123,1555.8164989451607,317.8795861916823,124.76752607889182,910.1370897631496,3758.673142069495,1318.086970339281,703.4350864478686,6265.115954199456,439.9725387106779,3053.096652354508,1512.5585850748384,2221.4925449957245,6467.691104578036,1.2923213805180985e-09,73.71841045409892,139.16450800852283,90.09566445334409,608.6836741363641,803.2624653283665,342.1363455128554,577.5029419894179,3587.556241909777,351.9958209672634,1705.5062270545086,255.55593365334232,1788.0900556901306,723.4567790151918,2587.4901855609855,9.553069480848646e-07,57.82033749569335,183.55420720443027,30.379355473249205,111.2316409212724,1.8873676793164253e-27,169.79774668084843,2667.0370194036414,1786.4934093174347,725.7626954499303,1685.9899876223358,343.176557700432,125469.51767910099,29183.706568680507,13634.215253735463,7761.242958224573,2535.0462039269823,1582.3830710712712,379.3415449131991,1266.342124193191,967.3768323452755,178.50695796439277,730.8001599455006,542.376114349198,139.7073901866264,637.3819585998322,355.69651858444786,510.11492142568386,145.4855703822237,316.47661421425414,241.84420808631887,189.8316400222193,229.5517146415577
2029-05-01,2982.407298737626,447.361094810644,2535.0462039269823,0.011464966791859594,19249.127652191917,34581.09325876673,0.00028837965895060037,0.07020488021811486,3318.352357086275,11765.330762000567,37654.892509222394,7075.689466974693,12397.036384372337,7.565942243454121e-14,183.87046566114117,346.0517698405153,1543.4494662347947,315.4713348153022,123.79355931119223,902.4570536454231,3714.7616242799386,1305.5812740733593,697.0302534894307,6183.033949224797,436.296257864916,3021.2184195132536,1481.1289250054003,2245.4706468228296,6810.355913469833,1.1514436359229446e-09,72.5934154223668,137.1451290306643,88.70684183846672,600.4731064621278,783.3412016259539,337.1359811994371,569.2167333741463,3551.4844689384154,347.21017483681845,1691.9063371680734,253.56010674406392,1798.5013600057678,739.8422432071909,2710.9152952651257,8.731420046268178e-07,57.45115273910134,182.23252110050052,30.173536063620094,110.49495301581481,6.277411185580744e-28,168.39972549281424,2663.370550744544,1778.5654049240316,721.6206151776422,1683.6849217979184,345.27440812334015,126041.60434884159,29309.970913252128,13682.032395119772,7741.2677900524695,2535.0462039269823,1581.8998526532346,381.05968153315814,1265.906456857017,960.395988107429,179.24612417796777,725.5326242589566,537.5511763807419,140.1643064939067,633.1076811111049,352.54447432697873,507.9788971841285,145.1039520990822,316.37997053064686,240.09899702685726,188.14291173325967,228.59050373285783
2029-06-01,2982.407298737626,447.361094810644,2535.0462039269823,0.0106206282026673,18976.392643400322,35103.995437832506,0.00026553159282529553,0.06532813477325153,3301.0153228188415,11608.448543193277,37543.80044354588,7222.708373482096,12855.964005816968,4.976114214167293e-14,182.10913271549927,342.85043761377295,1531.1184329329035,313.05684256584897,122.81858274566899,894.806848396979,3671.521556402994,1293.199136764905,690.7015359256181,6101.324423567156,432.6312414738111,2989.1618730238733,1450.6168336675044,2268.1322996797107,7157.942237124912,1.026149166256648e-09,71.49451655275928,135.15153650696018,87.35902819767043,592.3197125200827,764.1830626233846,332.2050540348955,561.026880440668,3515.073012703618,342.4561349266677,1678.0167904207153,251.46803329079532,1807.664374772572,755.6335885022716,2834.903256954425,7.979544902132371e-07,57.07747622208082,180.90729982354816,29.966174399934395,109.75113799160279,2.0793742062337044e-28,167.0129235165688,2659.1763488740517,1770.3631139123338,717.3749270304277,1680.8864578004755,347.1039976852998,126612.40098438447,29441.991414601154,13728.954982448511,7719.619858054278,2535.0462039269823,1581.4755379486523,382.77403043544626,1265.5198821225877,953.4792574995938,180.02012327396235,720.2969910805718,532.7619998493949,140.6124039024341,628.7966580987529,349.40826464748227,505.7534349284281,144.6911551685162,316.2951075897304,238.36981437489845,186.4666999472882,227.5890457177926
2029-07-01,2982.407298737626,447.361094810644,2535.0462039269823,0.009837592462022069,18708.081028345347,35622.703152451424,0.00024449120529464354,0.060787089754934666,3284.2401785098555,11454.65173216583,37429.22128233149,7367.847171637804,13315.038093322606,3.228777501052034e-14,180.4090525693117,339.7052972165257,1518.8508516991235,310.6444631009514,121.8460131631209,887.2101964253586,3628.970888852422,1280.9754642724,684.4753153034989,6020.155943954324,428.993586708671,2957.0058886393354,1421.0658305585907,2289.529891453627,7509.857472778903,9.147167192349826e-10,70.42419505876846,133.1886726088546,86.05464725342237,584.2391728769584,745.7897085098422,327.3559787356798,552.9541495301538,3478.413482807365,337.74632557495977,1663.8785754543178,249.2964260001946,1815.6352317370188,770.823813271787,2959.192796804143,7.291677782532671e-07,56.69996163334677,179.58036417474955,29.757632696897566,109.00167631651262,6.860062049893045e-29,165.63738011590706,2654.4718638308,1761.9040210570363,713.037487779581,1677.61878330234,348.6766537542656,127181.85350793779,29579.69615669616,13774.993176224381,7696.385825390605,2535.0462039269823,1581.109252554179,384.4844278194728,1265.180430358922,946.6471051170353,180.8285831468828,715.1094431246954,528.0194115117456,141.05183783708185,624.4596891127421,346.2952999021067,503.44491159440565,144.24881018201006,316.22185051083574,236.66177627925882,184.80679402911096,226.55021021748252
2029-08-01,2982.407298737626,447.361094810644,2535.0462039269823,0.009111477185159507,18444.16919701686,36137.20327458061,0.00022511562591058038,0.05655890381603136,3268.02052488549,11303.97816813579,37311.52281952304,7511.1184944911665,13773.829745051195,2.0686933377762107e-14,178.77542717618783,336.62793731776173,1506.6733414914765,308.2421894977561,120.87910804079225,879.6896469362279,3587.12704863948,1268.9430356385053,678.3755748314375,5939.6862574926545,425.3982545381326,2924.8252394375986,1392.5113520448358,2309.7176599371296,7865.521709342893,8.155846164897219e-10,69.3845861489645,131.26108646730566,84.79563950890466,576.2464994050412,728.1594032067429,322.60010432014343,545.0177177683574,3441.5949465724466,333.0925833872314,1649.5317944742173,247.06122958191253,1822.471684018701,785.4096403926334,3083.535197190431,6.662513213687859e-07,56.31929212884472,178.2536191978536,29.548283930527226,108.24807461139143,2.2541444298032824e-29,164.2733186309877,2649.275391567252,1753.2062241261433,708.6201687439324,1673.9062854765968,350.0040204225461,127749.90811918078,29722.99378236287,13820.16211244385,7671.654679502327,2535.0462039269823,1580.8008808283569,386.1907118556444,1264.8874020433432,939.9187653418459,181.6710110347907,709.9853288377765,523.3335821018458,141.4828105164627,620.1073188595578,343.21261748263464,501.0598733120833,143.7785914357514,316.1601761656713,234.97969133546147,183.166753735646,225.47694299043746
2029-09-01,2982.407298737626,447.361094810644,2535.0462039269823,0.008438207984539047,18184.63039226129,36647.48613228282,0.00020727327218660212,0.05262226629494377,3252.3492252923984,11156.456572664774,37191.05236431563,7652.536196042258,14231.93875751731,1.3097697097563925e-14,177.21241436711693,333.62870885880466,1494.6114329622299,305.857592941814,119.92094081118198,872.2663934718671,3546.006658028494,1257.132244910492,672.4237916220563,5860.061920821291,421.85898615461923,2892.690412255572,1364.9810332980862,2328.7509924707883,8224.372020993436,7.273921848523762e-10,68.37747867009229,129.37290776349937,83.58347960871698,568.355913641769,711.2872081981805,317.9476538723463,537.2350625842839,3404.7033961261063,328.50588719572517,1635.015440572926,244.7775336976019,1828.2325020148435,799.3911938406897,3207.695997319523,6.087167832688736e-07,55.936171663019145,176.92902335292638,29.338506881199095,107.49184809194621,7.377486436137815e-30,162.9211217292764,2643.605998589545,1744.2883314341916,704.134792271298,1669.7734833645147,351.09796398902137,128316.51090812404,29871.77554396785,13864.48165510703,7645.517241975654,2535.0462039269823,1580.550694018845,387.89272096488605,1264.6407046626855,933.3121375067575,182.54680555094637,704.9390740063844,518.7139631888812,141.90556815432134,615.7497586878455,340.16682836619975,498.6049885987896,143.28220761572888,316.1101388037689,233.32803437668937,181.5498871161084,224.3722448694553
2029-10-01,2982.407298737626,447.361094810644,2535.0462039269823,0.007813997227927296,17929.434988963883,37153.54520190972,0.0001908429561417809,0.048957296662642924,3237.2184105730144,11012.107136444987,37068.13721539664,7792.114988872931,14688.992758767092,8.2001110739755e-15,175.72317503166812,330.71669403168505,1482.6893498791933,303.4977717512499,118.97438049954626,864.9601245462724,3505.625288951662,1245.5708968367283,666.6388731808314,5781.4180627433525,418.388242120172,2860.6674767879417,1338.4950556949182,2346.685790000265,8585.865947064865,6.49007777744779e-10,67.40432221976448,127.5278303764961,82.41920274674922,560.5807499388836,695.1652142989374,313.4076907083977,529.6218915040165,3367.8213055649526,323.9963082120601,1620.3672099126807,242.45950749953,1832.9769328127588,812.7716694597776,3331.4562825766507,5.561148491871511e-07,55.55131658707379,175.6085596027147,29.128681480054397,106.7345041572831,2.405040926337109e-30,161.58130703248924,2637.4834383476355,1735.169353107762,699.593066618126,1665.2449551304528,351.9704854158316,128881.60766306511,30025.917129120353,13907.976117832306,7618.065668035538,2535.0462039269823,1580.359156035291,389.59029295059963,1264.440555215076,926.8437026372272,183.45526742534787,699.9841031300681,514.1692424638707,142.3203979409248,611.3968198021071,337.1640760727728,496.08700144870187,142.7613922935212,316.07183120705815,231.7109256593068,179.95923486235472,223.23915065191582
2029-11-01,2982.407298737626,447.361094810644,2535.0462039269823,0.0072353242311697895,17678.55075664099,37655.376835147246,0.00017571306253943162,0.045545450421179856,3222.6195065279985,10870.942111426997,36943.08525168743,7929.870159274463,15144.646213310501,5.07948504341868e-15,174.3099316749706,327.89969875468825,1470.929831916525,301.1693120244189,118.04207625836104,857.7889111710228,3465.9972599690436,1234.284061964075,661.0371410173185,5703.87828706052,414.9971661904806,2828.8180104134985,1313.0665571249474,2363.5779066379223,8949.484227628085,5.792709675387897e-10,66.46624043715897,125.72910519386367,81.30343764880296,552.9333821732355,679.782801682515,308.98810838321367,522.1921087905488,3331.0272752223436,319.5729789971265,1605.6233477681023,240.12035432480448,1836.7642231027519,825.5570075239458,3454.613582492261,5.080322386677543e-07,55.16544767520945,174.29420889486607,28.91918454130417,105.97752742957539,7.80976547088057e-31,160.25450341640388,2630.9280616184888,1725.8685890222675,695.0065214087027,1660.3452621888466,352.6336399404986,129445.14379050332,30185.280379805874,13950.673953741254,7589.392946644195,2535.0462039269823,1580.2268118978475,391.2832645909183,1264.287324828233,920.528464465862,184.39560967684528,695.1327769779205,509.70731627869395,142.72762479027628,607.057858398302,334.21000760151594,493.5126853484214,142.2178944412229,316.04536237956944,230.1321161164655,178.39756069754287,222.08070840678963
2029-12-01,2982.407298737626,447.361094810644,2535.0462039269823,0.006698916790377399,17431.94310495861,38152.98001387132,0.00016178079229813594,0.04236943104319928,3208.543276684321,10732.966396729937,36816.18560441971,8065.817346085769,15598.579330410397,3.114690826882465e-15,172.97403709849527,325.1842674221083,1459.3539993068564,298.87825990239736,117.12644677649372,850.7691310086113,3427.1354769077643,1223.293990154475,655.6323589842367,5627.554708312367,411.6955730924652,2797.19907620028,1288.7020951856036,2379.48266760622,9314.732859018954,5.17210663392389e-10,65.56404919090043,123.97954106458491,80.2364439285065,545.4251723753073,665.1269190267187,304.6956416690766,514.9578149704798,3294.395758333296,315.24407956471055,1590.8185267427814,237.77228481364477,1839.6532040749703,837.7555732612439,3576.982407327159,4.640890129463022e-07,54.77928270976204,172.98792638045532,28.710385939046123,105.22236645549474,2.5262062397856384e-31,158.9414283264613,2623.9607230079355,1716.4055160940784,690.3864455492167,1655.098872054921,353.09946392300105,130007.0643032887,30349.714946977325,13992.607416343897,7559.592410904461,2535.0462039269823,1580.1542196405442,392.9714715010928,1264.181449518278,914.3799148775964,185.36696746922922,690.3963483493965,505.3352778738394,143.12760787291296,602.741732522783,331.3097555811511,490.8887991129549,141.65346914956177,316.03084392810877,228.5949787193991,176.86734725584378,220.8999596008297
2030-01-01,3032.945517039078,447.361094810644,2535.0462039269823,0.006201733965543243,17189.57531246347,38646.3561282926,0.0001489514662151265,0.0394131075718949,3194.979875332529,10598.178110826615,36687.70938428171,8199.972371932938,16050.496904963013,1.8914800626957118e-15,171.71605095957344,322.57571748787996,1447.9812574268192,296.63010479452777,116.22967427357266,843.9154268907024,3389.0513155103586,1212.6200783736908,650.4358015049506,5552.548107004409,408.4919582390304,2765.863249075666,1265.402150657837,2394.454464054491,9681.14453613386,4.620057274558979e-10,64.69827843089396,122.28151279062253,79.2181518962523,538.0664393079068,651.1823733263602,300.53589544952285,507.9293349327779,3257.9968639953227,311.0168387105293,1575.9857549122898,235.42650650570354,1841.701935532572,849.3778500882751,3698.3944601782055,4.2393587194660773e-07,54.39352972508563,171.69162057559285,28.502645264763448,104.47042219364889,8.14007594829087e-32,157.6428663926517,2616.6026855309638,1706.7996772909871,685.743829140938,1649.5300815934718,353.3799089127735,130567.31385188589,30519.05989238737,14033.812196057695,7528.757267044813,2535.0462039269823,1580.1419071669714,394.65474816280783,1264.1233757124355,908.4100225837565,186.36840771863945,685.7849361581973,501.0594194724819,143.52073697191722,598.456770130121,328.46793061799565,488.2220452837003,141.0698687060693,316.0283814333942,227.10250564593912,175.37079681536866,219.6999203776651
2030-02-01,3032.945517039078,454.9418275558618,2578.003689483216,0.005740950168909106,16953.041794310247,39148.84157949804,0.00013715042544278438,0.03666224515710538,3183.4121772953167,10469.463836246321,36566.87281770435,8336.209577651509,16510.649519863557,1.1380372371520328e-15,170.53582162623292,320.07819087546466,1436.8292380689654,294.4297725695056,115.35370264724101,837.2406963770418,3351.7545428934536,1202.2788869628025,645.4563557037951,5478.948188272185,405.39352671156905,2734.8586840647663,1243.1616581909252,2408.5464206395773,10048.279551049834,4.128854565816913e-10,63.869196556195725,120.63697502047,78.24820319555415,530.8664448180567,637.9321227872023,296.51338841719706,501.1152701285337,3221.8962293528352,306.8975485310019,1561.15631125069,233.0932278476752,1842.9674055156815,860.4361490072473,3818.6985655804456,3.872517408211378e-07,54.008880979541885,170.40713555329523,28.296308981549483,103.72303833616826,2.612944847148717e-32,156.35964956564354,2608.87552502947,1697.0705743761098,681.0893105993229,1643.6629421327518,353.48678283408464,131168.5338429151,30693.145236653356,14074.3270380092,7496.980148775189,2578.003689483216,1580.322289006708,396.4614094472798,1264.1135257335773,902.6292430272998,187.3989384402872,681.3075169378174,496.8852462770335,143.9074287092812,594.2107475631485,325.6886226571133,485.5190316710269,140.46883416174626,316.0644578013415,225.65731075682496,173.90983619696172,218.48356425196206
2030-03-01,3032.945517039078,454.9418275558618,2578.003689483216,0.005313939784508582,16720.652857059624,39647.04540405056,0.0001262834073746027,0.03410193306970741,3172.312341286087,10343.867595323998,36444.8309472488,8470.660994161419,16968.242759493107,6.786385276274107e-16,169.43476099296817,317.69700528395236,1425.9179983259276,292.28274784841017,114.50070546212693,830.7596053270913,3315.258270939158,1192.289797494686,640.7052230943915,5406.846522626799,402.40854485456094,2704.2342718790524,1221.9776910585338,2421.8170533512694,10415.766807753263,3.6918651789558444e-10,63.076836266260926,119.04748092059343,77.32599093943767,523.8333956855199,625.3575662094698,292.6316085297953,494.52257042770316,3186.154953379557,302.89159006037397,1546.3597054654963,230.7816745117533,1843.5052810992047,870.9443364847606,3937.7603572408416,3.5374187004876554e-07,53.62600769633749,169.13623615024912,28.091708073802177,102.98149344828661,8.355783885924828e-33,155.09263893536323,2600.8010359643445,1687.2375660430412,676.4331298574572,1637.5211876867238,353.4316981109644,131767.65244077984,30871.897006292194,14114.193347221139,7464.352702320311,2578.003689483216,1580.6231541859377,398.2619374325183,1264.2578312053665,897.0479164637744,188.4581451027592,676.9719322704749,492.81750036440394,144.28812269413302,590.0108774991365,322.9754100800718,482.7862364676529,139.85208748636074,316.12463083718745,224.2619791159436,172.48612512754136,217.2538064104438
2030-04-01,3032.945517039078,454.9418275558618,2578.003689483216,0.00491826366995618,16492.365566692046,40140.970664573295,0.00011627651179544921,0.03171909751438447,3161.666482416663,10221.367110938158,36321.800596883186,8603.33996464001,17423.037476110276,4.012295694955214e-16,168.41225794808818,315.43502641242804,1415.2633287130227,290.19330129215285,113.67234831682288,824.4830531598158,3279.5710631136667,1182.666152488187,636.1886678298123,5336.316902924853,399.5426938436606,2674.03174706635,1201.8383923959952,2434.3191676493884,10783.241491127856,3.3026550998066677e-10,62.32103562123149,117.51421980970392,76.45072583514253,516.9744975933752,613.4389200995392,288.893117868644,488.15668249523446,3150.8297411087997,299.00349879312944,1531.6237221116087,228.50014130807438,1843.3697982583635,880.9176400039551,4055.4620419499106,3.2313557685214274e-07,53.24555558813849,167.8805960889683,27.889156176900254,102.24699485779752,2.662024918690263e-33,153.84270833561027,2592.401139887085,1677.3197727483503,671.7850882251546,1631.1281673003084,353.2260264857498,132364.58461589133,31055.175594282096,14153.455782857043,7430.965206017198,2578.003689483216,1581.0154812384453,400.05603313329664,1264.4985233487503,891.6747221141918,189.5452132446506,672.7859373478308,488.8602139554,144.66328775652298,585.8638052940717,320.3313752368626,480.0299772117554,139.2213243854299,316.203096247689,222.91868052854795,171.10107488439,216.01348974528992
2030-05-01,3032.945517039078,454.9418275558618,2578.003689483216,0.0045516560165964216,16268.135999457307,40630.623367558714,0.000107061696549089,0.02950155108673201,3151.4612788753047,10101.936743322323,36197.98598881175,8734.260411815694,17874.816416419457,2.3526230775934974e-16,167.4666353293515,313.2935841547159,1404.8782463411062,288.16489748044734,112.86995991044773,818.4194612476786,3244.698666437176,1173.417359382439,631.9098472442012,5267.420269601938,396.7999631200044,2644.2876223487515,1182.7261750552284,2446.1020685490694,11150.357525875586,2.9556207825500777e-10,61.601460010491834,116.0380386139031,75.62146229513274,510.2959729306435,602.155459279837,285.2996133509979,482.0216340686046,3115.9729058448256,295.23699965628083,1516.9744080202063,226.25602137645336,1842.6135831545612,890.3724063084317,4171.701692314401,2.951844481791831e-07,52.86814136406464,166.64178982229046,27.68894832183742,101.52067482266995,8.449238111383075e-34,152.61073021383123,2583.6977999139112,1667.335992185793,667.1545173809916,1624.5067844921625,352.88086090185544,132959.25436652935,31242.812282078143,14192.161657225068,7396.906239714592,2578.003689483216,1581.4904838201246,401.8434550250779,1264.8123849907563,886.5165493029484,190.65914789176526,668.7560415856439,485.0167511070127,145.03341611060918,581.7756265374755,317.75913907101,477.2563847740092,138.57820806607245,316.2980967640249,221.6291373257371,169.75586288745444,214.76537314830412
2030-06-01,3032.945517039078,454.9418275558618,2578.003689483216,0.004212012249005971,16047.919220101474,41116.01176462051,9.857630667233309e-05,0.027437933375890664,3141.683629928923,9985.547324550143,36073.57840797895,8863.43648903461,18323.38217615508,1.368480422161371e-16,166.5956441824178,311.272950709404,1394.773723898238,286.20039847178407,112.0946178398563,812.5754201178961,3210.6448438341563,1164.549958453533,627.8697674974738,5200.207275019431,394.1831122649008,2615.0341820176873,1164.619477352423,2457.2125582610624,11516.793121984898,2.646460977652434e-10,60.91762173471078,114.61946325109331,74.83711950693205,503.80308259985236,591.485729787595,281.8519863446616,476.1201184988633,3081.632390114376,291.5950435069779,1502.436067394794,224.05583863318682,1841.2874982035946,899.3258720151227,4286.392377389897,2.6966067314190777e-07,52.49435000550899,165.42128692886496,27.491360100831894,100.80358820271337,2.6718730493710623e-34,151.3975633956922,2574.712940189677,1657.3046234640997,662.5502556147694,1617.679442512639,352.406983517599,133551.59076089162,31434.62705190516,14230.360208981921,7362.2623942020555,2578.003689483216,1582.0433124032215,403.62398271771576,1265.1923870560997,881.5787357629754,191.79888146610273,664.8874119772113,481.2898439934253,145.3990162269301,577.7518998452633,315.26088821955824,474.4713815905161,137.92436376728295,316.40866248064424,220.39468394074385,168.45144539769885,213.51212171573223
2030-07-01,3032.945517039078,454.9418275558618,2578.003689483216,0.003897377753394008,15831.66935252967,41597.145988890225,9.076264493166415e-05,0.02551765563917743,3132.3205443699535,9872.166325174785,35948.75649478555,8990.882433817469,18768.555678719433,7.89885220057328e-17,165.79663930684168,309.37251654539057,1384.9588933454,284.3021268527187,111.3471757510251,806.9558957474471,3177.4115884780467,1156.0679785225539,624.0676357272707,5134.719247333725,391.69383551152936,2586.299837757063,1147.4935396727378,2467.695096495241,11882.25116531448,2.3706100189900683e-10,60.268900867870975,113.2587232989776,74.0965052228457,497.50016026989704,581.4077581288166,278.5503901789695,470.4535929480508,3047.851839820437,288.0798518290617,1488.0312784671678,221.90528865390772,1839.4405327217673,907.7959614608152,4399.461238017258,2.4635532411359625e-07,52.124732672111534,164.22044835504994,27.296647137173505,100.09671118079616,8.418195822049985e-35,150.2040425079034,2565.468369961875,1647.2435990199047,657.9806301402712,1610.6679948061408,351.81483916125035,134141.52632408313,31630.43317236147,14268.10202188608,7327.118015188832,2578.003689483216,1582.6707176854084,405.3974086063365,1265.6346499225774,876.8652276071117,192.96330185915951,661.1840518222316,477.6816317377496,145.7606071803233,573.7976584705103,312.83839859572646,471.6806635340115,137.26137394972247,316.5341435370816,219.21630690177793,167.18857110821236,212.25629859030516
2030-08-01,3032.945517039078,454.9418275558618,2578.003689483216,0.003605937377503951,15619.339674821225,42074.0378116081,8.356757829395676e-05,0.02373084915552339,3123.3591055845473,9761.758116841696,35823.686735779105,9116.612495652123,19210.174860333187,4.5251455496623185e-17,165.06669687439177,307.5909201947369,1375.4411825824827,282.47191041666406,110.62828275342517,801.5643772853472,3144.9992589988615,1147.9731953015814,620.5011202409911,5070.988929919113,389.3328838174209,2558.109396966956,1131.321008254293,2477.5918666797825,12246.458743445435,2.1245674665569788e-10,59.654565909618455,111.95577818299245,73.39833948743993,491.3906546638741,571.8992479373513,275.39431090337314,465.0223831645685,3014.670714666151,284.6929660579639,1473.7809250450732,219.80928476142026,1837.1197276660275,915.8011073588816,4510.84852090805,2.2507703014949512e-07,51.759805188141556,163.040524292603,27.105044824501107,99.40094091009328,2.642646316053907e-35,149.03096898940396,2555.9857126879165,1637.170324430329,653.4534451674681,1603.4937008809723,351.114513823504,134728.9962209741,31830.039773731485,14305.438526712998,7291.554981420009,2578.003689483216,1583.3702583635281,407.1635342286948,1266.1365741483269,872.378704475693,194.15126830262346,657.6489207053338,474.1937020308846,146.1187138475324,569.9174255732436,310.49306062953724,468.8896852064127,136.59077413565325,316.67405167270556,218.09467611892325,165.9677957108096,211.0003583428857
2030-09-01,3032.945517039078,454.9418275558618,2578.003689483216,0.003336005652866102,15410.882719786028,42546.70045729939,7.69421761387782e-05,0.022068316986784,3114.786469035105,9654.284263908,35698.52402781118,9240.64089979628,19648.093474676865,2.5735990429137887e-17,164.40270482350903,305.9261595935219,1366.226433749782,280.71112143745404,109.93840050294149,796.403006825424,3113.4066929672586,1140.2653578710388,617.1665740967671,5009.04114341981,387.10017174581213,2530.4843023401663,1116.0724555077732,2486.9428260618865,12609.166313804459,1.905037737981297e-10,59.07379342032563,110.71034379680769,72.74127686331092,485.47717708614914,562.9377596529318,272.38263845898683,459.82579045341254,2982.1244242095595,281.43529928581165,1459.7042387840895,217.7720071960044,1834.37012758518,923.3600915462931,4620.506589750061,2.0565044773832455e-07,51.40004706795242,161.88265354787103,26.916768311633678,98.71709600749745,8.26585040998588e-36,147.8791036277188,2546.28634058724,1627.101626286996,648.9759754668714,1596.1771877902584,350.3157178153536,135313.93779357767,32033.253664747608,14342.421558089116,7255.652516715043,2578.003689483216,1584.1399485329378,408.92216834671484,1266.6962066908227,868.1206930357084,195.36162263898922,654.2840283567698,470.82713431607607,146.47386266457747,566.115233183602,308.225906320075,466.10364849482005,135.91404939374848,316.82798970658746,217.0301732589271,164.7894970106266,209.746641822669
2030-10-01,3032.945517039078,454.9418275558618,2578.003689483216,0.0030860176884841824,15206.25037423996,43015.148453336325,7.084137732719891e-05,0.02052148891560606,3106.58987489534,9549.70381865646,35573.412266533865,9362.981831184303,20082.179984964805,1.453379377269895e-17,163.80143560028546,304.37569223195857,1357.319015315243,279.0207137627636,109.27781929829325,791.4727013517272,3082.6313131885004,1132.9423997095646,614.0592365399498,4948.893407802227,384.99487605034676,2503.4428576112277,1101.7168417927207,2495.785758531948,12970.14668234245,1.7088856814859921e-10,58.525686246655944,109.52191888355668,72.12392653877984,479.76155236473784,554.50087154291,269.51373654468017,454.8621981127801,2950.2444826487153,278.30718890513896,1445.818849496192,215.79695393560925,1831.2347550526226,930.4919040354345,4728.39893228139,1.8791500415109335e-07,51.04590103287625,160.74786424090848,26.73201270613866,98.04591780056177,2.5761786824572845e-36,146.74916053570925,2536.3913148906577,1617.0537080950712,644.554965055547,1588.7384172837303,349.42777320731176,135896.29028215903,32239.880751129203,14379.102956589375,7219.487035036426,2578.003689483216,1584.9780750669843,410.67312583485176,1267.3119588263503,864.0916742678096,196.593198176938,651.0905197767813,467.58254343512317,146.82657784139832,562.3946439776005,306.03763730544944,463.32749420526454,135.23263145095092,316.9956150133968,216.0229185669524,163.6538902022931,208.49737239236902
2030-11-01,3032.945517039078,454.9418275558618,2578.003689483216,0.002854520691602513,15005.39397421176,43479.397502396365,6.5223684253023e-05,0.019082379350688464,3098.75666781832,9447.973608909215,35448.484936163746,9483.649430360012,20512.3165292016,8.15137679179508e-18,163.25960554662487,302.93652650837896,1348.7219313886549,277.40125863280895,108.64667356925922,786.773269718616,3052.669231098367,1126.0006390235583,611.1734170393845,4890.556535699799,383.0155280227276,2477.0004439720287,1088.2219282323767,2504.1563349433727,13329.193874768112,1.5337241602425237e-10,58.00929012867427,108.389810697394,71.54487005365291,474.244871808907,546.5663215638307,266.78550997499013,450.1291753692531,2919.0586770028767,275.3084491142678,1432.1408414195341,213.8869920606892,1827.7546037541879,937.2156188214805,4834.499179703593,1.7172384965281082e-07,50.697772967219706,159.63707565877274,26.550953467410615,97.38807222461855,8.000472284139589e-37,145.6418024665404,2526.321331896846,1607.042113993072,640.1966305523362,1581.1966585648038,348.4596051603405,136475.99465118477,32449.727198164073,14415.534211473485,7183.132017123684,2578.003689483216,1585.883093456463,412.41622700104466,1267.9824600535876,860.291186026569,197.84482699215965,648.0687557008572,464.46012283390195,147.17737798284526,558.7587750457255,303.9286532328301,460.56589655560936,134.54789640285983,317.17661869129256,215.07279650664225,162.56104299186566,207.2546534500242
2030-12-01,3032.945517039078,454.9418275558618,2578.003689483216,0.002640166074686428,14808.264394926124,43939.46437157789,6.005088023470948e-05,0.017743548007499495,3091.2743196813603,9349.04851275532,35323.8656884768,9602.657796764574,20938.397951141145,4.541251857596906e-18,162.77392341428165,301.6053051686301,1340.4369289570163,275.8529794025063,108.04495683246354,782.3035252567284,3023.515348300688,1119.434969481569,608.5026636467936,4834.035200177486,381.1601001629027,2451.1697283750723,1075.554645347626,2512.088181278942,13686.121949923574,1.377134380898808e-10,57.52360859472067,107.31315959507094,71.00267658714517,468.92754706456486,539.112130273284,264.1954686764551,445.6235773611224,2888.5912443727548,272.43842245499025,1418.6848137677787,212.04440878903475,1823.968647002586,943.5502850039061,4938.79015175156,1.5694261666181134e-07,50.35603225864072,158.5511010816566,26.373746959066665,96.74415226193807,2.4758112700990527e-37,144.5576373528565,2516.0966748275096,1597.08169995934,635.9066686962012,1573.5704664871992,347.41973676102447,137052.99347908818,32662.60040572628,14451.766141295111,7146.657916802375,2578.003689483216,1586.8535644192775,414.15129716051376,1268.7064747651705,856.7179211169599,199.11534608599757,645.2183895199267,461.4596866135896,147.52677308470857,555.2103229476214,301.89907984203626,457.8232602827692,133.86116298616108,317.37071288385545,214.17948027923998,161.51089031475635,206.02046712724612
2031-01-01,3080.5715811066493,454.9418275558618,2578.003689483216,0.002441702106096241,14614.812135149414,44395.36679441844,5.52877703575318e-05,0.016498063184332966,3084.13045300116,9252.881717904123,35199.668904383,9720.020996440637,21360.330892274425,2.513545933857546e-18,162.34112971220435,300.3783812050632,1332.4646027835956,274.3757850974711,107.4725360878502,778.0613938271042,2995.163456136687,1113.2390412332418,606.0399163913709,4779.328477243651,379.4260872334714,2425.9608638147556,1063.68142062654,2519.6129534995093,14040.76378901864,1.236674559725932e-10,57.06761613072192,106.29096230779858,70.49591588377766,463.80936397028563,532.1167054846277,261.7407877372077,441.34164012052355,2858.863054745533,269.6960297467452,1405.4639441785469,210.27096149094956,1819.9138589222136,949.514831861529,5041.262937784999,1.4344838276764096e-07,50.02101246781699,157.49065140270142,26.200531130804716,96.11468081540552,7.634710779949258e-38,143.4972159492691,2505.737171376733,1587.186612074619,631.690267492947,1565.8776649477536,346.3162869820213,137627.23088862427,32878.30983391115,14487.848610365581,7110.13209478352,2578.003689483216,1587.888113581041,415.8781663660828,1269.482851535422,853.3698207193223,200.40360263122628,642.5384408377199,458.58070988541294,147.87526188183602,551.7515894543563,299.94879629883326,455.103720102096,133.17369137111538,317.5776227162081,213.34245517983058,160.5032484598945,204.79667404594318
2031-02-01,3080.5715811066493,462.08573716599744,2618.4858439406516,0.0022579671092124603,14426.505740865035,44859.70856844523,5.0906292467195505e-05,0.015339777032489225,3078.7186229233293,9162.080711540517,35084.12451627354,9839.408083006887,21788.326139429897,1.3824018238145523e-18,161.9580282109388,299.25188643977737,1324.80449741214,272.9693026598044,106.92916559857619,774.0440169190649,2967.606332789766,1107.4054317373855,603.7776461257499,4726.430362559838,377.81058162126067,2401.3816813146977,1052.5684675826649,2526.7604174512726,14392.96988501269,1.1111018976224385e-10,56.64026966798222,105.3220937248316,70.02316897479626,458.8895356988871,525.5589296871788,259.4183631390879,437.2790698299695,2829.89179645436,267.07981794056036,1392.490053927558,208.56792615013447,1815.6252459472507,955.1279865989777,5141.916021596826,1.3112879271968358e-07,49.69301227362133,156.45633937080186,26.031426301264865,95.50011391413565,2.3461267903426278e-38,142.4610304546329,2495.262156774213,1577.370271342803,627.5521204481179,1558.135335174603,345.15697140239905,138238.89003113488,33096.667703435625,14523.830279338512,7073.6187775877215,2618.4858439406516,1589.1089530707345,417.71774835931075,1270.310490864833,850.2441628908562,201.70845844950904,640.0273655394917,455.82236703757235,148.223329528992,548.3845074816713,298.07746142551844,452.4111422487093,132.4866824287596,317.82179061414683,212.56104072271404,159.5378284631503,203.58501401191918
2031-03-01,3080.5715811066493,462.08573716599744,2618.4858439406516,0.0020878829763846894,14241.763480852424,45319.86190297149,4.68717604877733e-05,0.0142623354513804,3073.5994822200623,9073.90276435265,34969.117636158524,9957.153812417095,22211.965559463766,7.555855732547455e-19,161.62349516731172,298.22386391569034,1317.459030426587,271.6339225384891,106.41492226839742,770.2510150314863,2940.8403441573137,1101.930865811264,601.7121218391129,4675.341258222485,376.3124329235252,2377.4422839034432,1042.188165985765,2533.564884010707,14742.648000172041,9.98893857030018e-11,56.240518473544,104.40532708626384,69.5830368990958,454.1667546229263,519.4182314719477,257.2248629740659,433.43112589459383,2801.692161944727,264.58800554861364,1379.7736739827565,206.93614386695032,1811.1358866213773,960.4082035636991,5240.754455307591,1.1988123212313295e-07,49.372296642622445,155.44868429875748,25.86653601560111,94.90084415648737,7.184635082112328e-39,141.44951399149528,2484.6904421244417,1567.645364529297,623.4964433537031,1550.3598085700244,343.9491053399922,138847.3810355262,33317.58660637362,14559.758388258251,7037.179039142304,2618.4858439406516,1590.4468527720721,419.54798677724773,1271.2871624565878,847.3388781534356,203.0293813651549,637.6831221681421,453.18356765188895,148.57144559651175,545.1106668112121,296.284538574422,449.7491278307184,131.80127742591267,318.08937055441436,211.8347195383589,158.61424867816112,202.38710752382326
2031-04-01,3080.5715811066493,462.08573716599744,2618.4858439406516,0.0019304493698124483,14060.534043454956,45775.842943409756,4.31567078586567e-05,0.013260136932075528,3068.758696498715,8988.293779498998,34854.7319969837,10073.269886579375,22631.178625614513,4.1048466544018663e-19,161.33518686071446,297.290983956993,1310.4275561210543,270.3692212456094,105.92954866012005,766.6795574864561,2914.8584647807493,1096.8083145567707,599.8368458850459,4626.051061909331,374.92897004988276,2354.1482698308523,1032.5093999714468,2540.0553293267117,15089.698645935836,8.98300344439698e-11,55.867325354511266,103.53936589220814,69.17417173509911,449.6392765039161,513.6747240095904,255.15680956203184,429.7927510985153,2774.276169101989,262.2185523786694,1367.324166154953,205.37608745374536,1806.4770599804835,965.3736571314095,5337.7893504463555,1.0961190448706657e-07,49.059098175291666,154.46811709510172,25.70594795413104,94.31720430592675,2.1926162788122806e-39,140.46304082384052,2474.0402877419892,1558.0238404545128,619.5269931195629,1542.5666637422564,342.69960906829823,139452.62520578303,33540.92735657757,14595.679466803567,7000.8708025905225,2618.4858439406516,1591.8730715920578,421.36860209176785,1272.357482217658,844.651206476099,204.36552553760654,635.5041586150767,450.66300860485376,148.9200714649082,541.931339280623,294.56931897372783,447.1210177314283,131.11855810097438,318.3746143184115,211.16280161902475,157.7320530116988,201.20445797914272
2031-05-01,3080.5715811066493,462.08573716599744,2618.4858439406516,0.0017847381664182272,13882.76638885634,46227.66965899737,3.973584670548601e-05,0.012327964647264362,3064.183037908038,8905.20011606516,34741.046251200016,10187.76870163954,23045.905481887865,2.2168324060731952e-19,161.09033229677752,296.44933434410126,1303.7077604171202,269.1743380014763,105.47261026813902,763.325542427678,2889.6518868359626,1092.0288929078772,598.144134935271,4578.543387368598,373.65679396985223,2331.502408266251,1023.4999554702597,2546.257622273401,15434.027284487136,8.079975679853247e-11,55.51967015624495,102.7228578633811,68.79527350797204,445.3049619803761,508.3092285529489,253.2106135517674,426.35863007646753,2747.653317195124,259.96919391227755,1355.149778853823,203.88789858140302,1801.678282585199,970.0421815507796,5433.037117565403,1.002351779801473e-07,48.753618765098004,153.5149863412397,25.54973501215365,93.74947152076294,6.668611300460848e-40,139.5019275715496,2463.329383135486,1548.5169137662779,615.6470900772536,1534.7707292524346,341.4150154033533,140054.55378899298,33766.5322842699,14631.639005933248,6964.748870945844,2618.4858439406516,1593.37788756836,423.17937316233616,1273.4984572736464,842.1775980394419,205.71593154187178,633.4884048570742,448.25920853376795,149.26965719362525,538.8475153454406,292.930955593155,444.52989970703777,130.4395472830825,318.6755775136719,210.54439950986048,156.89072298681876,200.03845486816698
2031-06-01,3080.5715811066493,462.08573716599744,2618.4858439406516,0.0016498883291942283,13708.409640464499,46675.36125841677,3.658589273730513e-05,0.011460960240411962,3059.8600182561813,8824.56819905043,34628.133413412295,10300.663050273977,23456.09545600369,1.1902744411039127e-19,160.88611491552217,295.69481234287366,1297.2963573676675,268.04816424132713,105.04357468788899,760.1841900926356,2865.2108142478023,1087.5828123930846,596.6259051625627,4532.797737529791,372.4921758046659,2309.5054992156042,1015.1277132176225,2552.195613486664,15775.549558328168,7.275896508347679e-11,55.19655050775283,101.95440552828019,68.44508358913174,441.1613112301459,503.3032760246115,251.38259899133357,423.1232343128946,2721.8307200681234,257.8374692277058,1343.257694425138,202.47141937476707,1796.7673383068723,974.431211709555,5526.5187226020835,9.16728691198704e-08,48.456031371523814,152.5895644898069,25.397956397124233,93.19787160968765,2.0213104671885936e-40,138.56643499860033,2452.5748317254906,1539.1350734105147,611.8596416666869,1526.986090107171,340.10147887360745,140653.1041833123,33994.24104303388,14667.681035898466,6928.864974741887,2618.4858439406516,1594.9553466434845,424.9801029778299,1274.702310054688,839.913929149082,207.079622141629,631.6331985295815,445.9705311703024,149.6206373940572,535.85993038582,291.36848554694916,441.9786167585733,129.76520983120346,318.9910693286968,209.9784822872705,156.08968590960583,198.89037754135796
2031-07-01,3080.5715811066493,462.08573716599744,2618.4858439406516,0.0015251011369266925,13537.413068596394,47118.93791582092,3.368540526581859e-05,0.010654599441296334,3055.777738724552,8746.344442569454,34516.060861173304,10411.966001813225,23861.706099445746,6.354663487993568e-20,160.71976886583818,295.02323766590723,1291.189294860406,266.9894015995242,104.64183589731238,757.2502238468248,2841.524684411451,1083.459670533949,595.2738995458247,4488.790249092375,371.4311777659821,2288.1566643486135,1007.3610066756954,2557.891422701114,16114.19152255029,6.550283503033944e-11,54.896983584865175,101.23257712722999,68.1223819133101,437.20550073276905,498.6391106061313,249.66902926225217,420.0808683911252,2696.813251944718,255.82074972748134,1331.654082196155,201.12622443490486,1791.7703214515693,978.5577380412656,5618.259029079615,8.385361297788707e-08,48.16648178715252,151.692053691949,25.250658661199736,92.66258299796083,6.106120014724446e-41,137.65677010283926,2441.79313906937,1529.8880940714382,608.1671662106455,1519.2260967505445,338.7647859441852,141248.2183415296,34223.89406036111,14703.847848493457,6893.267829371138,2618.4858439406516,1596.6010751427498,426.7706105806475,1275.9642773147878,837.8556365328641,208.4556234546962,629.9354468618116,443.79520572882984,149.9734285379931,532.9690844779119,289.88084526069656,439.4697760942669,129.09645375439425,319.3202150285499,209.46390913321602,155.32832200509043,197.76139924242008
2031-08-01,3080.5715811066493,462.08573716599744,2618.4858439406516,0.0014096357464055914,13369.726102816076,47558.42060476981,3.101464055999937e-05,0.009904669337121967,3051.9248122377253,8670.475271080686,34404.890510330835,10521.690841738116,24262.7024330778,3.373801331205323e-20,160.58862577415144,294.43041879422714,1285.3818843937242,265.9965991021672,104.26672981103869,754.5179854717471,2818.5823029059106,1079.6486331285084,594.0798219520459,4446.494205897814,370.469728476959,2267.4535472098146,1000.1688341177319,2563.3656079538923,16449.889210066238,5.899250168322268e-11,54.62000806500759,100.55591699711894,67.82598600066105,433.4344197982812,494.2996908551365,248.06613168456877,417.22571412243144,2672.6036962631138,253.9162669093601,1320.3441533827702,199.85165179090802,1786.7116870862387,982.4382714243153,5708.286208596775,7.671223539004816e-08,47.885090369555456,150.82259121708108,25.10787666305466,92.14374039240137,1.8384084976653214e-41,136.77308841434726,2431.0002042175674,1520.7850500578215,604.5718164148993,1511.5033761685377,337.4103660593216,141839.84192137077,34455.33413505597,14740.179802976745,6858.003200051299,2618.4858439406516,1598.3115366995482,428.55072739991056,1277.2808601141999,835.9978105759857,209.84297484335278,628.3917273996481,441.73134581649543,150.32842709986573,530.1752605755862,288.4668837237394,437.0057584218988,128.43413147352584,319.6623073399096,208.99945264399642,154.6059710357734,196.65259128985446
2031-09-01,3080.5715811066493,462.08573716599744,2618.4858439406516,0.0013028050657544938,13205.29835503367,47993.83098233254,2.8555417696920285e-05,0.009207247176480922,3048.2903174905537,8596.90717787447,34294.6790564189,10629.85103687898,24659.056305320384,1.781459106131426e-20,160.4901405312858,293.91219944810945,1279.8689012806797,265.06818199757083,103.91754629702166,751.9815237072123,2796.371945254631,1076.1385723006774,593.0354315206438,4405.880455897656,369.60367904296015,2247.3924765193447,993.521005331444,2568.637292331276,16782.588008175346,5.3143380111019545e-11,54.364685913616675,99.9229550846932,67.55475074771265,429.8447057585113,490.26868678168455,246.57011988379327,414.5518711249357,2649.2028928570676,252.12113839809086,1309.3322159681272,198.64683210327456,1781.6143053622716,986.088815768145,5796.631209998477,7.018939373381571e-08,47.61195372749061,149.98125450879937,24.96963446623128,91.64143818412258,5.5166140504417304e-42,135.91549644748346,2420.2113139700296,1511.834331321737,601.0754024273381,1503.829844868911,336.04330333096806,142427.92376995715,34688.407359635865,14776.715185750454,6823.113973323301,2618.4858439406516,1600.0837001495343,430.3202952047097,1278.6492293596386,834.3352700924438,211.24073468730631,626.9983579319893,439.7769669258744,150.68600823240794,527.4785419127663,287.12537478072204,434.5887274373654,127.77904120339994,320.01674002990677,208.58381752311095,153.921938424056,195.56492734681441
2031-10-01,3080.5715811066493,462.08573716599744,2618.4858439406516,0.001203971916331205,13044.079646623764,48425.19130090453,2.629099428599549e-05,0.008558680599222821,3044.8637688354543,8525.586797801543,34185.478240786266,10736.460213355458,25050.745825607846,9.35636820145999e-21,160.4219053609145,293.46449336538393,1274.6446686481645,264.2024758388171,103.59353916916449,749.634667445999,2774.8814412509423,1072.9181788402059,592.1326136383258,4366.917771188351,368.8288477452552,2227.968608195269,987.388248057222,2573.724269687768,17112.241981940984,4.789221076486524e-11,54.13010390101793,99.33221550564778,67.30756853103605,426.4327774084245,486.53047287219556,245.1772137233313,412.05339350339165,2626.6098815513974,250.43239200362245,1298.621728759711,197.5107159036961,1776.4995182924217,989.5248470323771,5883.327281970849,6.423082854121995e-08,47.34714635405179,149.16806591835632,24.83594618093664,91.15573362360178,1.6499335799761672e-42,135.0840542596912,2409.441139803489,1503.0436613087309,597.6794143264536,1496.2167235074985,334.6683487191546,143012.41558285838,34922.96371037277,14813.490110959166,6788.640234066195,2618.4858439406516,1601.914866219495,432.07916481995414,1280.0669601196275,832.862625261482,212.64798412123736,625.7514525693329,437.93000251394756,151.0465248466694,524.8788285923694,285.85502850181837,432.22063941348557,127.13192843598985,320.38297324389896,208.2156563153705,153.27550087988163,194.49928773606848
2031-11-01,3080.5715811066493,462.08573716599744,2618.4858439406516,0.0011125454637104333,12886.020036591115,48852.52433726183,2.4205952601602393e-05,0.007955569196941842,3041.635094807029,8456.460984031612,34077.3351229725,10841.53214133159,25437.754854767158,4.8882958006247544e-21,160.38165645218695,293.08331091508705,1269.7031305304263,263.39772727294496,103.29393476823572,747.4710882085003,2754.0982479547215,1069.9760564560922,591.363434541169,4329.573167194633,368.1410566692536,2209.1760523999596,981.7422854390874,2578.643097554131,17438.813195763058,4.3192314273049476e-11,53.91537482263081,98.7822241480981,67.08336937453336,423.19486650669836,483.07011744463784,243.88365681777242,409.7243226096175,2604.822041120126,248.84698774344417,1288.215354181368,196.44209880586214,1771.3871979848866,992.761297767614,5968.409544869459,5.878710930438645e-08,47.09072220117372,148.38299714861876,24.706816754807136,90.68664979463728,4.918501769065063e-43,134.27877807607007,2398.703737240065,1494.4201163479022,594.3850439341281,1488.6745529373766,333.2899325649941,143593.27166408344,35158.857442119486,14850.53845419679,6754.61934705856,2618.4858439406516,1603.8025674603152,433.8271952552791,1281.531892975596,831.5743316578416,214.06382957103474,624.6469689461114,436.1883186905047,151.41030701798363,522.3758533114831,284.6545016340659,429.90325281261033,126.49348750650836,320.76051349206296,207.8935829144604,152.66591154167662,193.45646376567464
2031-12-01,3080.5715811066493,462.08573716599744,2618.4858439406516,0.0010279779001254354,12731.069849351217,49275.85333330897,2.2286094800459322e-05,0.007394747314196107,3038.5946215962563,8389.47688388876,33970.29235022744,10945.080723563417,25820.072541780406,2.5407860472959213e-21,160.36727558974547,292.76477946401394,1265.0379166248742,262.65212225859244,103.01793943729933,745.4843542235616,2734.0095142833557,1067.3008018482424,590.7201833654394,4293.812189120795,367.5361620132269,2191.0079887416377,976.5558908947908,2583.4091810070167,17762.27105571422,3.895134278234341e-11,53.71963842556042,98.27151535409693,66.8811210412444,420.12704725079516,479.8733688382337,242.6857317313221,407.5587160068129,2583.8352229779034,247.36183784588087,1278.1150095235957,195.439644693609,1766.295805613702,995.8125464406526,6051.914607978542,5.381317157820318e-08,46.8427161912967,147.62597343335221,24.58224271683444,90.23417840661361,1.4614393680272663e-43,133.49964294420033,2388.0125474313,1485.9701463049025,591.1932058692064,1481.2132114664037,331.9121773521971,144170.4487487278,35395.94735458681,14887.891813721992,6721.08604217012,2618.4858439406516,1605.7445062171032,435.56425307921376,1283.0420539682523,830.4647370061234,215.48740449480533,623.6807487433812,434.5497275563819,151.7776616617988,519.9691961957637,283.52240714882805,427.63813785910645,125.86436322509678,321.1489012434206,207.61618425153085,152.09240464473368,192.4371620365979
2032-01-01,3122.5707247473306,462.08573716599744,2618.4858439406516,0.0009497613596467844,12579.179701406307,49695.2019452962,2.051834614206215e-05,0.006873268008909576,3035.7330594451405,8324.582011258342,33864.38841946077,11047.119986080947,26197.692900104754,1.3139507547516297e-21,160.3767883465586,292.5051587246481,1260.6424001615812,261.9638021333361,102.76474607211968,743.6679774947155,2714.6021388190916,1064.8810729632069,590.1954040943864,4259.599170501435,367.0100791682728,2173.4567714556647,971.8029246827468,2588.036849476105,18082.59168317946,3.515758759258828e-11,53.54206205878289,97.79863773014907,66.69982897772337,417.22526370315035,476.9266389624582,241.57977300766458,405.55067283301076,2563.643879222846,245.9738247942005,1268.3219164728878,194.5019069335605,1761.242450574871,998.692410918414,6133.880228604241,4.926788821941767e-08,46.60314566315069,146.89687747007082,24.46221287756157,89.79828241892936,4.3283196152614865e-44,132.74658538876335,2377.3804007384147,1477.6995962385504,588.1045577772908,1473.8419331200057,330.53891058730943,144743.90586660017,35634.09696727333,14925.579494793996,6688.072502329314,2618.4858439406516,1607.73851411953,437.29021194872746,1284.5956049736826,829.5281217314214,216.91787055574298,622.8485527545926,433.01199924705145,152.14887243553702,517.6582987341568,282.45732291164825,425.42668601683073,125.24515255813121,321.5477028239059,207.38203043285534,151.554199736468,191.44200870757382
2032-02-01,3122.5707247473306,468.38560871209967,2654.1851160352307,0.0008774250615148901,12431.633451389895,50121.69851534119,1.88920810333816e-05,0.006388499359012106,3034.283417612394,8264.04539701021,33766.70231693149,11150.899441368698,26579.81820577659,6.761276859746815e-22,160.40835992243018,292.3008519684084,1256.509749819125,261.3308778114818,102.53353986804707,742.0154547859576,2695.862821850029,1062.705647069331,589.7819191621173,4226.897467129937,366.55880334348006,2156.51402577515,967.4583553460477,2592.539427645179,18399.757324603976,3.1746447003377266e-11,53.38184107098593,97.36215914639313,66.53853608157524,414.4853551845273,474.21698471042316,240.56217819716335,403.69435579632915,2544.241184811682,244.67981749670156,1258.8366488048543,193.6273476846386,1756.2429493965158,1001.4141455669892,6214.345009564158,4.511373509725879e-08,46.37201174960557,146.19555311986824,24.346708987865497,89.37889850751512,1.277783303459117e-44,132.0195060401758,2366.819522098406,1469.613728821464,585.1195196890665,1466.569326719114,329.17367770245573,145349.08803024696,35873.17462610069,14963.628513512967,6655.6084534806505,2654.1851160352307,1609.8912258976645,439.1117264907594,1286.1908112956241,828.7587341002971,218.35441836795803,622.146091298566,431.57287274911897,152.52419983047182,515.4424768198404,281.45779951058347,423.2701193240599,124.6364063444451,321.97824517953285,207.1896835250743,151.05050546219164,190.47155369582694
2032-03-01,3122.5707247473306,468.38560871209967,2654.1851160352307,0.0008105326130334824,12287.038245156846,50544.207832189575,1.7394638685074967e-05,0.005937766157771304,3032.976188240623,8205.46347807246,33670.152314553045,11253.176020980114,26957.190185639065,3.4622122702064284e-22,160.4620182652948,292.1502177426904,1252.6363072174936,260.75232631687646,102.32387119027331,740.5230601070778,2677.7820296439577,1060.7678721445182,589.476455166941,4195.679076145516,366.1802472542987,2140.174509616254,963.5034646224794,2596.934860706606,18713.7926162349,2.8669153576470985e-11,53.23819898313689,96.96067098804572,66.39632228927513,411.90307967735004,471.7320877036509,239.62941705464067,401.98401005268636,2525.6191537627965,243.47668568306497,1249.65917817095,192.81435539281884,1751.311884060387,1003.9904414878249,6293.348131792517,4.131653014630815e-08,46.14930068640023,145.52180888447077,24.235706358122727,88.97593938085798,3.760132451065138e-45,131.31827221574574,2356.341537976103,1461.7172473059227,582.2382924744791,1459.4033955972343,327.8197548970802,145950.21103052516,36113.13893237518,15002.063617099175,6623.721255817733,2654.1851160352307,1612.1409254964901,440.92119026058685,1287.9129807181316,828.1518895487543,219.79678489489368,621.5690505752228,430.2300655658374,152.90388142318318,513.3209329151604,280.52236728692736,421.1694995449428,124.03863103313363,322.42818509929793,207.03797238718857,150.58052294804307,189.52627479522425
2032-04-01,3122.5707247473306,468.38560871209967,2654.1851160352307,0.0007486795663283701,12145.344676690424,50962.75107228129,1.6015815790628476e-05,0.005518692285776072,3031.800902645043,8148.781915437296,33574.76010242708,11353.9620173944,27329.809220983097,1.7643682862313725e-22,160.5367671024626,292.050671485543,1249.0163859455802,260.2266046895148,102.13507790268314,739.185509461277,2660.3479039444387,1059.0587169930488,589.2738474406347,4165.910015025808,365.87134797827554,2124.430268365509,959.9175007555832,2601.237063597583,19024.706782733923,2.588983235569653e-11,53.110398468347015,96.59280320554981,66.27232470004742,409.4741645469899,469.46030178944204,238.77806958113786,400.41402522589607,2507.7688672670147,242.36133581720122,1240.7889652311171,192.06127982673814,1746.462730252638,1006.4334762194903,6370.929353629542,3.784509958000394e-08,45.934985051329846,144.87542116891842,24.12917443925466,88.58929595153059,1.1029750255088786e-45,130.64272043577668,2345.9574847139097,1454.0143188374252,579.4608753734047,1452.351557795225,326.48016184696127,146547.2161912463,36353.904463421866,15040.908095761177,6592.435995651581,2654.1851160352307,1614.4615673883732,442.71838792568525,1289.7127403971922,827.7027676043474,221.24444174616013,621.1139171615657,428.98129834265757,153.2881401569024,511.29276736751285,279.6495426177943,419.1257371026696,123.45229043099691,322.8923134776746,206.92569190108685,150.14345441993015,188.6065816962013
2032-05-01,3122.5707247473306,468.38560871209967,2654.1851160352307,0.000691491105619489,12006.504048308989,51377.35069545979,1.4746218722433454e-05,0.005129066383664219,3030.748209491785,8093.948101543306,33480.54607787762,11453.270423854732,27697.680866256476,8.948891490246021e-23,160.6312528175609,291.99933031482817,1245.6434380929918,259.7519618534143,101.96641524999762,737.9969338152114,2643.547614341916,1057.568326059035,589.1683297968733,4137.553692839664,365.62871349378963,2109.2719858284254,956.6795141889892,2605.4578444291374,19332.50531148952,2.3382556729662955e-11,52.997738180769126,96.25722480540102,66.16572968671768,407.19432064880425,467.39061440605724,238.00482538910595,398.9789390768315,2490.680557078469,241.33071761868186,1232.2249933560474,191.3664423382521,1741.7079015934687,1008.7549111188198,6447.128767079083,3.467101726429592e-08,45.729025088181395,144.2561380622391,24.027077487749413,88.21883984424036,3.2251746891649093e-46,129.99265917838287,2335.6778197850113,1446.5086001620537,576.787084227918,1445.4206682204858,325.1576747271811,147140.0542580964,36595.37066461136,15080.183682376533,6561.775586818114,2654.1851160352307,1616.8438915588222,444.50315762630896,1291.5692539106985,827.4062840438067,222.69676867740077,620.7770757032606,427.82430570145095,153.6771833864546,509.3569993291957,278.8378439227274,417.1396005347391,122.87780762792302,323.36877831176434,206.8515710109517,149.73850699550783,187.71282024063257
2032-06-01,3122.5707247473306,468.38560871209967,2654.1851160352307,0.0006386199087371757,11870.468242778119,51788.02995322893,1.3577198266116228e-05,0.004766830492015502,3029.8095273071103,8040.910709182878,33387.52868198141,11551.114654190407,28060.81482001036,4.517792351189309e-23,160.74407972712902,291.99331738506163,1242.5106181098847,259.32658917352904,101.81711845532737,736.9513470021376,2627.36800919096,1056.286763311967,589.1541436652133,4110.5725648506605,365.44893065206344,2094.6896503987955,953.7692091906025,2609.6078338996904,19637.195229402783,2.1128825950990637e-11,52.89954808966484,95.95264223934284,66.07576292635378,405.05925065363783,465.51259844280827,237.30647766290218,397.6734326145188,2474.3436667957603,240.38182599273154,1223.9657938560208,190.72814199714082,1737.0587828209107,1010.9658842150953,6521.986547366024,3.1768401516321753e-08,45.53136998004183,143.66368294796624,23.929375200154613,87.86442578097484,9.40100186314427e-47,129.36787159301252,2325.5124344351975,1439.203263682245,574.2165690117049,1438.6170412869494,323.8548390667918,147728.68200770678,36837.43540441581,15119.910355672931,6531.760873016809,2654.1851160352307,1619.2820057536478,446.27536067118007,1293.4751132470578,827.2572378367151,224.15313560589297,620.554713032855,426.7568388236821,154.07120091277284,507.51257900004964,278.08579870594315,415.21172586292664,122.3155669384311,323.8564011507295,206.8143094591788,149.3648935882887,186.84527663831696
2032-07-01,3122.5707247473306,468.38560871209967,2654.1851160352307,0.0005897441607534801,11737.189678752098,52194.81266896978,1.2500790245528729e-05,0.004430069490221603,3028.9768903633358,7989.619521352279,33295.72422828343,11647.508421014698,28419.224349620516,2.2703440578886713e-23,160.8738805565884,292.0298273458378,1239.6109213243303,258.94865723829025,101.68641787444716,736.0427575985442,2611.795771285066,1055.2041850585033,589.2256695298533,4084.9285795736514,365.32863496259245,2080.672739376106,951.1671089716388,2613.6967121887524,19938.785837295687,1.911555570541922e-11,52.815186474898596,95.67779888328852,66.00168351483826,403.0646594962143,463.8163739472453,236.679920222659,396.49232941481,2458.7469223748913,239.51170474009612,1216.0094752386437,190.1446629161008,1732.5257704722874,1013.0770105887091,6595.542754853016,2.9113565481306996e-08,45.34195899968569,143.09775760512113,23.836023260607362,87.52589362171925,2.73172231110448e-47,128.76811801447818,2315.4706667951086,1432.1010227040904,571.7488298917888,1431.946473169358,322.57398216001894,148313.06079067057,37079.99770017988,15160.106253137717,6502.41072625109,2654.1851160352307,1621.7714587998555,448.03487427161554,1295.4256046029184,827.2503895903534,225.61291924848325,620.4429283775364,425.7766667984296,154.47036411432367,505.75839446000305,277.39194523539334,413.34262545778427,121.76591576793582,324.35429175997103,206.81259739758835,149.02183337945033,186.0041814560029
2032-08-01,3122.5707247473306,468.38560871209967,2654.1851160352307,0.0005445657086045893,11606.621293524753,52597.72311158897,1.1509661201585397e-05,0.004117001262205879,3028.2428606865506,7940.0253538095785,33205.146891568795,11742.465667544273,28772.925882255466,1.135783864575424e-23,161.01934671262765,292.10615473833985,1236.9372577913505,258.61633516045606,101.57354684635938,735.2652259719715,2596.8174992830523,1054.3109246017607,589.3774842489241,4060.5834379446055,365.264543455435,2067.2103289278257,948.8546141700098,2617.7333313649888,20237.28881931934,1.7275905369389563e-11,52.74403779904316,95.4314748970156,65.94278033649398,401.2062651506439,462.29257515217915,236.1221457883105,395.4305963189443,2443.878404508068,238.71745063955288,1208.353753524298,189.61428160896216,1728.1183164769714,1015.0983870733237,6667.837172397308,2.6684999753798145e-08,45.16072253846624,142.55804483546288,23.7469738074575,87.20307008981806,7.913134383851065e-48,128.19313826639907,2305.5613152833153,1425.2041557437094,569.3832318215252,1425.4142635415155,321.31722499654404,148893.155734055,37322.95885053705,15200.78764167113,6473.742140950898,2654.1851160352307,1624.308584488822,449.78158816193775,1297.4171670398846,827.3805066120052,227.0755100707254,620.4377921927651,424.88157800023373,154.87482565911506,504.0932774207606,276.7548334189792,411.53269632546153,121.2291663954898,324.8617168977643,206.8451266530013,148.7085523000818,185.18971334645767
2032-09-01,3122.5707247473306,468.38560871209967,2654.1851160352307,0.0005028083472200102,11478.716537226495,52996.785911786304,1.0597058454762347e-05,0.0038259675350257464,3027.6004698611496,7892.08001690156,33115.808762591885,11836.000523303132,29121.938679384042,5.656756147851839e-24,161.17924273592408,292.2197084394031,1234.4825019464874,258.3278032475605,101.4777467691384,734.6129005109977,2582.4197619194615,1053.5975434295287,589.6043904498404,4037.498779415489,365.25347351651874,2054.2911754480438,946.8140212199532,2621.725800025156,20532.71815899783,1.5616453564579003e-11,52.685511067170516,95.21248714898685,65.89836969576642,399.4798089324269,460.93232069982884,235.63024458819817,394.483344258365,2429.7256194956676,237.99621728616185,1200.9959822458723,189.1352738821997,1723.8449724721518,1017.039599662817,6738.9091691209815,2.446310519892148e-08,44.98758302787783,142.04421070997313,23.66217583456612,86.89577024763256,2.2851676283839312e-48,127.64265376993622,2295.7926522525604,1418.5145299321216,567.1190177994075,1419.0252367964079,320.0864937159553,149468.9352404275,37566.223008071334,15241.96892055661,6445.770324110901,2654.1851160352307,1626.8902070099916,451.5154026527582,1299.4468675910575,827.6423942304534,228.54031582631188,620.5353799590039,424.06938153167164,155.28471954185522,502.5160086791558,276.1730257001519,409.78222783987457,120.7055976792776,325.37804140199825,206.91059855761335,148.42428353608506,184.40200252794352
2032-10-01,3122.5707247473306,468.38560871209967,2654.1851160352307,0.0004642162277966737,11353.429372399496,53392.02600126361,9.75676383861715e-06,0.0035554253433863546,3027.0431765652393,7845.736296171821,33027.71993276153,11928.127272267513,29466.284562133125,2.8050143335803115e-24,161.3524126286317,292.3680190602172,1232.2395298439426,258.08126222144153,101.39827073055704,734.0800430322183,2568.5891386012668,1053.0548650628473,589.9014318047391,4015.636328628914,365.2923544925393,2041.9037816586308,945.0285205764512,2625.681549385734,20825.089983284193,1.4144168373713783e-11,52.63903850956157,95.01968910795505,65.8677937232954,397.8810650778043,459.72718626818096,235.20140303596767,393.645828821646,2416.2755674556306,237.34521850509583,1193.9331816464937,188.70592112317155,1719.7134339904155,1018.9097328940153,6808.797586036646,2.2429858483481824e-08,44.82245576746872,141.5559065155627,23.581575540867917,86.6037987783668,6.578894979982245e-49,127.11636947477774,2286.1724378374424,1412.0336235568984,564.9553209279702,1412.7837627492338,318.8835305939653,150040.37064296068,37809.697491012324,15283.662646195893,6418.508781764984,2654.1851160352307,1629.5134861393635,453.2362273626973,1301.5121656079934,828.030919164738,230.00676350226206,620.73179567284,423.33790869355335,155.70016134000366,501.0253233075176,275.6450979955866,408.0914089623752,120.19545669106061,325.90269722787264,207.0077297911845,148.16826804274365,183.64113403306882
2032-11-01,3122.5707247473306,468.38560871209967,2654.1851160352307,0.00042855237894288853,11230.714276201712,53783.46856575341,8.983051507828253e-06,0.003303939077007976,3026.56483334388,7800.947942450796,32940.888592483105,12018.860328207656,29805.987671820858,1.384923328549726e-24,161.53778146042217,292.5487421667192,1230.201248703566,257.87494027529266,101.33438623374653,733.6610474316496,2555.312251793002,1052.673998164436,590.2638999150904,3994.9580163457968,365.3782348680377,2030.036452832243,943.4821831426485,2629.607388404258,21114.422380311913,1.2807516777549733e-11,52.60407449080648,94.85197066351712,65.85041925667701,396.4058495093314,458.6691791775404,234.83290236099688,392.9134504214701,2403.5148073586984,236.76173128339576,1187.162066847196,188.32451595042227,1715.7305840641961,1020.7173807468647,6877.54064036566,2.0568994570825094e-08,44.665249671316275,141.0927704667692,23.505116639085056,86.32695111767539,1.8882562914798453e-49,126.61397562852933,2276.7079339620345,1405.762547771626,562.8911753968945,1406.6937768224188,317.7099045686541,150607.43595173594,38053.292952048825,15325.879572496784,6391.969402065572,2654.1851160352307,1632.1758269391898,454.94398032080727,1303.610788911491,828.5410274868524,231.47430038814463,621.0231893735535,422.6850144455704,156.1212486270894,499.61991558011607,275.1696406508097,406.46033499467217,119.69896028485547,326.4351653878379,207.1352568717131,147.93975505594963,182.90715074760246
2032-12-01,3122.5707247473306,468.38560871209967,2654.1851160352307,0.00039559733455916284,11110.526243852008,54171.139007088714,8.270648887767114e-06,0.003070173071147317,3026.1596592506635,7757.669666729054,32855.32113495059,12108.21421452867,30141.074257035503,6.808722534870761e-25,161.73435408374388,292.75965877713094,1228.3606210732712,257.7070986065463,101.2853772864988,733.3504536063942,2542.5757937910566,1052.4463522144558,590.6873357139688,3975.426081436981,365.50828643128875,2018.6773457861136,942.1599391775775,2633.5095515345615,21400.735210903527,1.1566708920882236e-11,52.58009458061321,94.70825786176306,65.8456370014975,395.0500277620276,457.750714707612,234.52211714200104,392.28175401540665,2391.429518651896,236.24309821090057,1180.6790748666924,187.9893672319489,1711.9025359664781,1022.4706587283663,6945.175846059242,1.8865584219542928e-08,44.51586794372545,140.6544292324332,23.43274063201728,86.06501446785185,5.403182583121229e-50,126.13514939954827,2267.4059184667444,1399.7020674989733,560.9255265028759,1400.7587997105497,316.5670213157136,151170.10765747627,38296.92346042312,15368.628702786456,6366.162535189298,2654.1851160352307,1634.8748230030867,456.63858729182135,1305.7406615513519,829.1677585655873,232.94239461146887,621.4057706151393,422.10857882381987,156.54806150164836,498.29844363669054,274.7452593896208,404.88901390871155,119.21629660425263,326.9749646006173,207.29193964139682,147.73800258833694,182.20005625892017
2033-01-01,3162.3981264656,468.38560871209967,2654.1851160352307,0.0003651478593872737,10992.82079256443,54555.062911575216,7.61470078144398e-06,0.0028528847034418473,3025.8222164555305,7715.857137266676,32771.02226096397,12196.203547103563,30471.572481971565,3.3333443176404085e-25,161.94121206687254,292.99867398650423,1226.7106849045708,257.5760357912536,101.25054600871637,733.1429578138641,2530.3665493233934,1052.3636476712509,591.1675270848807,3957.00315787479,365.6798062564993,2007.8145121551947,941.0475522067321,2637.3937410733256,21684.049923417264,1.0449888854265592e-11,52.56659474027594,94.58751255329892,65.85286084643312,393.8095220767042,456.9645939312389,234.26651372377992,391.7464283785042,2380.0055593735538,235.7867294443413,1174.4803904325518,187.6988044960334,1708.234674901352,1024.1772168783637,7011.739948445293,1.730607943728539e-08,44.37420869330237,140.24049931488176,23.36438706275485,85.81776871857303,1.5414398329923335e-50,125.67955636699013,2258.2726993148667,1393.8526215492343,559.0572398069658,1394.9819565225873,315.45613288233506,151728.3645735482,38540.50652763511,15411.917350221735,6341.097070249797,2654.1851160352307,1637.608218718369,458.3199812448859,1307.8998584024694,829.9062558660885,234.41053532438116,621.8758189241905,421.60650828770815,156.98066320120546,497.0595338852743,274.37057623548293,403.3773722927732,118.74762653200243,327.52164374367374,207.47656396652212,147.56227790069784,181.51981753174792
2033-02-01,3162.3981264656,474.35971896984006,2688.0384074957597,0.0003370157686262527,10878.816071002984,54945.798042692426,7.011230626003673e-06,0.002650960939398477,3026.726906153391,7677.661702664066,32694.62685608206,12285.917802063084,30806.286371862323,1.625151691092451e-25,162.1575095642669,293.2638142671346,1225.2445703560206,257.4800912341804,101.22921385737011,733.0334202202883,2518.6714148565015,1052.4179218581348,591.700503795035,3939.652349275487,365.890217040317,1997.4359369064139,940.1315895796304,2641.2651652749782,21964.389376656673,9.480492872755468e-12,52.563090591260526,94.48873195656047,65.8715272525642,392.6803176847034,456.30398291447636,234.06364851286642,391.30330494790985,2369.2285207451896,235.39010421997546,1168.5619705566207,187.45118176842146,1704.7316985163875,1025.8442534832068,7077.2688712176805,1.5878039256611448e-08,44.240165493168895,139.85058830920855,23.299993743503048,85.5849872913693,4.384288809611965e-51,125.24685189052569,2249.3141288407514,1388.214341973396,557.2851095186437,1389.3659953986112,314.3783468899919,152315.83674750826,38783.96309474243,15455.751204367833,6316.780509365047,2688.0384074957597,1640.4768784501418,460.0893550855719,1310.0865749746954,830.7517752156485,235.87823265172955,622.4296918995664,421.1767369756723,157.41910077779636,495.90178514803563,274.0442303870103,401.9252609479409,118.29308508484434,328.0953756900283,207.68794380391213,147.4118579414853,180.8663674265734
2033-03-01,3162.3981264656,474.35971896984006,2688.0384074957597,0.0003110268207422649,10767.196104294033,55332.78568655125,6.455571850621948e-06,0.002463279330254234,3027.671267388136,7640.817551489774,32619.443754495423,12374.275758376232,31136.41534372604,7.890973636431204e-26,162.38410278693806,293.5549288909884,1223.9586618048136,257.41848340176557,101.22107021043281,733.0194756275471,2507.4811137234105,1052.605689825165,592.2859419545073,3923.346109444734,366.1387874093583,1987.5331090979446,939.4042402848618,2645.1338370846056,22241.81283960256,8.561233096732982e-12,52.56911674141533,94.41094814230107,65.90109466870679,391.65846831843095,455.7623931607025,233.91116615656705,390.948356271167,2359.083778277332,235.0507719458943,1162.9195678691558,187.24488087404535,1701.3976561485456,1027.478529318529,7141.797674214506,1.4570165947823944e-08,44.113627893856716,139.48429606265057,23.239496966438516,85.36643791996697,1.2432964310892138e-51,124.83668237092392,2240.5356180032995,1382.7870726678566,555.6078661852639,1383.9133055986672,313.3346353169357,152898.60824708262,39027.298391149634,15500.134402107307,6293.21903900043,2688.0384074957597,1643.4221876478402,461.8447202735665,1312.3815027601136,831.7006990205632,237.34550733235176,623.0638314117364,420.8172278557723,157.86340581648776,494.8237725555545,273.764879034187,400.5324601641368,117.85278275603508,328.68443752956796,207.9251747551408,147.28602974952028,180.23960707386155
2033-04-01,3162.3981264656,474.35971896984006,2688.0384074957597,0.0002870197074321788,10657.916994707768,55716.048552508684,5.943935905056754e-06,0.0022888397042706253,3028.648626298962,7605.279995204215,32545.467451147393,12461.290285134139,31461.986889435117,3.8160431102951556e-26,162.62082382868329,293.8709428512656,1222.84765729829,257.38999197729106,101.22562313545602,733.097412706037,2496.7844234681725,1052.9213438974161,592.9216700653875,3908.052432852266,366.4238838932831,1978.095505736861,938.8555067042602,2649.0063592773445,22516.361059695068,7.731768303651015e-12,52.58423650078153,94.35323824491793,65.94106241496604,390.7401284894437,455.33372756612295,233.80682629971415,390.6777373606896,2349.5566503437085,234.76637470984767,1157.5487971955695,187.07833237178627,1698.2360534268448,1029.0864265647251,7205.360743435497,1.3372148419068376e-08,43.99448189436502,139.14121574845962,23.18283169908097,85.16188337507405,3.515283747038142e-52,124.44868641151061,2231.942150610559,1377.5703872467661,554.0241837559267,1378.6259350619027,312.32584287171983,153476.64137623963,39270.47463738708,15545.070334924621,6270.417598688738,2688.0384074957597,1646.419351949316,463.5859263894359,1314.7377501182723,832.7493826970629,238.81212118375822,623.7755242654224,420.5259888193789,158.3136026287297,493.8240511965272,273.53119810625196,399.19868470058884,117.42680680763094,329.2838703898631,208.1873456742657,147.1840960867826,179.63940811526496
2033-05-01,3162.3981264656,474.35971896984006,2688.0384074957597,0.00026484510450799003,10550.935690203201,56095.61041012017,5.472835070436293e-06,0.0021267117647799003,3029.6533184242007,7571.006361487132,32472.692963602378,12546.974869051895,31783.031394892587,1.8380794045457266e-26,162.8671117995545,294.2104580623865,1221.9056432755747,257.3932444425978,101.24231874779639,733.2630685684829,2486.5694260519117,1053.3585845645935,593.6048710227547,3893.737884092011,366.7435683596051,1969.111809921297,938.4748832180367,2652.8877190377057,22788.06777102621,7.025030292945449e-12,52.60803849807615,94.31472152345388,65.99096338759799,389.9215524497265,455.0122481547865,233.7484953315979,390.4877743934509,2340.632423160285,234.53464329800917,1152.4451488411942,186.950014262316,1695.2498774914666,1030.673956179026,7267.99173065373,1.2274540335579382e-08,43.88261052065774,138.82093554522774,23.129931879392203,84.97108258651633,9.909765299267641e-53,124.0824961876297,2223.538299063183,1372.5636082850383,552.5326876140326,1373.5056089693903,311.35269544657257,154049.90740481124,39513.438362190514,15590.561587624723,6248.379956109915,2688.0384074957597,1649.459505093255,465.31287383086527,1317.135481559453,833.8940156654937,240.2777410905273,624.5620370227971,420.3010766666744,158.7697076560231,492.9011693179202,273.3418927325963,397.92358921445845,117.01522268228389,329.89190101865097,208.47350391637343,147.10537683333604,179.06561514650627
2033-06-01,3162.3981264656,474.35971896984006,2688.0384074957597,0.00024436479421525585,10446.209848292823,56471.49563336831,5.039058230572793e-06,0.0019760302274407296,3030.6803532426416,7537.955519479768,32401.11510235507,12631.343344216657,32099.581305327796,8.81871352036339e-27,163.12231285037578,294.572035231111,1221.1266032475469,257.4268512835864,101.27059744496371,733.5122496415686,2476.8240996072946,1053.911091647668,594.3326456817493,3880.369037541712,367.09587806307655,1960.570494212842,938.2521305239432,2656.7821442163904,23056.96503520424,6.350727095692214e-12,52.640132033879624,94.29455490462651,66.05035487768605,389.19908870956345,454.7925363042024,233.73413418626166,390.37494725611225,2332.296357168068,234.35338990829837,1147.6039945114599,186.85844779855736,1692.4416115543568,1032.2467592251849,7329.723469026382,1.126879049991838e-08,43.77789438785318,138.52304027795594,23.080730703429058,84.79379173186497,2.7854197896870516e-53,123.73773878036218,2215.3282403215103,1367.765826177552,551.1319623137529,1368.5537480450198,310.4158082584247,154618.3833317171,39756.133206398066,15636.609777464648,6227.108781008995,2688.0384074957597,1652.536995562341,467.02548502754064,1319.567604074604,835.1307434415754,241.74201642547393,625.4205117491204,420.1405940710401,159.23172783815633,492.05367390129055,273.1956998333384,396.7067736090029,116.61807539320806,330.50739911246814,208.78268586039385,147.04920792486402,178.5180481240513
2033-07-01,3162.3981264656,474.35971896984006,2688.0384074957597,0.00022545085031758534,10343.697779817412,56843.72900197059,4.639648722709425e-06,0.0018359903024434342,3031.725263214539,7506.0876743539775,32330.72821045232,12714.409773120435,32411.67071263792,4.2146079416418016e-27,163.38574929487103,294.9542515440344,1220.504526798657,257.48943441602506,101.30990562900581,733.8408185965429,2467.5364448312275,1054.5726603796263,595.1021281671441,3867.9127960785054,367.4788824181482,1952.459956155925,938.1774168164786,2660.6932961918956,23323.08421376971,5.754087642116635e-12,52.68014411295189,94.29192996402497,66.1188132840759,388.56917751089173,454.6694632089983,233.76179007400404,390.33587776411076,2324.533704313949,234.220503480873,1143.0205976431744,186.80219534326466,1689.8132563932886,1033.8101137644194,7390.587922220701,1.0347020359192887e-08,43.68021218012661,138.24711270045682,23.035160852231833,84.62976508164522,7.806370855666667e-54,123.41403734063314,2207.3157713481296,1363.1759166708123,549.8205583377476,1363.7714858924505,309.51569347085956,155182.05048164798,39998.502481087795,15683.215489078731,6206.605713885439,2688.0384074957597,1655.64756007821,468.7236974866978,1322.0295964498728,836.4557271375967,243.20459462254973,626.3480575811816,420.0426860252914,159.69965994180245,491.2801116311277,273.0913861461761,395.5477879394378,116.23539081524389,331.1295120156419,209.11393178439917,147.014940108852,177.996504572747
2033-08-01,3162.3981264656,474.35971896984006,2688.0384074957597,0.00020798488275369572,10243.358419526297,57212.33559051491,4.2718841210528735e-06,0.0017058434910862189,3032.7840163795818,7475.364253042529,32261.526059664044,12796.18837933981,32719.335091256646,2.0065062125685225e-27,163.65675095864322,295.35572459513253,1220.0334593812306,257.5796397295419,101.35970080535763,734.2447315982445,2458.694543014514,1055.3372578486824,595.9105337069701,3856.336542064986,367.89070642020073,1944.768586925875,938.2413648081205,2664.6243652662047,23586.456321133883,5.213974267452554e-12,52.72771739884759,94.30607063958767,66.19593099389105,388.02834953821156,454.63816613403316,233.82959024835648,390.36732074081186,2317.3297293339265,234.13394626017507,1138.690125375944,186.7798591288369,1687.3663545805784,1035.3689444446306,7450.616152349745,9.502097958145646e-09,43.58944105056625,137.99273444877946,22.993154662957433,84.47875562534256,2.181452572486441e-54,123.11101208451163,2199.5043239609417,1358.7925570668351,548.5969978971764,1359.159685344905,308.65276730598686,155740.89372782406,40240.490228257586,15730.37825716758,6186.871429457505,2688.0384074957597,1658.7877007953757,470.4074605242985,1324.5180480625681,837.8651732438041,244.66512764896888,627.3417953531975,420.0055368921511,160.17349037219938,490.57902928313024,273.0277459164394,394.44613683433624,115.86717687673001,331.75754015907506,209.46629331095102,147.00193791225288,177.5007615754513
2033-09-01,3162.3981264656,474.35971896984006,2688.0384074957597,0.00019185733638872675,10145.151308378738,57577.34069729936,3.933257761084924e-06,0.0015848936731412862,3033.8529579393553,7445.747830382167,32193.50181436327,12876.693503531236,33022.61110436759,9.516451391271887e-28,163.93467168985765,295.775124192597,1219.7075309913293,257.6961439509245,101.41945431392008,734.7200578182363,2450.286589942652,1056.1990510815178,596.7551822491129,3845.6082273786733,368.32954217309236,1937.4848156896019,938.4350656981682,2668.5781316583407,23847.112172720095,4.713773659577665e-12,52.78250870742255,94.33623134197654,66.28131448755488,387.5732250764552,454.69402826531154,233.93573690130498,390.466156624477,2310.6697318601937,234.0917509433916,1134.607660880513,186.79008039028048,1685.102015479718,1036.9278334093287,7509.838299464629,8.727451238570933e-09,43.50545695450805,137.7594867481267,22.954644258059442,84.34051553632227,6.07837086779737e-55,122.8282811432511,2191.896979147208,1354.614241245395,547.4597799124358,1354.7189539146389,307.8273566887546,156294.90099694597,40482.04176154812,15778.096573832561,6167.905695557427,2688.0384074957597,1661.9544050163163,472.07673335752816,1327.0301606363007,839.3553520316256,246.12327531414704,628.3988799328531,420.02736803248234,160.65319523538932,489.9489742387832,273.00359897989824,393.4012834743844,115.51342466447552,332.3908810032632,209.8388380079064,147.0095788113688,177.03057756347297
2033-10-01,3162.3981264656,474.35971896984006,2688.0384074957597,0.00017696684071809345,10049.036581759367,57938.769794276195,3.621461544313149e-06,0.0014724934644843425,3034.928767398132,7417.202076077023,32126.648028932315,12955.939571801613,33321.53644995376,4.496556080775554e-28,164.21889822735486,296.2111784050706,1219.5209747324648,257.8376587860358,101.48865292812916,735.2629904927549,2442.3009183847803,1057.1524216899918,597.633510571308,3835.696433435109,368.7936547900648,1930.5971419861976,938.7500779838191,2672.5570102147162,24105.082445923985,4.299382701111266e-12,52.84418786876093,94.38169533296652,66.37458320066193,387.2005133399791,454.8326612318138,234.07850283130765,390.6293850960563,2304.539068237713,234.09201818161543,1130.768215587096,186.8315386843261,1683.0209402847888,1038.4910319765593,7568.283569522658,8.017168727344739e-09,43.428134928888184,137.54695094395439,22.91956164435221,84.21479652434513,1.688807312792209e-55,122.56546129046095,2184.4964808866257,1350.6392936360069,546.4073843047822,1350.449658422399,307.03970546282744,156844.06292328017,40723.10396855178,15826.367911376306,6149.707428052659,2688.0384074957597,1665.144997317725,473.7314838438551,1329.5635240130532,840.9226098836942,247.57870712569922,629.5165140237192,420.10643592167924,161.13874055829618,489.388495132025,273.01778922111356,392.4126531836571,115.1741094531364,333.02899946354495,210.23065247092356,147.03725257258773,176.58569393264568
2033-11-01,3162.3981264656,474.35971896984006,2688.0384074957597,0.0001632196069055282,9954.974960946538,58296.64848950557,3.3343702016100594e-06,0.0013680408265977085,3036.0084250330974,7389.69171347716,32060.956663053395,13033.941071410023,33616.149732364815,2.116772455840778e-28,164.50885458699477,296.6626764106845,1219.468139617682,258.0029335161568,101.56679981355002,735.8698532185551,2434.726014162227,1058.1919730299664,598.5430780054111,3826.570413515602,369.2813851754614,1924.0941610019245,939.1784182832673,2676.5630859355174,24360.39769895555,3.8902721383458695e-12,52.91243685345849,94.44177330249063,66.4753688527999,386.9070118436613,455.0498897467397,234.2562276885953,390.85411945813865,2298.923172528419,234.13291431731733,1127.1667410944442,186.90295130493192,1681.123446737123,1040.0624727815878,7625.980228995005,7.365711113091633e-09,43.35734932836066,137.3547089123786,22.887838791200274,84.10135011270532,4.678763268909337e-56,122.32216856619992,2177.305249524094,1346.8658822517134,545.4382757128935,1346.3519388764687,306.2899802126594,157388.3725903854,40963.62548522855,15875.188755504718,6132.274742296039,2688.0384074957597,1668.3570528154823,475.3716875750496,1332.11599785418,842.5633778130144,249.0311033643981,630.6919574127706,420.2410306690453,161.63008261531536,488.89614260010296,273.06918334909153,391.47963668810786,114.84919166861415,333.6714105630964,210.6408444532536,147.08436073416584,176.16583650964853
2033-12-01,3162.3981264656,474.35971896984006,2688.0384074957597,0.00015052886823745037,9862.927746465992,58651.00249763928,3.070026893792177e-06,0.0012709759097818964,3037.0891844363505,7363.182485528436,31996.419106865542,13110.712531180485,33906.49035176402,9.928319221181038e-29,164.80400365480824,297.12846939572506,1219.543499682954,258.19075661262593,101.65341508197744,736.5371032601058,2427.5505281525247,1059.3125327325413,599.4815682656103,3818.2001233271853,369.7911508971665,1917.9645840729913,939.7125476266692,2680.5981436570514,24613.088368015367,3.540103667510397e-12,52.98694909119128,94.51580210026796,66.58331505356877,386.68960574793357,455.3417379843996,234.46731467089162,391.13758159572853,2293.807576429333,234.21266929048454,1123.7981406403642,187.00307274556508,1679.4094933066815,1041.64578218325,7682.955604833767,6.768177825397909e-09,43.29297402715681,137.1823433909563,22.859407694728937,83.9999278668007,1.2925477683623197e-56,122.09801881517815,2170.3253947264207,1343.29203088048,544.5509067323823,1342.4257216616766,305.57827572252427,157927.8253284549,41203.55679443531,15924.554645673432,6115.605001525073,2688.0384074957597,1671.588342240255,476.99732718598113,1334.685642252386,844.2741773510227,250.48015569460568,631.9225333597608,420.4294748627511,162.12716832829534,488.4704701133388,273.15666993487946,390.6015930907617,114.53861779354425,334.31766844805094,211.06854433775567,147.15031620196288,175.77071689084275
2034-01-01,3200.633731445488,474.35971896984006,2688.0384074957597,0.00013881436142475144,9772.856812567552,59001.85761588339,2.826629581573632e-06,0.0011807781149484704,3038.168549269179,7337.641125295912,31933.026211540167,13186.268505141423,34192.59840696548,4.639833648724164e-29,165.10384700427312,297.60747019283554,1219.7416605370272,258.39995667810297,101.74803607020516,737.2613328387542,2420.7632854921408,1060.5091521737886,600.4467887575652,3810.556243061815,370.32144581401883,1912.1972556929616,940.3453551026888,2684.663693672284,24863.184753149704,3.2335961857062113e-12,53.06742892883675,94.6031435911125,66.69807706130499,386.545267139903,455.70441740267427,234.7102275790248,391.4770974014314,2289.177927956387,234.3295746702728,1120.6572800652727,187.13069417864932,1677.8787027049436,1043.2442927909192,7739.236088826362,6.219965263188047e-09,43.2348825940128,137.0294382591435,22.834200432988776,83.91028159266565,3.560681310411863e-57,121.89262815376497,2163.558728051556,1339.9156305160275,543.7437207610645,1338.670732090734,304.90462009988715,158462.41854908218,41442.85027623817,15974.4602202971,6099.694862558064,2688.0384074957597,1674.8367950655602,478.6083918029109,1337.2706737922042,846.0516245105302,251.92556747880744,633.2056330132671,420.67012267294774,162.629935716651,488.1100348607072,273.2791586607882,389.77785260615013,114.24232122156472,334.96735901311195,211.51290612763256,147.2345429355317,175.40003367276753
2034-02-01,3200.633731445488,480.0950597168233,2720.5386717286647,0.00012800184687207047,9685.9356620687,59359.35139045828,2.602693937933638e-06,0.0010969801499099707,3040.3776466908234,7315.14045387151,31877.11509854465,13263.578785149122,34482.95555084945,2.160585545007228e-29,165.4079235961579,298.0986520780959,1220.0573640217208,258.62940290059635,101.8502174214846,738.0392689898034,2414.3532927236593,1061.7771038274932,601.4366682050954,3803.6101929516212,370.87083885928485,1906.7811677989246,941.0701399885548,2688.760994334805,25110.716998409196,2.899530710587858e-12,53.153591188745516,94.7031836109397,66.81932161462889,386.4710542297689,456.1343157818259,234.98348816415222,391.87009257853714,2285.0200088177835,234.48198178301766,1117.7389982298569,187.2846429338514,1676.5303846430743,1044.8610560043328,7794.847145562864,5.716989130494504e-09,43.182948446027396,136.89557878844607,22.812149215456515,83.83216351766626,9.781307519104669e-58,121.70561337820394,2157.0067751540823,1336.7344500980996,543.0151545189597,1335.086506363334,304.2689795875615,159024.45581521722,41681.460226106494,16024.899265143382,6084.540319073554,2720.5386717286647,1678.1993226187108,480.30208297493255,1339.8694360524482,847.8924322896045,253.36705389452388,634.5387183828977,420.96135915615486,163.13831438046154,487.8133986707986,273.43557973741605,389.0077190894312,113.96022306587822,335.63986452374206,211.97310807240112,147.3364757046542,175.053473590244
2034-03-01,3200.633731445488,480.0950597168233,2720.5386717286647,0.00011802265976898526,9600.906275695314,59713.3475127944,2.3964979260589723e-06,0.0010191135119903872,3042.5635532061974,7293.516669055357,31822.271811692925,13339.68214897354,34769.105042502735,1.0025353816881197e-29,165.71737555413196,298.6026827150213,1220.4885111516257,258.8788067028448,101.95986455110395,738.8702717313838,2408.3132895233075,1063.1158651276826,602.4525259203319,3797.3425689402,371.43962352629063,1901.708851214324,941.8852183267933,2692.8961256018924,25355.748913621286,2.6003903508825478e-12,53.245160797625914,94.81533100575868,66.94672678760352,386.4641104521708,456.6279872941768,235.28567371344647,392.31408875587493,2281.3197504456843,234.66829991623325,1115.0381168665458,187.4637819638408,1675.363557779695,1046.4988544826851,7849.8133233816,5.255371095902297e-09,43.1370449860518,136.780351875267,22.793186429083136,83.76532646094479,2.679441507371082e-58,121.53659232438467,2150.6707876465484,1333.7461466221125,542.3636402997749,1331.6724029725403,303.67126308654707,159581.39415345312,41919.42049420822,16075.864763642945,6070.13674270851,2720.5386717286647,1681.619792543659,481.9805409491182,1342.5594580949687,849.7943779328538,254.8048120603881,635.9193242172033,421.3015997140651,163.6522260035757,487.57912895068785,273.6248834515007,388.29047238909453,113.69223292663743,336.3239585087317,212.44859448321344,147.45555989992278,174.73071257509253
2034-04-01,3200.633731445488,480.0950597168233,2720.5386717286647,0.00010881329946827535,9517.731252662814,60063.868772364265,2.206635459032601e-06,0.0009467597551241865,3044.7223474090024,7272.7362205460595,31768.480195908603,13414.59129536837,35051.08346859795,4.635573965704785e-30,166.0323355223765,299.11929111486626,1221.0314141283152,259.14745549335805,102.0767060197854,739.7523764009171,2402.634205401061,1064.522784407506,603.4938055465855,3791.7299068181846,372.0271814739112,1896.971087810707,942.7864932869846,2697.0720913546793,25598.325216611185,2.386710744318813e-12,53.34188237364309,94.93902707875391,67.08000048070858,386.52168979905423,457.1822048588341,235.61544229739576,392.8067412883923,2278.063354853188,234.88701545932443,1112.5494924409472,187.66702665455043,1674.3770347083876,1048.1602570043783,7904.158481717003,4.831683513148128e-09,43.09704572716471,136.68334626437405,22.777244682250785,83.70952399798037,7.319499496737076e-59,121.38518418772094,2144.551754632847,1330.9482746697583,541.7876080000868,1328.4276135930038,303.1113264092496,160133.21461063676,42156.722351390425,16127.349651014563,6056.478922169268,2720.5386717286647,1685.0745412300525,483.6436733149826,1345.2958340349273,851.7551941452753,256.2387827074484,637.3457834496403,421.6893040758056,164.17159200221565,487.40579962814434,273.84603981414233,387.6253705465046,113.4382496208816,337.0149082460104,212.9387985363188,147.59125642653194,174.43141674592704
2034-05-01,3200.633731445488,480.0950597168233,2720.5386717286647,0.00010031504555853584,9436.374045466491,60410.938902251604,2.031812473950288e-06,0.0008795298393756343,3046.8509984947596,7252.7674796781075,31715.725443767024,13488.319456031244,35328.929336809124,2.1359881980173453e-30,166.35253413021277,299.6478462744213,1221.681818504339,259.4344855990642,102.20040730588181,740.6831470694184,2397.3063490583336,1065.9944487578814,604.5592317991076,3786.74753017281,372.6325554988204,1892.558054705091,943.7690652791582,2701.290530508036,25838.482739278228,2.1789430345319485e-12,53.44351728393531,95.07374257167446,67.21887385343298,386.6411508353866,457.79393772221607,235.97152476756247,393.3458271940427,2275.237289500854,235.13668608308672,1110.2680176036167,187.89334076865455,1673.5694313659683,1049.8476234040395,7957.905772024177,4.4427150287106175e-09,43.06282454536882,136.604153418493,22.76425695591524,83.66451104901554,1.993950296362272e-59,121.25101009533772,2138.650415438647,1328.3382974027793,541.2854884310674,1325.351174949505,302.58897673746037,160679.90664437503,42393.340743940804,16179.346734978648,6043.561109028032,2720.5386717286647,1688.5552021251663,485.29143586519837,1348.059632984042,853.7724326517949,257.6688077818699,638.8163956089564,422.1229789040269,164.69633274083995,487.29200144985117,274.0980476492736,387.0116525522332,113.19816203885422,337.71104042503316,213.44310816294873,147.7430426164094,174.15524364850492
2034-06-01,3200.633731445488,480.0950597168233,2720.5386717286647,9.24736029117484e-05,9356.798822618948,60754.58214583205,1.8708373589189557e-06,0.0008170620694668673,3048.9470445737734,7233.58026718862,31663.99334610535,13560.880137159282,35602.68233246715,9.808470173591052e-31,166.67758987099296,300.1876298107486,1222.4353836264836,259.73901034731335,102.33062417452047,741.6600766817616,2392.3199677690272,1067.5273250662287,605.6473554160567,3782.3708868689228,373.25471860346744,1888.4598647456191,944.827983015682,2705.5525283747543,26076.255677754343,1.9728974629511914e-12,53.54983949177279,95.21897329113683,67.36309293518676,386.8199469758953,458.4603215444322,236.35271318013412,393.9292276385332,2272.828266107235,235.415932095473,1108.1886161478576,188.14172998301345,1672.9391666710003,1051.5631033481102,8011.077590456787,4.085592060925086e-09,43.03425594053064,136.5423684134901,22.754156758562836,83.63004447599685,5.41687903929223e-60,121.13369369578601,2132.967272340188,1325.9135973668613,540.8557166826956,1322.4419804826427,302.10397691462146,161221.46500735168,42629.246622125924,16231.84851986657,6031.377063075462,2720.5386717286647,1692.0565038109835,486.92380494106,1350.844161700133,855.8435785328435,259.09470498217206,640.3293244888462,422.60117385603417,165.22636574489408,487.2363451913458,274.3799362876175,386.4485411512514,112.97184999266602,338.4113007621966,213.96089463321087,147.91041084961194,173.90184351806312
2034-07-01,3200.633731445488,480.0950597168233,2720.5386717286647,8.523877180616119e-05,9278.970408497178,61094.82306996074,1.72261314803551e-06,0.0007590201807529484,3051.008448485699,7215.145640853953,31613.26999471682,13632.287006571138,35872.382976945075,4.4887558101278215e-31,167.00707737685232,300.7378936683424,1223.2877805939386,260.06014598188443,102.46701345695139,742.6806676697796,2387.66536143428,1069.117889085082,606.7566683697194,3778.5758189523353,373.8926292318461,1884.6666806696269,945.9583917264108,2709.8587919758766,26311.676626867604,1.7664806091185318e-12,53.660633008539705,95.37423719574463,67.51241394938923,387.0556200698604,459.1786379079193,236.75785315430295,394.55491623195763,2270.82323157409,235.72343060819813,1106.3062427313691,188.4112377200888,1672.4844692561312,1053.3086401454498,8063.695558090666,3.7576312781588216e-09,43.01121524077182,136.49759054754142,22.746878233085845,83.60588348387846,1.467546153717324e-60,121.03286163600187,2127.502602610779,1323.6714862216343,540.4967348660775,1319.6987911624697,301.65604937734025,161757.88839201216,42864.40943706053,16284.84712164371,6019.920093383337,2720.5386717286647,1695.5745163367255,488.54077073145027,1353.645203048787,857.9661051643483,260.5162829498213,641.8826838996326,423.12247729678785,165.76160482570552,487.2374606396105,274.69076300642223,385.9352453473832,112.7591849843504,339.114903267345,214.49152629108707,148.09286705387575,173.67086040632242
2034-08-01,3200.633731445488,480.0950597168233,2720.5386717286647,7.856414387208444e-05,9202.854249317348,61431.686462196434,1.5861296503109989e-06,0.0007050915593525735,3053.03351486686,7197.435772013795,31563.541637720213,13702.55383059557,36138.07242491066,2.0473296634447933e-31,167.3405593291697,301.29788549601176,1224.234734194758,260.3970225705957,102.60923756876674,743.7424655780408,2383.3329317867156,1070.7626790670301,607.8856544784021,3775.3386758882075,374.5452547831444,1881.168766632248,947.1555918692316,2714.209732461034,26544.777009533213,1.6183772492418591e-12,53.775690225184555,95.53907225625295,67.66660069985977,387.3457956165126,459.94629901050524,237.18583832330663,395.2209503920326,2269.2093643637763,236.05791115606752,1104.6158846948156,188.70094214486755,1672.2033872823813,1055.085976893745,8115.78051507477,3.4564076819893173e-09,42.9935787508161,136.46942368775768,22.74235621951558,83.59178984626183,3.9650448526581984e-61,120.94814392373927,2122.256469853867,1321.6092134106764,540.2069942327716,1317.1202454463755,301.2448797360182,162289.17867686274,43098.79820123657,16338.33422813408,6009.183095111256,2720.5386717286647,1699.1060527668621,490.14233411125554,1356.4596130693806,860.1375011613479,261.93334773199837,643.4745788732612,423.6855127196746,166.3019596632165,487.2939951839729,275.0296102429121,385.4709625625044,112.56003089355099,339.82121055337234,215.03437529033698,148.2899294518861,173.46193315312695
2034-09-01,3200.633731445488,480.0950597168233,2720.5386717286647,7.240681892410974e-05,9128.41639073728,61765.197265882896,1.4604568528580073e-06,0.0006549855866427615,3055.020835222341,7180.42386220686,31514.79460243671,13771.69443346966,36399.792325522394,9.306816150231962e-32,167.6776040026906,301.86686241045,1225.272045280174,260.7487896645055,102.75696683822207,744.843076259498,2379.3132090806444,1072.4583229938817,609.032816833387,3772.6363727743496,375.21158392994283,1877.9565176633985,948.4150663688877,2718.6055151174414,26775.58730119172,1.4552652845883915e-12,53.89481075498067,95.71303475654547,67.8254231173718,387.6881788212747,460.76083545378776,237.63560598433835,395.92546445055393,2267.9740732185323,236.4181521212892,1103.1125647317813,189.00995379026648,1672.0937994557396,1056.8966636829964,8167.35252220524,3.179687246773099e-09,42.98122385567424,136.4574764286324,22.740526286033855,83.58752800804812,1.068375596299514e-61,120.87917419536811,2117.2287346986795,1319.7239739218649,539.9849567830003,1314.7048684797346,300.87012004533824,162815.34044433103,43332.38205040919,16392.3010825447,5999.158582705554,2720.5386717286647,1702.6483994718694,491.72850478850717,1359.2848422134898,862.3552868287754,263.3457062120894,645.1031258710109,424.2889358342017,166.84733562618766,487.4046126771659,275.3955832677885,385.05488048592645,112.37424459694071,340.5296798943738,215.58882170719386,148.5011275419706,173.2746962186669
2034-10-01,3200.633731445488,480.0950597168233,2720.5386717286647,6.672714332026279e-05,9055.62346148989,62095.38053525195,1.3447384428019572e-06,0.0006084320990206027,3056.969248078056,7164.084081028774,31467.015252905087,13839.722668709186,36657.584718496866,4.2167724980953825e-32,168.01779534830055,302.4440992166069,1226.395604069456,261.1146195253768,102.90988082045696,745.9801754698608,2375.5968684027093,1074.2015535887988,610.1966941702168,3770.446422811762,375.8906337053064,1875.0204787166213,949.7324932923107,2723.0460943105063,27004.137163247204,1.3385853641293604e-12,54.01780062335631,95.895697902003,67.98865651883376,388.08055119693034,461.61988624502834,238.10613358454125,396.6666639743684,2267.1049970858285,236.80297771107348,1101.791343954581,189.33741360373702,1672.1534265521743,1058.7420653684956,8218.430867381221,2.925496510701807e-09,42.974029090195415,136.4613621258203,22.741324738871473,83.5928651090172,2.870946361625595e-62,120.82558990780085,2112.419064929139,1318.0129152712634,539.8290964675803,1312.4510806289165,300.5313918011306,163336.38064246377,43565.13057669549,16446.738481702174,5989.838720072661,2720.5386717286647,1706.1991735216664,493.2993000742104,1362.1187195774955,864.617025144229,264.7531681469648,646.7664651215816,424.9314322210539,167.3976337430542,487.5679925594907,275.78780829223115,384.6861786620081,112.20167653037583,341.2398347043332,216.15425628605726,148.72600127736885,173.10878039790362
2034-11-01,3200.633731445488,480.0950597168233,2720.5386717286647,6.148846740133769e-05,8984.442660471104,62422.2614023169,1.238185873678967e-06,0.0005651799552223648,3058.877808206661,7148.3915164827,31420.18996691227,13906.652397583532,36911.49195153447,1.9043145319534056e-32,168.36073865122654,303.02889351961534,1227.6013985004433,261.4937090295116,103.06766906052901,747.1515143378768,2372.1747403381873,1075.9892167089,611.3758710464043,3768.7469555454622,376.5814537235308,1872.351357885968,951.1037506818068,2727.5312401260217,27230.455529513278,1.1973319623564991e-12,54.14447170427459,96.08665065995035,68.15608130152611,388.52076755577343,462.5211904907911,238.59643583615886,397.4428210039791,2266.590005681016,237.21125535141582,1100.6473251274765,189.68249130310227,1672.3798430988547,1060.6233696550564,8269.034075554318,2.6919328538079916e-09,42.971874183393915,136.4806988542313,22.744688619281444,83.60757096133293,7.694087837118148e-63,120.78703247084326,2107.826945106985,1316.4731438226256,539.7379000739556,1310.357205423597,300.2282886950118,163852.30833141424,43797.014038668756,16501.636784323695,5981.21534821395,2720.5386717286647,1709.7562387832763,494.8547439949167,1364.9593388173332,866.9203293900571,266.15554745400755,648.4627688581718,425.61171546069727,167.95275077595267,487.7828292077895,276.20543094368503,384.36402986344723,112.04217120305367,341.95124775665516,216.73008234751427,148.96410041124403,172.96381343855123
2034-12-01,3200.633731445488,480.0950597168233,2720.5386717286647,5.6656920616698205e-05,8914.841745948368,62745.86505127332,1.1400732403803318e-06,0.000524995703027981,3060.7457617784225,7133.322133282313,31374.305124719005,13972.497472159832,37161.5566119982,8.572157582825398e-33,168.70606339048192,303.6205689053229,1228.885519561279,261.88528077088466,103.2300315238666,748.354922354005,2369.037818206571,1077.818275766625,612.5689841741766,3767.516726315055,377.283128660329,1869.9400359481538,952.5249167528716,2732.060559879237,27454.57066591543,1.0956575167831852e-12,54.274641333431504,96.28549678212532,68.32748289062505,389.0067532985831,463.46258042249013,239.10556232217692,398.25227001332746,2266.4172003567764,237.64189340884354,1099.67565593441,190.0443839702516,1672.7704890038135,1062.541595332191,8319.179921279076,2.477261498133314e-09,42.974640084854535,136.515109326304,22.750555693586534,83.6314180044123,2.0564859910969803e-63,120.76314733382769,2103.4516857414305,1315.1017305367404,539.7098678723742,1308.421476974406,299.96037915382027,164363.13448395216,44028.00349812429,16556.985926348123,5973.280010724233,2720.5386717286647,1713.3176525773465,496.3948666134115,1367.804991026621,869.2628685210011,267.5526630500962,650.1902470425428,426.32852565051206,168.5125793676038,488.0478314743492,276.64761504945324,384.08760129271377,111.8955676713517,342.66353051546923,217.31571713025028,149.21498397767922,172.83942058172119
2035-01-01,3238.7662772938565,480.0950597168233,2720.5386717286647,5.2201203787479124e-05,8846.789026138546,63066.216697974574,1.0497319861415291e-06,0.00048766233926936985,3062.572525633652,7118.852736534826,31329.347105084344,14037.271721474848,37407.82146875153,3.8463405953178434e-33,169.05342428216994,304.2184768366004,1230.2441646341767,262.28858364300805,103.39667881101732,749.5883087556774,2366.177263036785,1079.6858135978714,613.7747261982994,3766.735119832126,377.9947795997844,1867.777573384358,953.9922671886186,2736.633516164346,27676.51021391322,9.641338788323674e-13,54.40813204720089,96.49185397268765,68.50265182071738,389.5365019368789,464.4419754850264,239.63259549087894,399.0934044480116,2266.574915070152,238.09383917746675,1098.871532197144,190.42231483250663,1673.3226810004446,1064.4976005510393,8368.88544323257,2.279993901949129e-09,42.98220897903212,136.5642207953739,22.758864440474582,83.66418125286525,5.4819676934957963e-64,120.7535840380805,2099.292432050038,1313.8957162295872,539.7435140847354,1306.6420469224029,299.7272086870905,164868.8718225056,44258.070909878064,16612.775441262726,5966.023977481961,2720.5386717286647,1716.8816296900484,497.919703485175,1370.6541220618774,871.6423709050026,268.9443394030984,651.9471513907508,427.0806282362098,169.07700823993838,488.36172238382545,277.11354167283287,383.8560556474758,111.76169997862291,343.3763259380096,217.91059272625066,149.47821988267341,172.7352250413641
2035-02-01,3238.7662772938565,485.81494159407856,2752.951335699778,4.809239624461888e-05,8781.460946910644,63393.426204507174,9.66610820966481e-07,0.0004529849684048299,3065.488533091967,7107.059841039313,31291.62330831565,14103.937823066253,37658.754671290786,1.7203798180527418e-33,169.4025011453536,304.8219976566823,1231.6736394532413,262.70289306320603,103.56733222517644,750.8496628236246,2363.584406959844,1081.5890326084893,614.9918476980497,3766.3821496045352,378.715564607328,1865.85521556113,955.5022705548729,2741.249442413558,27896.301223516315,8.687622555668127e-13,54.54477140915641,96.70535317374004,68.68138387475855,390.1080728028374,465.4573772790962,240.17664896110995,399.9646737324573,2267.051717308335,238.56607708406753,1098.2302009880532,190.81553219420567,1674.033623816785,1066.4920910644432,8418.166960228931,2.098641612783103e-09,42.99446429194342,136.62766496043162,22.769554038277025,83.70563824732989,1.457453717861645e-64,120.75799624467516,2095.3481723488335,1312.8521164052465,539.8373672264471,1305.01699096861,299.5283020625648,165401.75183026577,44487.18917989141,16668.994483917977,5959.438266796457,2752.951335699778,1720.5450883341532,499.5262396054679,1373.5053037520388,874.0566268495567,270.33040688913854,653.7317781787519,427.8668130944919,169.6459224290063,488.72323895964803,277.60240835353636,383.6685520791293,111.64039756602169,344.10901766683054,218.51415671238917,149.75338458307215,172.65084843560817
2035-03-01,3238.7662772938565,485.81494159407856,2752.951335699778,4.430377673513679e-05,8717.609374188882,63717.38376115143,8.900715541354095e-07,0.00042076864480357676,3068.3451616608427,7095.795758649735,31254.742844050357,14169.540031224291,37905.91651210353,7.670656664107577e-34,169.75456140896983,305.4321720972921,1233.1733702787058,263.1283102642001,103.74205633384952,752.1395457330111,2361.254290729618,1083.529229977057,616.2224215921242,3766.446841290412,379.44632545180224,1864.167760507389,957.0561826441121,2745.9125969712986,28114.003961604285,8.016197334293501e-13,54.68439189556255,96.92563794616817,68.86348023334251,390.71958891279223,466.5068651904948,240.73686607636074,400.86458065940406,2267.836408879144,239.0576270742335,1097.7469635999544,191.22330848952944,1674.9004210075952,1068.5256283717654,8467.040088359801,1.9318916197323734e-09,43.01129069362778,136.7050778821079,22.78256435388859,83.75556901376947,3.864613600599083e-65,120.77604174506648,2091.617746103893,1311.9679257185749,539.9899703609586,1303.544315024779,299.36316532696145,165929.33390899154,44715.409626884124,16725.63185669615,5953.513666225559,2752.951335699778,1724.2523335101237,501.11692346385394,1376.4360706673226,876.5044528342961,271.71117084030976,655.5424701371675,428.6858938144862,170.21920354451117,489.1311321549409,278.1134285114197,383.52424706740334,111.53148565843672,344.8504667020247,219.12611320857403,150.04006283507016,172.5859111803315
2035-04-01,3238.7662772938565,485.81494159407856,2752.951335699778,4.081065897332474e-05,8655.203249950562,64038.11145144783,8.195928058811298e-07,0.0003908391348093312,3071.1401860584333,7085.036531878869,31218.686487040046,14234.090199624965,38149.344952861196,3.4094527534832298e-34,170.10985581272104,306.04907770658616,1234.7411675602511,263.5644995900368,103.92073289356944,753.4571451009825,2359.180134742025,1085.5054858218357,617.4665957289039,3766.9140475846093,380.18696043443333,1862.7082886531264,958.6526714785424,2750.624279414497,28329.659288673916,7.555735845237565e-13,54.826840692906686,97.15237423016488,69.04876618115097,391.3692611939953,467.58865365829365,241.31244602559818,401.7917203702186,2268.9181322933387,239.56756395095152,1097.41722078019,191.64495673797921,1675.9201490776359,1070.5986801430543,8515.519972343685,1.7785623641219414e-09,43.03257409882566,136.7960999150843,22.797835934211477,83.813756033862,1.0220584840794279e-65,120.80738246059549,2088.0998516717345,1311.2401221134498,540.1998812975561,1302.2219610205389,299.2312876868646,166451.61349133129,44942.74023119603,16782.676737679165,5948.240752234501,2752.951335699778,1727.9800469704105,502.6917063896419,1379.401866808099,878.9845869633443,273.0866755328401,657.3783396257221,429.53672148619245,170.79673715651478,489.58416686648786,278.645830979416,383.4222952287539,111.43478562879064,345.59600939408205,219.74614674083608,150.33785252016736,172.54003285293925
2035-05-01,3238.7662772938565,485.81494159407856,2752.951335699778,3.759023833025939e-05,8594.212331752116,64355.63226028744,7.546942715326047e-07,0.0003630345049106984,3073.872200176457,7074.759952811572,31183.436772319696,14297.600674650736,38389.07948281621,1.510750664210305e-34,170.46822505907352,306.6724077645868,1236.3742436032385,264.0109606967354,104.10317438590397,754.801127050248,2357.3545219177804,1087.5160303032337,618.7237501889434,3767.7672708335203,380.9369975387942,1861.4692941580154,960.2894287781648,2755.3845315854514,28543.29988986918,6.63698665565022e-13,54.97197700216809,97.38524769171731,69.23708483702688,392.0553817168394,468.7010747918521,241.90263683521502,402.74476969451484,2270.2863527042077,240.09501192127945,1097.2364681290412,192.07982631029432,1677.0898567396282,1072.7116208590091,8563.621269688028,1.637567844424444e-09,43.058201805484984,136.90037630750854,22.815310108564507,83.87998465306931,2.695932911140454e-66,120.85168471953601,2084.7930552575076,1310.6656726647338,540.4656742173443,1301.0478138594756,299.13214371744135,166968.59407619364,45169.17185373287,16840.118578920825,5943.609917312303,2752.951335699778,1731.720164022422,504.25058681498143,1382.3840375763284,881.4955534624944,274.456861577003,659.2384402225082,430.4181871956993,171.37841178514904,490.08113134183975,279.1988689660251,383.3618507605991,111.35011550343829,346.34403280448436,220.3738883656236,150.64636551849475,172.51283284226957
2035-06-01,3238.7662772938565,485.81494159407856,2752.951335699778,3.462145016477879e-05,8534.607053088117,64669.96964402678,6.949341189675238e-07,0.0003372042546294567,3076.5402983639165,7064.945088947149,31148.97722304432,14360.084039684307,38625.16040361522,6.673731012778898e-35,170.82938972848578,307.30174499442825,1238.0696904320623,264.46715639620675,104.28917735234597,756.1700364987993,2355.769952999586,1089.5588863077835,619.9930443897608,3768.9899840980684,381.69586453615216,1860.4432164807376,961.9639277070742,2760.1929415084746,28754.95555383532,5.962206464312543e-13,55.11966812609459,97.62395971999975,69.42828905552757,392.77631338387505,469.84255322542526,242.50672478802628,403.7224710763071,2271.930824857211,240.63913639133818,1097.2002853922706,192.52729638483356,1678.406554873139,1074.8647263393298,8611.358105475825,1.5078899400543478e-09,43.088062650732056,137.01755784744324,22.83492909875018,83.95404351142359,7.092695513541293e-67,120.90861957578781,2081.695799905892,1310.2415394710572,540.7859414895914,1300.0197083450082,299.06519552510565,167480.28412329048,45394.69056726529,16897.9469090892,5939.611397422299,2752.951335699778,1735.4677059005144,505.7935827024661,1385.3761312179377,884.0357772139894,275.8216404715304,661.1216650968709,431.3292180312045,171.96411689728572,490.6208395955341,279.77182167720457,383.3420690108208,111.27729047471762,347.0935411801028,221.00894430349734,150.96522631092157,172.50393105486935
2035-07-01,3238.7662772938565,485.81494159407856,2752.951335699778,3.188483867951546e-05,8476.358460837182,64981.14734629325,6.399052655838043e-07,0.00031320851139397956,3079.143933792484,7055.572068724446,31115.292029983837,14421.553004608479,38857.62851325933,2.9391648463817334e-35,171.1930191451852,307.93662085717807,1239.8245765449387,264.93253868396545,104.47853328117934,757.5623789652374,2354.4189582026506,1091.632001778021,621.2735354717375,3770.5658922787416,382.46294582645953,1859.6225482758116,963.6735808060818,2765.0488131934276,28964.654239503558,5.482228543987875e-13,55.26978714518983,97.86822487914301,69.62223701585634,393.53048307920915,471.01159005710855,243.12402774736597,404.72362229922027,2273.841573063645,241.199138613354,1097.304330849042,192.98677176645225,1679.867213980482,1077.0581733404938,8658.744053576347,1.388619320107324e-09,43.12204711895987,137.1473012440882,22.856636084752285,84.0357247924524,1.8611768251048007e-67,120.97786303745063,2078.806413854139,1309.9646847106276,541.159294994841,1299.1354354276964,299.0298946648812,167986.69570323225,45619.28018281417,16956.15122741291,5936.235295931277,2752.951335699778,1739.2190308904298,507.3207248675446,1388.3741647204115,886.603639198224,277.1809099733024,663.026832910492,432.26877276738645,172.55374181940272,491.20212967623434,280.3639917202829,383.3621078197584,111.21612334749804,347.8438061780859,221.650909799556,151.29407046858526,172.51294851889128
2035-08-01,3238.7662772938565,485.81494159407856,2752.951335699778,2.9362435342954012e-05,8419.43817894892,65289.18929746039,5.892331903162731e-07,0.0002909172827957298,3081.682837907101,7046.621956216801,31082.365884444862,14482.02034491124,39086.52492695827,1.2905351822259595e-35,171.55876391282123,308.57654250775954,1241.6359880568873,265.406559851419,104.67103326794076,758.9766556205223,2353.294144471559,1093.7333068707644,622.5642320703039,3772.479038670229,383.2376076005648,1858.999881508813,965.4158084439391,2769.9512440786243,29172.42253572999,5.150056953073238e-13,55.422211460399154,98.11776912732338,69.81878985444098,394.3163765907326,472.2067516791585,243.75389054794502,405.74706926662674,2276.0088775076956,241.77425182239864,1097.5443381227599,193.45767993300828,1681.4687651306397,1079.2920415414708,8705.79213083587,1.278926512004393e-09,43.160047401793534,137.28926926539643,22.880375229678684,84.12482430900289,4.8712808004688696e-68,121.0590962016259,2076.12311822252,1309.8320748661745,541.5843669427541,1298.3927477679292,299.02568381731925,168487.84374771654,45842.923342662136,17014.72094342047,5933.4716040254725,2752.951335699778,1742.9712373846237,508.8320538308824,1391.3752247123439,889.1975041068116,278.5345607575678,664.952729398668,433.235838276777,173.14717511433128,491.82386159966836,280.9747022988012,383.4211285860082,111.16642491946371,348.59424747692464,222.2993760267029,151.63254339687194,172.53950786370368
2035-09-01,3238.7662772938565,485.81494159407856,2752.951335699778,2.703764691927694e-05,8363.818383903497,65594.11955175128,5.42572719056183e-07,0.0002702097609307431,3084.1569677839357,7038.076666325947,31050.183879732995,14541.498863194704,39311.8909602186,5.64959732395097e-36,171.92627405919225,309.22100806991864,1243.501050557012,265.88867840642905,104.8664705056486,760.4113820305848,2352.388220521333,1095.860744789464,623.8641247707365,3774.713857951169,384.01921178382867,1858.5679321030645,967.1880754662706,2774.899170414739,29378.285913541087,4.926182795153557e-13,55.576821836135025,98.37232847050161,70.01781044290942,395.13253450278074,473.42666143957433,244.395681560235,406.7917005100679,2278.4232637357213,242.3637382089694,1097.91611415827,193.93946876484122,1683.208102506075,1081.566316651445,8752.514797885746,1.177977365164334e-09,43.201957420601225,137.44313070459958,22.90609167604541,84.22114147742396,1.271695018722978e-68,121.15200531352535,2073.644034123277,1309.8406842609133,542.0598102861841,1297.789364709332,299.0519982606554,168983.74557070094,46065.602114970476,17073.645340673273,5931.310218233734,2752.951335699778,1746.721894739042,510.32761797630786,1394.376989907699,891.8157375517093,279.8824800476447,666.8981280801087,434.22942662476964,173.74430420252978,492.4849156022095,281.60329487990504,383.51829708726183,111.12800430668614,349.3443789478083,222.95393438792732,151.98029931866935,172.58323368926781
2035-10-01,3238.7662772938565,485.81494159407856,2752.951335699778,2.489515130209393e-05,8309.47178635321,65895.96224419355,4.996062979531789e-07,0.000250973675864231,3086.566468496625,7029.91890160274,31018.731448349794,14600.001362571189,39533.76804526675,2.4659129556465032e-36,172.29520967963975,309.8695162844254,1245.416942117026,266.3783626033209,105.06464177423355,761.8650993717712,2351.694011737007,1098.0122904083184,625.1722053425668,3777.2552046277087,384.8071247023659,1858.3195546836214,968.9879128503123,2779.8913978680803,29582.268885000034,4.1595580363598015e-13,55.73350178035797,98.6316479164604,70.21916286594977,395.97754874986526,474.6699932735821,245.04879006463895,407.85644289215827,2281.075494145162,242.96688646901765,1098.4155378961188,194.4316047420886,1685.0820868483659,1083.8808941613117,8798.923964143803,1.0850532634910286e-09,43.247672821435906,137.60856023751347,22.933731523723758,84.32447922294662,3.3114032073005903e-69,121.2562817669922,2071.3671892631314,1309.9874980302552,542.5842988268803,1297.3229767489363,299.1082671697665,169474.42053320227,46287.29835905043,17132.913555948882,5929.740955612667,2752.951335699778,1750.468900868196,511.80747233026227,1397.3775157912337,894.4567178630705,281.22455384822166,668.8618031637819,435.24857274667073,174.3450151415049,493.18419070409425,282.24912730610026,383.65278410020403,111.10066922495865,350.0937801736391,223.61417946576762,152.33700046133475,172.6437528450918
2035-11-01,3238.7662772938565,485.81494159407856,2752.951335699778,2.2920801111297106e-05,8256.371616367569,66194.74155922703,4.6004135627988825e-07,0.00023310469430824768,3088.9116444954566,7022.132101954037,30987.994319794096,14657.540627087825,39752.197667428445,1.0731519904127378e-36,172.6652471117348,310.52157296070266,1247.3809015313293,266.8750926806997,105.2653483881373,763.3363815677926,2351.204469632511,1100.185962245491,626.4874796061475,3780.0883682800936,385.60072282549646,1858.247751936139,970.8129310539833,2784.926624077601,29784.395112850296,3.5847628919853696e-13,55.89213716186019,98.89548065291699,70.42271232279356,396.8500596646104,475.93546680039043,245.71262422744095,408.9402582022281,2283.9565608573234,243.58300978805482,1099.038559401227,194.93357149056519,1687.0875494388613,1086.2355834881805,8845.030995722478,9.995845632643887e-10,43.297090950737335,137.78523821817907,22.96324179748553,84.43464384832271,8.600731862142088e-70,121.37162206122392,2069.290524103959,1310.2695146329274,543.1565270946559,1296.991249577307,299.1939147684967,169959.88979284,46507.99396674815,17192.514569218933,5928.753567054295,2752.951335699778,1754.2103983784639,513.2716776836116,1400.375120694557,897.1188445736144,282.5606684232103,670.8425383973029,436.292332611145,174.94919251610833,493.9206035404482,282.911572285336,383.8237658631761,111.08422623564451,350.8420796756927,224.2797111434036,152.70231641390075,172.72069463842922
2035-12-01,3238.7662772938565,485.81494159407856,2752.951335699778,2.1101534859304853e-05,8204.491610942929,66490.48170670151,4.2360864814141934e-07,0.00021650586065281836,3091.1929368553474,7014.700402673814,30957.958491112142,14714.129406649168,39967.22131447487,4.656701571350576e-37,173.0360822669702,311.1766954087137,1249.3902336978695,267.37836232270615,105.46839681777455,764.823839969961,2350.9126780580727,1102.3798304066331,627.8089762791169,3783.1990809280223,386.39939670398013,1858.345680694496,972.6608282587115,2790.003456306346,29984.68749135029,3.168693636514968e-13,56.05261599554582,99.16358739886627,70.62832527147366,397.7487534136256,477.2218435405667,246.3866095389544,410.04214044400186,2287.0576795975703,244.21144416547082,1099.7811992989373,195.44486859821723,1689.2212963943152,1088.630112358599,8890.846725440126,9.209270449144772e-10,43.350110818579296,137.9728504474496,22.994570409923824,84.55144488833564,2.2282191626967304e-70,121.49772772618442,2067.4118976370164,1310.6837479874403,543.7752100683192,1296.7918277506615,299.30836135768834,170440.17610744078,46727.67102946967,17252.43720145627,5928.3377490925195,2752.951335699778,1757.9447211774263,514.7202999215638,1403.3683187027711,899.8005446618491,283.89071131941523,672.8391334302108,437.35978178339764,175.55671940947673,494.69308742199115,283.59001619724427,384.03042442054806,111.07848096321722,351.5889442354852,224.95013616546228,153.07592362418916,172.8136909892466
