Date,1L_Legacy-ASCT,1L_VRd-ASCT,1L_D-VRd-ASCT,1L_MP-legacy,1L_VMP,1L_Rd,1L_VRd,1L_DRd,1L_Isa-VRd,1L_D-VRd,2L_Legacy-salvage,2L_Vd,2L_Rd,2L_KRd,2L_Ixa-Rd,2L_Elo-Rd,2L_Kd,2L_DRd,2L_DVd,2L_PVd,2L_DKd,2L_SVd,2L_Isa-Kd,2L_DPd,2L_Cilta-cel,2L_Tec-Dara,3L_Legacy-salvage,3L_Vd,3L_Rd,3L_Pd,3L_Kd,3L_DPd,3L_Elo-Pd,3L_Isa-Pd,3L_DKd,3L_SVd,3L_Isa-Kd,3L_Ide-cel,3L_Cilta-cel,3L_BVd,3L_Tec-Dara,4L+_Legacy-salvage,4L+_Vd,4L+_Pd,4L+_Dara,4L+_Sd,4L+_Belamaf,4L+_Ide-cel,4L+_Cilta-cel,4L+_Teclistamab,4L+_Talquetamab,4L+_Elranatamab,4L+_Linvoseltamab
1999-01-01,364.3889083333333,0.0,0.0,676.7222583333333,0.0,0.0,0.0,0.0,0.0,0.0,759.4099193929859,0.0,0.0,0.0,0.0,0.0,0.0,0.0,0.0,0.0,0.0,0.0,0.0,0.0,0.0,0.0,553.729707866337,0.0,0.0,0.0,0.0,0.0,0.0,0.0,0.0,0.0,0.0,0.0,0.0,0.0,0.0,707.2616498631721,0.0,0.0,0.0,0.0,0.0,0.0,0.0,0.0,0.0,0.0,0.0
1999-02-01,371.8254166666666,0.0,0.0,690.5329166666667,0.0,0.0,0.0,0.0,0.0,0.0,760.4887949660166,0.0,0.0,0.0,0.0,0.0,0.0,0.0,0.0,0.0,0.0,0.0,0.0,0.0,0.0,0.0,554.6334049100523,0.0,0.0,0.0,0.0,0.0,0.0,0.0,0.0,0.0,0.0,0.0,0.0,0.0,0.0,708.4671920803787,0.0,0.0,0.0,0.0,0.0,0.0,0.0,0.0,0.0,0.0,0.0
1999-03-01,371.8254166666666,0.0,0.0,690.5329166666667,0.0,0.0,0.0,0.0,0.0,0.0,761.8117409862953,0.0,0.0,0.0,0.0,0.0,0.0,0.0,0.0,0.0,0.0,0.0,0.0,0.0,0.0,0.0,555.5116842039924,0.0,0.0,0.0,0.0,0.0,0.0,0.0,0.0,0.0,0.0,0.0,0.0,0.0,0.0,709.6705601563715,0.0,0.0,0.0,0.0,0.0,0.0,0.0,0.0,0.0,0.0,0.0
1999-04-01,371.8254166666666,0.0,0.0,690.5329166666667,0.0,0.0,0.0,0.0,0.0,0.0,763.2136479033907,0.0,0.0,0.0,0.0,0.0,0.0,0.0,0.0,0.0,0.0,0.0,0.0,0.0,0.0,0.0,556.3956982957147,0.0,0.0,0.0,0.0,0.0,0.0,0.0,0.0,0.0,0.0,0.0,0.0,0.0,0.0,710.8682100537565,0.0,0.0,0.0,0.0,0.0,0.0,0.0,0.0,0.0,0.0,0.0
1999-05-01,371.8254166666666,0.0,0.0,690.5329166666667,0.0,0.0,0.0,0.0,0.0,0.0,764.6266832188585,0.0,0.0,0.0,0.0,0.0,0.0,0.0,0.0,0.0,0.0,0.0,0.0,0.0,0.0,0.0,557.3042447719038,0.0,0.0,0.0,0.0,0.0,0.0,0.0,0.0,0.0,0.0,0.0,0.0,0.0,0.0,712.0599101736158,0.0,0.0,0.0,0.0,0.0,0.0,0.0,0.0,0.0,0.0,0.0
1999-06-01,371.8254166666666,0.0,0.0,690.5329166666667,0.0,0.0,0.0,0.0,0.0,0.0,766.0290539128678,0.0,0.0,0.0,0.0,0.0,0.0,0.0,0.0,0.0,0.0,0.0,0.0,0.0,0.0,0.0,558.2409361429973,0.0,0.0,0.0,0.0,0.0,0.0,0.0,0.0,0.0,0.0,0.0,0.0,0.0,0.0,713.2484463049368,0.0,0.0,0.0,0.0,0.0,0.0,0.0,0.0,0.0,0.0,0.0
1999-07-01,371.8254166666666,0.0,0.0,690.5329166666667,0.0,0.0,0.0,0.0,0.0,0.0,767.4086919134708,0.0,0.0,0.0,0.0,0.0,0.0,0.0,0.0,0.0,0.0,0.0,0.0,0.0,0.0,0.0,559.2016922984988,0.0,0.0,0.0,0.0,0.0,0.0,0.0,0.0,0.0,0.0,0.0,0.0,0.0,0.0,714.4377592513497,0.0,0.0,0.0,0.0,0.0,0.0,0.0,0.0,0.0,0.0,0.0
1999-08-01,371.8254166666666,0.0,0.0,690.5329166666667,0.0,0.0,0.0,0.0,0.0,0.0,768.7579009898508,0.0,0.0,0.0,0.0,0.0,0.0,0.0,0.0,0.0,0.0,0.0,0.0,0.0,0.0,0.0,560.1790341997355,0.0,0.0,0.0,0.0,0.0,0.0,0.0,0.0,0.0,0.0,0.0,0.0,0.0,0.0,715.6315083308916,0.0,0.0,0.0,0.0,0.0,0.0,0.0,0.0,0.0,0.0,0.0
1999-09-01,371.8254166666666,0.0,0.0,690.5329166666667,0.0,0.0,0.0,0.0,0.0,0.0,770.0714790589024,0.0,0.0,0.0,0.0,0.0,0.0,0.0,0.0,0.0,0.0,0.0,0.0,0.0,0.0,0.0,561.1644301118583,0.0,0.0,0.0,0.0,0.0,0.0,0.0,0.0,0.0,0.0,0.0,0.0,0.0,0.0,716.8322771692508,0.0,0.0,0.0,0.0,0.0,0.0,0.0,0.0,0.0,0.0,0.0
1999-10-01,371.8254166666666,0.0,0.0,690.5329166666667,0.0,0.0,0.0,0.0,0.0,0.0,771.3458430691808,0.0,0.0,0.0,0.0,0.0,0.0,0.0,0.0,0.0,0.0,0.0,0.0,0.0,0.0,0.0,562.1495900796081,0.0,0.0,0.0,0.0,0.0,0.0,0.0,0.0,0.0,0.0,0.0,0.0,0.0,0.0,718.0412616944338,0.0,0.0,0.0,0.0,0.0,0.0,0.0,0.0,0.0,0.0,0.0
1999-11-01,371.8254166666666,0.0,0.0,690.5329166666667,0.0,0.0,0.0,0.0,0.0,0.0,772.5785476213691,0.0,0.0,0.0,0.0,0.0,0.0,0.0,0.0,0.0,0.0,0.0,0.0,0.0,0.0,0.0,563.1271159363163,0.0,0.0,0.0,0.0,0.0,0.0,0.0,0.0,0.0,0.0,0.0,0.0,0.0,0.0,719.2582716134041,0.0,0.0,0.0,0.0,0.0,0.0,0.0,0.0,0.0,0.0,0.0
1999-12-01,371.8254166666666,0.0,0.0,690.5329166666667,0.0,0.0,0.0,0.0,0.0,0.0,773.767988881859,0.0,0.0,0.0,0.0,0.0,0.0,0.0,0.0,0.0,0.0,0.0,0.0,0.0,0.0,0.0,564.0907599813954,0.0,0.0,0.0,0.0,0.0,0.0,0.0,0.0,0.0,0.0,0.0,0.0,0.0,0.0,720.4819098099363,0.0,0.0,0.0,0.0,0.0,0.0,0.0,0.0,0.0,0.0,0.0
2000-01-01,371.8254166666666,0.0,0.0,690.5329166666667,0.0,0.0,0.0,0.0,0.0,0.0,774.9132071725744,0.0,0.0,0.0,0.0,0.0,0.0,0.0,0.0,0.0,0.0,0.0,0.0,0.0,0.0,0.0,565.0354583484923,0.0,0.0,0.0,0.0,0.0,0.0,0.0,0.0,0.0,0.0,0.0,0.0,0.0,0.0,721.709832249087,0.0,0.0,0.0,0.0,0.0,0.0,0.0,0.0,0.0,0.0,0.0
2000-02-01,392.2041666666666,0.0,0.0,728.3791666666666,0.0,0.0,0.0,0.0,0.0,0.0,776.0137471658659,0.0,0.0,0.0,0.0,0.0,0.0,0.0,0.0,0.0,0.0,0.0,0.0,0.0,0.0,0.0,565.9572462200703,0.0,0.0,0.0,0.0,0.0,0.0,0.0,0.0,0.0,0.0,0.0,0.0,0.0,0.0,722.9390249717039,0.0,0.0,0.0,0.0,0.0,0.0,0.0,0.0,0.0,0.0,0.0
2000-03-01,392.2041666666666,0.0,0.0,728.3791666666666,0.0,0.0,0.0,0.0,0.0,0.0,777.8585933679603,0.0,0.0,0.0,0.0,0.0,0.0,0.0,0.0,0.0,0.0,0.0,0.0,0.0,0.0,0.0,566.8531211583116,0.0,0.0,0.0,0.0,0.0,0.0,0.0,0.0,0.0,0.0,0.0,0.0,0.0,0.0,724.1660612591763,0.0,0.0,0.0,0.0,0.0,0.0,0.0,0.0,0.0,0.0,0.0
2000-04-01,392.2041666666666,0.0,0.0,728.3791666666666,0.0,0.0,0.0,0.0,0.0,0.0,779.994832033517,0.0,0.0,0.0,0.0,0.0,0.0,0.0,0.0,0.0,0.0,0.0,0.0,0.0,0.0,0.0,567.8121398995308,0.0,0.0,0.0,0.0,0.0,0.0,0.0,0.0,0.0,0.0,0.0,0.0,0.0,0.0,725.3873208038484,0.0,0.0,0.0,0.0,0.0,0.0,0.0,0.0,0.0,0.0,0.0
2000-05-01,392.2041666666666,0.0,0.0,728.3791666666666,0.0,0.0,0.0,0.0,0.0,0.0,782.2356891741344,0.0,0.0,0.0,0.0,0.0,0.0,0.0,0.0,0.0,0.0,0.0,0.0,0.0,0.0,0.0,568.8883738788331,0.0,0.0,0.0,0.0,0.0,0.0,0.0,0.0,0.0,0.0,0.0,0.0,0.0,0.0,726.6082922664258,0.0,0.0,0.0,0.0,0.0,0.0,0.0,0.0,0.0,0.0,0.0
2000-06-01,392.2041666666666,0.0,0.0,728.3791666666666,0.0,0.0,0.0,0.0,0.0,0.0,784.5202062859357,0.0,0.0,0.0,0.0,0.0,0.0,0.0,0.0,0.0,0.0,0.0,0.0,0.0,0.0,0.0,570.0933667272689,0.0,0.0,0.0,0.0,0.0,0.0,0.0,0.0,0.0,0.0,0.0,0.0,0.0,0.0,727.8425415553912,0.0,0.0,0.0,0.0,0.0,0.0,0.0,0.0,0.0,0.0,0.0
2000-07-01,392.2041666666666,0.0,0.0,728.3791666666666,0.0,0.0,0.0,0.0,0.0,0.0,786.8137952171248,0.0,0.0,0.0,0.0,0.0,0.0,0.0,0.0,0.0,0.0,0.0,0.0,0.0,0.0,0.0,571.4168467901878,0.0,0.0,0.0,0.0,0.0,0.0,0.0,0.0,0.0,0.0,0.0,0.0,0.0,0.0,729.1064490058666,0.0,0.0,0.0,0.0,0.0,0.0,0.0,0.0,0.0,0.0,0.0
2000-08-01,392.2041666666666,0.0,0.0,728.3791666666666,0.0,0.0,0.0,0.0,0.0,0.0,789.0936266930389,0.0,0.0,0.0,0.0,0.0,0.0,0.0,0.0,0.0,0.0,0.0,0.0,0.0,0.0,0.0,572.8386422307634,0.0,0.0,0.0,0.0,0.0,0.0,0.0,0.0,0.0,0.0,0.0,0.0,0.0,0.0,730.4151668916031,0.0,0.0,0.0,0.0,0.0,0.0,0.0,0.0,0.0,0.0,0.0
2000-09-01,392.2041666666666,0.0,0.0,728.3791666666666,0.0,0.0,0.0,0.0,0.0,0.0,791.3435332634448,0.0,0.0,0.0,0.0,0.0,0.0,0.0,0.0,0.0,0.0,0.0,0.0,0.0,0.0,0.0,574.3352313552639,0.0,0.0,0.0,0.0,0.0,0.0,0.0,0.0,0.0,0.0,0.0,0.0,0.0,0.0,731.7803794899163,0.0,0.0,0.0,0.0,0.0,0.0,0.0,0.0,0.0,0.0,0.0
2000-10-01,392.2041666666666,0.0,0.0,728.3791666666666,0.0,0.0,0.0,0.0,0.0,0.0,793.551652008609,0.0,0.0,0.0,0.0,0.0,0.0,0.0,0.0,0.0,0.0,0.0,0.0,0.0,0.0,0.0,575.8833871868967,0.0,0.0,0.0,0.0,0.0,0.0,0.0,0.0,0.0,0.0,0.0,0.0,0.0,0.0,733.2094171119577,0.0,0.0,0.0,0.0,0.0,0.0,0.0,0.0,0.0,0.0,0.0
2000-11-01,392.2041666666666,0.0,0.0,728.3791666666666,0.0,0.0,0.0,0.0,0.0,0.0,795.7091399179371,0.0,0.0,0.0,0.0,0.0,0.0,0.0,0.0,0.0,0.0,0.0,0.0,0.0,0.0,0.0,577.462036791127,0.0,0.0,0.0,0.0,0.0,0.0,0.0,0.0,0.0,0.0,0.0,0.0,0.0,0.0,734.705253341054,0.0,0.0,0.0,0.0,0.0,0.0,0.0,0.0,0.0,0.0,0.0
2000-12-01,392.2041666666666,0.0,0.0,728.3791666666666,0.0,0.0,0.0,0.0,0.0,0.0,797.8093917771698,0.0,0.0,0.0,0.0,0.0,0.0,0.0,0.0,0.0,0.0,0.0,0.0,0.0,0.0,0.0,579.0530328992986,0.0,0.0,0.0,0.0,0.0,0.0,0.0,0.0,0.0,0.0,0.0,0.0,0.0,0.0,736.2670071609899,0.0,0.0,0.0,0.0,0.0,0.0,0.0,0.0,0.0,0.0,0.0
2001-01-01,392.2041666666666,0.0,0.0,728.3791666666666,0.0,0.0,0.0,0.0,0.0,0.0,799.8475240261322,0.0,0.0,0.0,0.0,0.0,0.0,0.0,0.0,0.0,0.0,0.0,0.0,0.0,0.0,0.0,580.6412960013829,0.0,0.0,0.0,0.0,0.0,0.0,0.0,0.0,0.0,0.0,0.0,0.0,0.0,0.0,737.89067765193,0.0,0.0,0.0,0.0,0.0,0.0,0.0,0.0,0.0,0.0,0.0
2001-02-01,402.4679166666666,0.0,0.0,747.4404166666667,0.0,0.0,0.0,0.0,0.0,0.0,801.8200126979988,0.0,0.0,0.0,0.0,0.0,0.0,0.0,0.0,0.0,0.0,0.0,0.0,0.0,0.0,0.0,582.214623122519,0.0,0.0,0.0,0.0,0.0,0.0,0.0,0.0,0.0,0.0,0.0,0.0,0.0,0.0,739.5699333565676,0.0,0.0,0.0,0.0,0.0,0.0,0.0,0.0,0.0,0.0,0.0
2001-03-01,402.4679166666666,0.0,0.0,747.4404166666667,0.0,0.0,0.0,0.0,0.0,0.0,804.1218264301957,0.0,0.0,0.0,0.0,0.0,0.0,0.0,0.0,0.0,0.0,0.0,0.0,0.0,0.0,0.0,583.7633468957008,0.0,0.0,0.0,0.0,0.0,0.0,0.0,0.0,0.0,0.0,0.0,0.0,0.0,0.0,741.2968520608538,0.0,0.0,0.0,0.0,0.0,0.0,0.0,0.0,0.0,0.0,0.0
2001-04-01,402.4679166666666,0.0,0.0,747.4404166666667,0.0,0.0,0.0,0.0,0.0,0.0,806.5231806815932,0.0,0.0,0.0,0.0,0.0,0.0,0.0,0.0,0.0,0.0,0.0,0.0,0.0,0.0,0.0,585.325908505113,0.0,0.0,0.0,0.0,0.0,0.0,0.0,0.0,0.0,0.0,0.0,0.0,0.0,0.0,743.0625589462213,0.0,0.0,0.0,0.0,0.0,0.0,0.0,0.0,0.0,0.0,0.0
2001-05-01,402.4679166666666,0.0,0.0,747.4404166666667,0.0,0.0,0.0,0.0,0.0,0.0,808.9289325255095,0.0,0.0,0.0,0.0,0.0,0.0,0.0,0.0,0.0,0.0,0.0,0.0,0.0,0.0,0.0,586.9245750413336,0.0,0.0,0.0,0.0,0.0,0.0,0.0,0.0,0.0,0.0,0.0,0.0,0.0,0.0,744.8623420568811,0.0,0.0,0.0,0.0,0.0,0.0,0.0,0.0,0.0,0.0,0.0
2001-06-01,402.4679166666666,0.0,0.0,747.4404166666667,0.0,0.0,0.0,0.0,0.0,0.0,811.3078035477656,0.0,0.0,0.0,0.0,0.0,0.0,0.0,0.0,0.0,0.0,0.0,0.0,0.0,0.0,0.0,588.5613769493785,0.0,0.0,0.0,0.0,0.0,0.0,0.0,0.0,0.0,0.0,0.0,0.0,0.0,0.0,746.6954668713993,0.0,0.0,0.0,0.0,0.0,0.0,0.0,0.0,0.0,0.0,0.0
2001-07-01,402.4679166666666,0.0,0.0,747.4404166666667,0.0,0.0,0.0,0.0,0.0,0.0,813.6422101863027,0.0,0.0,0.0,0.0,0.0,0.0,0.0,0.0,0.0,0.0,0.0,0.0,0.0,0.0,0.0,590.2283161868282,0.0,0.0,0.0,0.0,0.0,0.0,0.0,0.0,0.0,0.0,0.0,0.0,0.0,0.0,748.5627739436184,0.0,0.0,0.0,0.0,0.0,0.0,0.0,0.0,0.0,0.0,0.0
2001-08-01,402.4679166666666,0.0,0.0,747.4404166666667,0.0,0.0,0.0,0.0,0.0,0.0,815.920834789878,0.0,0.0,0.0,0.0,0.0,0.0,0.0,0.0,0.0,0.0,0.0,0.0,0.0,0.0,0.0,591.9131829207665,0.0,0.0,0.0,0.0,0.0,0.0,0.0,0.0,0.0,0.0,0.0,0.0,0.0,0.0,750.4648188258943,0.0,0.0,0.0,0.0,0.0,0.0,0.0,0.0,0.0,0.0,0.0
2001-09-01,402.4679166666666,0.0,0.0,747.4404166666667,0.0,0.0,0.0,0.0,0.0,0.0,818.1359998083707,0.0,0.0,0.0,0.0,0.0,0.0,0.0,0.0,0.0,0.0,0.0,0.0,0.0,0.0,0.0,593.6027052449786,0.0,0.0,0.0,0.0,0.0,0.0,0.0,0.0,0.0,0.0,0.0,0.0,0.0,0.0,752.4008615701662,0.0,0.0,0.0,0.0,0.0,0.0,0.0,0.0,0.0,0.0,0.0
2001-10-01,402.4679166666666,0.0,0.0,747.4404166666667,0.0,0.0,0.0,0.0,0.0,0.0,820.2824308339655,0.0,0.0,0.0,0.0,0.0,0.0,0.0,0.0,0.0,0.0,0.0,0.0,0.0,0.0,0.0,595.284264817129,0.0,0.0,0.0,0.0,0.0,0.0,0.0,0.0,0.0,0.0,0.0,0.0,0.0,0.0,754.3684927850547,0.0,0.0,0.0,0.0,0.0,0.0,0.0,0.0,0.0,0.0,0.0
2001-11-01,402.4679166666666,0.0,0.0,747.4404166666667,0.0,0.0,0.0,0.0,0.0,0.0,822.3565672177209,0.0,0.0,0.0,0.0,0.0,0.0,0.0,0.0,0.0,0.0,0.0,0.0,0.0,0.0,0.0,596.9467372205435,0.0,0.0,0.0,0.0,0.0,0.0,0.0,0.0,0.0,0.0,0.0,0.0,0.0,0.0,756.3636702096646,0.0,0.0,0.0,0.0,0.0,0.0,0.0,0.0,0.0,0.0,0.0
2001-12-01,402.4679166666666,0.0,0.0,747.4404166666667,0.0,0.0,0.0,0.0,0.0,0.0,824.3561318472017,0.0,0.0,0.0,0.0,0.0,0.0,0.0,0.0,0.0,0.0,0.0,0.0,0.0,0.0,0.0,598.5808034705078,0.0,0.0,0.0,0.0,0.0,0.0,0.0,0.0,0.0,0.0,0.0,0.0,0.0,0.0,758.3809843085816,0.0,0.0,0.0,0.0,0.0,0.0,0.0,0.0,0.0,0.0,0.0
2002-01-01,402.4679166666666,0.0,0.0,747.4404166666667,0.0,0.0,0.0,0.0,0.0,0.0,826.2798399814358,0.0,0.0,0.0,0.0,0.0,0.0,0.0,0.0,0.0,0.0,0.0,0.0,0.0,0.0,0.0,600.1789593537286,0.0,0.0,0.0,0.0,0.0,0.0,0.0,0.0,0.0,0.0,0.0,0.0,0.0,0.0,760.4140228898974,0.0,0.0,0.0,0.0,0.0,0.0,0.0,0.0,0.0,0.0,0.0
2002-02-01,413.07874999999996,0.0,0.0,767.14625,0.0,0.0,0.0,0.0,0.0,0.0,828.1271900209144,0.0,0.0,0.0,0.0,0.0,0.0,0.0,0.0,0.0,0.0,0.0,0.0,0.0,0.0,0.0,601.7353685409496,0.0,0.0,0.0,0.0,0.0,0.0,0.0,0.0,0.0,0.0,0.0,0.0,0.0,0.0,762.4557506719768,0.0,0.0,0.0,0.0,0.0,0.0,0.0,0.0,0.0,0.0,0.0
2002-03-01,413.07874999999996,0.0,0.0,767.14625,0.0,0.0,0.0,0.0,0.0,0.0,830.3091441377682,0.0,0.0,0.0,0.0,0.0,0.0,0.0,0.0,0.0,0.0,0.0,0.0,0.0,0.0,0.0,603.2456494203002,0.0,0.0,0.0,0.0,0.0,0.0,0.0,0.0,0.0,0.0,0.0,0.0,0.0,0.0,764.4988554708186,0.0,0.0,0.0,0.0,0.0,0.0,0.0,0.0,0.0,0.0,0.0
2002-04-01,413.07874999999996,0.0,0.0,767.14625,0.0,0.0,0.0,0.0,0.0,0.0,832.590367747832,0.0,0.0,0.0,0.0,0.0,0.0,0.0,0.0,0.0,0.0,0.0,0.0,0.0,0.0,0.0,604.7541581849097,0.0,0.0,0.0,0.0,0.0,0.0,0.0,0.0,0.0,0.0,0.0,0.0,0.0,0.0,766.5360379091488,0.0,0.0,0.0,0.0,0.0,0.0,0.0,0.0,0.0,0.0,0.0
2002-05-01,413.07874999999996,0.0,0.0,767.14625,0.0,0.0,0.0,0.0,0.0,0.0,834.874371783777,0.0,0.0,0.0,0.0,0.0,0.0,0.0,0.0,0.0,0.0,0.0,0.0,0.0,0.0,0.0,606.2876992803981,0.0,0.0,0.0,0.0,0.0,0.0,0.0,0.0,0.0,0.0,0.0,0.0,0.0,0.0,768.5649902913351,0.0,0.0,0.0,0.0,0.0,0.0,0.0,0.0,0.0,0.0,0.0
2002-06-01,413.07874999999996,0.0,0.0,767.14625,0.0,0.0,0.0,0.0,0.0,0.0,837.130395454088,0.0,0.0,0.0,0.0,0.0,0.0,0.0,0.0,0.0,0.0,0.0,0.0,0.0,0.0,0.0,607.8514750835722,0.0,0.0,0.0,0.0,0.0,0.0,0.0,0.0,0.0,0.0,0.0,0.0,0.0,0.0,770.5879563188375,0.0,0.0,0.0,0.0,0.0,0.0,0.0,0.0,0.0,0.0,0.0
2002-07-01,413.07874999999996,0.0,0.0,767.14625,0.0,0.0,0.0,0.0,0.0,0.0,839.3415830840157,0.0,0.0,0.0,0.0,0.0,0.0,0.0,0.0,0.0,0.0,0.0,0.0,0.0,0.0,0.0,609.4397661975905,0.0,0.0,0.0,0.0,0.0,0.0,0.0,0.0,0.0,0.0,0.0,0.0,0.0,0.0,772.6090544242993,0.0,0.0,0.0,0.0,0.0,0.0,0.0,0.0,0.0,0.0,0.0
2002-08-01,413.07874999999996,0.0,0.0,767.14625,0.0,0.0,0.0,0.0,0.0,0.0,841.4973394091929,0.0,0.0,0.0,0.0,0.0,0.0,0.0,0.0,0.0,0.0,0.0,0.0,0.0,0.0,0.0,611.0420489854828,0.0,0.0,0.0,0.0,0.0,0.0,0.0,0.0,0.0,0.0,0.0,0.0,0.0,0.0,774.6322091749992,0.0,0.0,0.0,0.0,0.0,0.0,0.0,0.0,0.0,0.0,0.0
2002-09-01,413.07874999999996,0.0,0.0,767.14625,0.0,0.0,0.0,0.0,0.0,0.0,843.5906446213521,0.0,0.0,0.0,0.0,0.0,0.0,0.0,0.0,0.0,0.0,0.0,0.0,0.0,0.0,0.0,612.6463355164401,0.0,0.0,0.0,0.0,0.0,0.0,0.0,0.0,0.0,0.0,0.0,0.0,0.0,0.0,776.659999827339,0.0,0.0,0.0,0.0,0.0,0.0,0.0,0.0,0.0,0.0,0.0
2002-10-01,413.07874999999996,0.0,0.0,767.14625,0.0,0.0,0.0,0.0,0.0,0.0,845.6168006954399,0.0,0.0,0.0,0.0,0.0,0.0,0.0,0.0,0.0,0.0,0.0,0.0,0.0,0.0,0.0,614.2410137863138,0.0,0.0,0.0,0.0,0.0,0.0,0.0,0.0,0.0,0.0,0.0,0.0,0.0,0.0,778.6931977745132,0.0,0.0,0.0,0.0,0.0,0.0,0.0,0.0,0.0,0.0,0.0
2002-11-01,413.07874999999996,0.0,0.0,767.14625,0.0,0.0,0.0,0.0,0.0,0.0,847.5727401900631,0.0,0.0,0.0,0.0,0.0,0.0,0.0,0.0,0.0,0.0,0.0,0.0,0.0,0.0,0.0,615.8157692217104,0.0,0.0,0.0,0.0,0.0,0.0,0.0,0.0,0.0,0.0,0.0,0.0,0.0,0.0,780.7307522461781,0.0,0.0,0.0,0.0,0.0,0.0,0.0,0.0,0.0,0.0,0.0
2002-12-01,413.07874999999996,0.0,0.0,767.14625,0.0,0.0,0.0,0.0,0.0,0.0,849.4566000307641,0.0,0.0,0.0,0.0,0.0,0.0,0.0,0.0,0.0,0.0,0.0,0.0,0.0,0.0,0.0,617.361948550601,0.0,0.0,0.0,0.0,0.0,0.0,0.0,0.0,0.0,0.0,0.0,0.0,0.0,0.0,782.7700308828021,0.0,0.0,0.0,0.0,0.0,0.0,0.0,0.0,0.0,0.0,0.0
2003-01-01,413.07874999999996,0.0,0.0,767.14625,0.0,0.0,0.0,0.0,0.0,0.0,851.2674366216751,0.0,0.0,0.0,0.0,0.0,0.0,0.0,0.0,0.0,0.0,0.0,0.0,0.0,0.0,0.0,618.8726028437653,0.0,0.0,0.0,0.0,0.0,0.0,0.0,0.0,0.0,0.0,0.0,0.0,0.0,0.0,784.8071762037052,0.0,0.0,0.0,0.0,0.0,0.0,0.0,0.0,0.0,0.0,0.0
2003-02-01,428.25124999999997,0.0,0.0,795.32375,0.0,0.0,0.0,0.0,0.0,0.0,853.005023624672,0.0,0.0,0.0,0.0,0.0,0.0,0.0,0.0,0.0,0.0,0.0,0.0,0.0,0.0,0.0,620.3423625505883,0.0,0.0,0.0,0.0,0.0,0.0,0.0,0.0,0.0,0.0,0.0,0.0,0.0,0.0,786.8374874759348,0.0,0.0,0.0,0.0,0.0,0.0,0.0,0.0,0.0,0.0,0.0
2003-03-01,428.25124999999997,0.0,0.0,795.32375,0.0,0.0,0.0,0.0,0.0,0.0,855.2571615280533,0.0,0.0,0.0,0.0,0.0,0.0,0.0,0.0,0.0,0.0,0.0,0.0,0.0,0.0,0.0,621.7672390239296,0.0,0.0,0.0,0.0,0.0,0.0,0.0,0.0,0.0,0.0,0.0,0.0,0.0,0.0,788.8557752831623,0.0,0.0,0.0,0.0,0.0,0.0,0.0,0.0,0.0,0.0,0.0
2003-04-01,428.25124999999997,0.0,0.0,795.32375,0.0,0.0,0.0,0.0,0.0,0.0,857.6872382632064,0.0,0.0,0.0,0.0,0.0,0.0,0.0,0.0,0.0,0.0,0.0,0.0,0.0,0.0,0.0,623.2123430455783,0.0,0.0,0.0,0.0,0.0,0.0,0.0,0.0,0.0,0.0,0.0,0.0,0.0,0.0,790.8566628444735,0.0,0.0,0.0,0.0,0.0,0.0,0.0,0.0,0.0,0.0,0.0
2003-05-01,428.25124999999997,0.0,0.0,795.32375,0.0,0.0,0.0,0.0,0.0,0.0,860.1569575200913,0.0,0.0,0.0,0.0,0.0,0.0,0.0,0.0,0.0,0.0,0.0,0.0,0.0,0.0,0.0,624.7171968892006,0.0,0.0,0.0,0.0,0.0,0.0,0.0,0.0,0.0,0.0,0.0,0.0,0.0,0.0,792.8416210572229,0.0,0.0,0.0,0.0,0.0,0.0,0.0,0.0,0.0,0.0,0.0
2003-06-01,428.25124999999997,0.0,0.0,795.32375,0.0,0.0,0.0,0.0,0.0,0.0,613.7780372537183,248.8437905890355,0.0,0.0,0.0,0.0,0.0,0.0,0.0,0.0,0.0,0.0,0.0,0.0,0.0,0.0,462.4869531104767,163.80307715336744,0.0,0.0,0.0,0.0,0.0,0.0,0.0,0.0,0.0,0.0,0.0,0.0,0.0,623.8916123608201,170.9266687189763,0.0,0.0,0.0,0.0,0.0,0.0,0.0,0.0,0.0,0.0
2003-07-01,428.25124999999997,0.0,0.0,795.32375,0.0,0.0,0.0,0.0,0.0,0.0,596.9346997240515,268.12239407725747,0.0,0.0,0.0,0.0,0.0,0.0,0.0,0.0,0.0,0.0,0.0,0.0,0.0,0.0,442.6787469387464,170.754423353856,0.0,0.0,0.0,0.0,0.0,0.0,0.0,0.0,0.0,0.0,0.0,0.0,0.0,602.2450994750353,179.0438299554181,0.0,0.0,0.0,0.0,0.0,0.0,0.0,0.0,0.0,0.0
2003-08-01,428.25124999999997,0.0,0.0,795.32375,0.0,0.0,0.0,0.0,0.0,0.0,579.4682572942747,287.97857576234185,0.0,0.0,0.0,0.0,0.0,0.0,0.0,0.0,0.0,0.0,0.0,0.0,0.0,0.0,422.028741192922,176.72773160106317,0.0,0.0,0.0,0.0,0.0,0.0,0.0,0.0,0.0,0.0,0.0,0.0,0.0,577.8819902787641,185.76602864374289,0.0,0.0,0.0,0.0,0.0,0.0,0.0,0.0,0.0,0.0
2003-09-01,428.25124999999997,0.0,0.0,795.32375,0.0,0.0,0.0,0.0,0.0,0.0,561.4421422427141,308.33799894938727,0.0,0.0,0.0,0.0,0.0,0.0,0.0,0.0,0.0,0.0,0.0,0.0,0.0,0.0,403.9927367000096,183.06516444206142,0.0,0.0,0.0,0.0,0.0,0.0,0.0,0.0,0.0,0.0,0.0,0.0,0.0,554.2124149670822,191.93573620104675,0.0,0.0,0.0,0.0,0.0,0.0,0.0,0.0,0.0,0.0
2003-10-01,428.25124999999997,0.0,0.0,795.32375,0.0,0.0,0.0,0.0,0.0,0.0,542.9221871632205,329.1271724812916,0.0,0.0,0.0,0.0,0.0,0.0,0.0,0.0,0.0,0.0,0.0,0.0,0.0,0.0,389.05065526523435,190.14365955354478,0.0,0.0,0.0,0.0,0.0,0.0,0.0,0.0,0.0,0.0,0.0,0.0,0.0,532.278648280791,197.85613157617416,0.0,0.0,0.0,0.0,0.0,0.0,0.0,0.0,0.0,0.0
2003-11-01,428.25124999999997,0.0,0.0,795.32375,0.0,0.0,0.0,0.0,0.0,0.0,523.9739942555644,350.2751107165242,0.0,0.0,0.0,0.0,0.0,0.0,0.0,0.0,0.0,0.0,0.0,0.0,0.0,0.0,376.8668060239368,198.0062240399413,0.0,0.0,0.0,0.0,0.0,0.0,0.0,0.0,0.0,0.0,0.0,0.0,0.0,512.5229539626407,203.7100442283899,0.0,0.0,0.0,0.0,0.0,0.0,0.0,0.0,0.0,0.0
2003-12-01,428.25124999999997,0.0,0.0,795.32375,0.0,0.0,0.0,0.0,0.0,0.0,504.6611996238728,371.71447489041907,0.0,0.0,0.0,0.0,0.0,0.0,0.0,0.0,0.0,0.0,0.0,0.0,0.0,0.0,366.8551974930037,206.53074923565225,0.0,0.0,0.0,0.0,0.0,0.0,0.0,0.0,0.0,0.0,0.0,0.0,0.0,495.0737763305985,209.6080325397272,0.0,0.0,0.0,0.0,0.0,0.0,0.0,0.0,0.0,0.0
2004-01-01,428.25124999999997,0.0,0.0,795.32375,0.0,0.0,0.0,0.0,0.0,0.0,485.04458567384665,393.3820663089706,0.0,0.0,0.0,0.0,0.0,0.0,0.0,0.0,0.0,0.0,0.0,0.0,0.0,0.0,358.42380331072974,215.524574333088,0.0,0.0,0.0,0.0,0.0,0.0,0.0,0.0,0.0,0.0,0.0,0.0,0.0,479.8767504983233,215.60692014277046,0.0,0.0,0.0,0.0,0.0,0.0,0.0,0.0,0.0,0.0
2004-02-01,448.8779166666666,0.0,0.0,833.6304166666666,0.0,0.0,0.0,0.0,0.0,0.0,465.1819936399676,415.2186357558547,0.0,0.0,0.0,0.0,0.0,0.0,0.0,0.0,0.0,0.0,0.0,0.0,0.0,0.0,351.0741937773333,224.78194500164506,0.0,0.0,0.0,0.0,0.0,0.0,0.0,0.0,0.0,0.0,0.0,0.0,0.0,466.7731118216991,221.72221427344553,0.0,0.0,0.0,0.0,0.0,0.0,0.0,0.0,0.0,0.0
2004-03-01,448.8779166666666,0.0,0.0,833.6304166666666,0.0,0.0,0.0,0.0,0.0,0.0,445.53186096456056,437.5637789270171,0.0,0.0,0.0,0.0,0.0,0.0,0.0,0.0,0.0,0.0,0.0,0.0,0.0,0.0,344.4282949564718,234.1169280835845,0.0,0.0,0.0,0.0,0.0,0.0,0.0,0.0,0.0,0.0,0.0,0.0,0.0,455.5514678298853,227.93911932934265,0.0,0.0,0.0,0.0,0.0,0.0,0.0,0.0,0.0,0.0
2004-04-01,448.8779166666666,0.0,0.0,833.6304166666666,0.0,0.0,0.0,0.0,0.0,0.0,425.87087339242777,460.1821575109141,0.0,0.0,0.0,0.0,0.0,0.0,0.0,0.0,0.0,0.0,0.0,0.0,0.0,0.0,338.26066271914027,243.4084911741501,0.0,0.0,0.0,0.0,0.0,0.0,0.0,0.0,0.0,0.0,0.0,0.0,0.0,445.9821900807903,234.2227148818284,0.0,0.0,0.0,0.0,0.0,0.0,0.0,0.0,0.0,0.0
2004-05-01,448.8779166666666,0.0,0.0,833.6304166666666,0.0,0.0,0.0,0.0,0.0,0.0,406.14291888400555,482.94086912758934,0.0,0.0,0.0,0.0,0.0,0.0,0.0,0.0,0.0,0.0,0.0,0.0,0.0,0.0,332.41759390059593,252.5686739056049,0.0,0.0,0.0,0.0,0.0,0.0,0.0,0.0,0.0,0.0,0.0,0.0,0.0,437.84276103628605,240.52885692309755,0.0,0.0,0.0,0.0,0.0,0.0,0.0,0.0,0.0,0.0
2004-06-01,448.8779166666666,0.0,0.0,833.6304166666666,0.0,0.0,0.0,0.0,0.0,0.0,386.3672453296375,505.7592099832935,0.0,0.0,0.0,0.0,0.0,0.0,0.0,0.0,0.0,0.0,0.0,0.0,0.0,0.0,326.7921230313847,261.53665935313893,0.0,0.0,0.0,0.0,0.0,0.0,0.0,0.0,0.0,0.0,0.0,0.0,0.0,430.92966721046145,246.81150290961432,0.0,0.0,0.0,0.0,0.0,0.0,0.0,0.0,0.0,0.0
2004-07-01,448.8779166666666,0.0,0.0,833.6304166666666,0.0,0.0,0.0,0.0,0.0,0.0,366.5836206889419,528.5628203956442,0.0,0.0,0.0,0.0,0.0,0.0,0.0,0.0,0.0,0.0,0.0,0.0,0.0,0.0,321.3131190441113,270.27867252892736,0.0,0.0,0.0,0.0,0.0,0.0,0.0,0.0,0.0,0.0,0.0,0.0,0.0,425.0623807373374,253.027220390837,0.0,0.0,0.0,0.0,0.0,0.0,0.0,0.0,0.0,0.0
2004-08-01,448.8779166666666,0.0,0.0,833.6304166666666,0.0,0.0,0.0,0.0,0.0,0.0,346.84457284045845,551.2766230899381,0.0,0.0,0.0,0.0,0.0,0.0,0.0,0.0,0.0,0.0,0.0,0.0,0.0,0.0,315.9339885857821,278.78469243155445,0.0,0.0,0.0,0.0,0.0,0.0,0.0,0.0,0.0,0.0,0.0,0.0,0.0,420.0837184689126,259.1380215383003,0.0,0.0,0.0,0.0,0.0,0.0,0.0,0.0,0.0,0.0
2004-09-01,448.8779166666666,0.0,0.0,833.6304166666666,0.0,0.0,0.0,0.0,0.0,0.0,327.2126491894225,573.8223772429423,0.0,0.0,0.0,0.0,0.0,0.0,0.0,0.0,0.0,0.0,0.0,0.0,0.0,0.0,310.6232894192215,287.06391551106043,0.0,0.0,0.0,0.0,0.0,0.0,0.0,0.0,0.0,0.0,0.0,0.0,0.0,415.8583419018146,265.1129438592583,0.0,0.0,0.0,0.0,0.0,0.0,0.0,0.0,0.0,0.0
2004-10-01,448.8779166666666,0.0,0.0,833.6304166666666,0.0,0.0,0.0,0.0,0.0,0.0,307.75866109544955,596.1180250823398,0.0,0.0,0.0,0.0,0.0,0.0,0.0,0.0,0.0,0.0,0.0,0.0,0.0,0.0,305.3579405740703,295.14017927377455,0.0,0.0,0.0,0.0,0.0,0.0,0.0,0.0,0.0,0.0,0.0,0.0,0.0,412.27035508545134,270.92866196740016,0.0,0.0,0.0,0.0,0.0,0.0,0.0,0.0,0.0,0.0
2004-11-01,448.8779166666666,0.0,0.0,833.6304166666666,0.0,0.0,0.0,0.0,0.0,0.0,288.5598868029873,618.0781692102706,0.0,0.0,0.0,0.0,0.0,0.0,0.0,0.0,0.0,0.0,0.0,0.0,0.0,0.0,300.1187285021436,303.04783103604285,0.0,0.0,0.0,0.0,0.0,0.0,0.0,0.0,0.0,0.0,0.0,0.0,0.0,409.2206082804526,276.56940449310633,0.0,0.0,0.0,0.0,0.0,0.0,0.0,0.0,0.0,0.0
2004-12-01,448.8779166666666,0.0,0.0,833.6304166666666,0.0,0.0,0.0,0.0,0.0,0.0,269.69793411581156,639.6154017130166,0.0,0.0,0.0,0.0,0.0,0.0,0.0,0.0,0.0,0.0,0.0,0.0,0.0,0.0,294.8875860634779,310.8282095207153,0.0,0.0,0.0,0.0,0.0,0.0,0.0,0.0,0.0,0.0,0.0,0.0,0.0,406.6240709543927,282.0264202871917,0.0,0.0,0.0,0.0,0.0,0.0,0.0,0.0,0.0,0.0
2005-01-01,448.8779166666666,0.0,0.0,833.6304166666666,0.0,0.0,0.0,0.0,0.0,0.0,251.25624110200383,660.6422668897259,0.0,0.0,0.0,0.0,0.0,0.0,0.0,0.0,0.0,0.0,0.0,0.0,0.0,0.0,289.6461322259741,318.5267420654844,0.0,0.0,0.0,0.0,0.0,0.0,0.0,0.0,0.0,0.0,0.0,0.0,0.0,404.4074649446791,287.2971919613817,0.0,0.0,0.0,0.0,0.0,0.0,0.0,0.0,0.0,0.0
2005-02-01,458.10041666666655,0.0,0.0,850.7579166666666,0.0,0.0,0.0,0.0,0.0,0.0,233.31732922276956,681.0736295866405,0.0,0.0,0.0,0.0,0.0,0.0,0.0,0.0,0.0,0.0,0.0,0.0,0.0,0.0,284.37505327994995,326.19058242195445,0.0,0.0,0.0,0.0,0.0,0.0,0.0,0.0,0.0,0.0,0.0,0.0,0.0,402.50723361989185,292.3845439885475,0.0,0.0,0.0,0.0,0.0,0.0,0.0,0.0,0.0,0.0
2005-03-01,458.10041666666655,0.0,0.0,850.7579166666666,0.0,0.0,0.0,0.0,0.0,0.0,216.044106643025,701.1021754913128,0.0,0.0,0.0,0.0,0.0,0.0,0.0,0.0,0.0,0.0,0.0,0.0,0.0,0.0,279.05401669069164,333.866688677885,0.0,0.0,0.0,0.0,0.0,0.0,0.0,0.0,0.0,0.0,0.0,0.0,0.0,400.8678523162136,297.29574525549447,0.0,0.0,0.0,0.0,0.0,0.0,0.0,0.0,0.0,0.0
2005-04-01,458.10041666666655,0.0,0.0,850.7579166666666,0.0,0.0,0.0,0.0,0.0,0.0,199.44440327673098,720.5144059901392,0.0,0.0,0.0,0.0,0.0,0.0,0.0,0.0,0.0,0.0,0.0,0.0,0.0,0.0,273.6732055605183,341.61434695530784,0.0,0.0,0.0,0.0,0.0,0.0,0.0,0.0,0.0,0.0,0.0,0.0,0.0,399.44044709690377,302.0416667776768,0.0,0.0,0.0,0.0,0.0,0.0,0.0,0.0,0.0,0.0
2005-05-01,458.10041666666655,0.0,0.0,850.7579166666666,0.0,0.0,0.0,0.0,0.0,0.0,183.55782144765507,739.1861166610579,0.0,0.0,0.0,0.0,0.0,0.0,0.0,0.0,0.0,0.0,0.0,0.0,0.0,0.0,268.2175688462659,349.48586997126904,0.0,0.0,0.0,0.0,0.0,0.0,0.0,0.0,0.0,0.0,0.0,0.0,0.0,398.18270677793663,306.6368222609795,0.0,0.0,0.0,0.0,0.0,0.0,0.0,0.0,0.0,0.0
2005-06-01,458.10041666666655,0.0,0.0,850.7579166666666,0.0,0.0,0.0,0.0,0.0,0.0,168.43038164215716,757.0441338219349,0.0,0.0,0.0,0.0,0.0,0.0,0.0,0.0,0.0,0.0,0.0,0.0,0.0,0.0,262.66687072737864,357.5237863402397,0.0,0.0,0.0,0.0,0.0,0.0,0.0,0.0,0.0,0.0,0.0,0.0,0.0,397.05785146853475,311.0986878592001,0.0,0.0,0.0,0.0,0.0,0.0,0.0,0.0,0.0,0.0
2005-07-01,458.10041666666655,0.0,0.0,850.7579166666666,0.0,0.0,0.0,0.0,0.0,0.0,154.10045492725973,774.0352848927329,0.0,0.0,0.0,0.0,0.0,0.0,0.0,0.0,0.0,0.0,0.0,0.0,0.0,0.0,256.99899173947557,365.76238028825736,0.0,0.0,0.0,0.0,0.0,0.0,0.0,0.0,0.0,0.0,0.0,0.0,0.0,396.0333146322743,315.44674665521114,0.0,0.0,0.0,0.0,0.0,0.0,0.0,0.0,0.0,0.0
2005-08-01,458.10041666666655,0.0,0.0,850.7579166666666,0.0,0.0,0.0,0.0,0.0,0.0,140.59593919048714,790.1225325420197,0.0,0.0,0.0,0.0,0.0,0.0,0.0,0.0,0.0,0.0,0.0,0.0,0.0,0.0,251.1920282409129,374.2283216421128,0.0,0.0,0.0,0.0,0.0,0.0,0.0,0.0,0.0,0.0,0.0,0.0,0.0,395.07968499678793,319.701687631887,0.0,0.0,0.0,0.0,0.0,0.0,0.0,0.0,0.0,0.0
2005-09-01,458.10041666666655,0.0,0.0,850.7579166666666,0.0,0.0,0.0,0.0,0.0,0.0,127.93334350745084,805.2835189207174,0.0,0.0,0.0,0.0,0.0,0.0,0.0,0.0,0.0,0.0,0.0,0.0,0.0,0.0,245.225743372582,382.9408318949419,0.0,0.0,0.0,0.0,0.0,0.0,0.0,0.0,0.0,0.0,0.0,0.0,0.0,394.1699289168919,323.88480703830703,0.0,0.0,0.0,0.0,0.0,0.0,0.0,0.0,0.0,0.0
2005-10-01,458.10041666666655,0.0,0.0,850.7579166666666,0.0,0.0,0.0,0.0,0.0,0.0,116.11781772141987,819.5094145842407,0.0,0.0,0.0,0.0,0.0,0.0,0.0,0.0,0.0,0.0,0.0,0.0,0.0,0.0,239.0826887909185,391.91169528120355,0.0,0.0,0.0,0.0,0.0,0.0,0.0,0.0,0.0,0.0,0.0,0.0,0.0,393.27882348110694,328.0175785120433,0.0,0.0,0.0,0.0,0.0,0.0,0.0,0.0,0.0,0.0
2005-11-01,458.10041666666655,0.0,0.0,850.7579166666666,0.0,0.0,0.0,0.0,0.0,0.0,105.14379831506753,832.8036447765516,0.0,0.0,0.0,0.0,0.0,0.0,0.0,0.0,0.0,0.0,0.0,0.0,0.0,0.0,232.74911331213121,401.1452408011239,0.0,0.0,0.0,0.0,0.0,0.0,0.0,0.0,0.0,0.0,0.0,0.0,0.0,392.38254208549023,332.12135545822804,0.0,0.0,0.0,0.0,0.0,0.0,0.0,0.0,0.0,0.0
2005-12-01,458.10041666666655,0.0,0.0,850.7579166666666,0.0,0.0,0.0,0.0,0.0,0.0,94.99607266957385,845.1804315742909,0.0,0.0,0.0,0.0,0.0,0.0,0.0,0.0,0.0,0.0,0.0,0.0,0.0,0.0,226.21570614654019,410.63837177063743,0.0,0.0,0.0,0.0,0.0,0.0,0.0,0.0,0.0,0.0,0.0,0.0,0.0,391.45835060388254,336.217174437992,0.0,0.0,0.0,0.0,0.0,0.0,0.0,0.0,0.0,0.0
2006-01-01,458.10041666666655,0.0,0.0,850.7579166666666,0.0,0.0,0.0,0.0,0.0,0.0,85.65110692983707,856.66319854926,0.0,0.0,0.0,0.0,0.0,0.0,0.0,0.0,0.0,0.0,0.0,0.0,0.0,0.0,219.478186549656,420.3806937971734,0.0,0.0,0.0,0.0,0.0,0.0,0.0,0.0,0.0,0.0,0.0,0.0,0.0,390.48438555356387,340.325634389102,0.0,0.0,0.0,0.0,0.0,0.0,0.0,0.0,0.0,0.0
2006-02-01,463.7033333333333,0.0,0.0,861.1633333333334,0.0,0.0,0.0,0.0,0.0,0.0,77.07850844288171,867.2829154872384,0.0,0.0,0.0,0.0,0.0,0.0,0.0,0.0,0.0,0.0,0.0,0.0,0.0,0.0,212.537731927208,430.3547739204394,0.0,0.0,0.0,0.0,0.0,0.0,0.0,0.0,0.0,0.0,0.0,0.0,0.0,389.43949512876,344.4668317637706,0.0,0.0,0.0,0.0,0.0,0.0,0.0,0.0,0.0,0.0
2006-03-01,463.7033333333333,0.0,0.0,861.1633333333334,0.0,0.0,0.0,0.0,0.0,0.0,69.25839070590705,877.2775259209975,0.0,0.0,0.0,0.0,0.0,0.0,0.0,0.0,0.0,0.0,0.0,0.0,0.0,0.0,205.40122768627737,440.5365491197202,0.0,0.0,0.0,0.0,0.0,0.0,0.0,0.0,0.0,0.0,0.0,0.0,0.0,388.303130059761,348.66033557735136,0.0,0.0,0.0,0.0,0.0,0.0,0.0,0.0,0.0,0.0
2006-04-01,463.7033333333333,0.0,0.0,861.1633333333334,0.0,0.0,0.0,0.0,0.0,0.0,62.137910721525294,886.5768241328074,0.0,0.0,0.0,0.0,0.0,0.0,0.0,0.0,0.0,0.0,0.0,0.0,0.0,0.0,198.08540544449934,450.90518593072335,0.0,0.0,0.0,0.0,0.0,0.0,0.0,0.0,0.0,0.0,0.0,0.0,0.0,387.05527481034676,352.92518899177395,0.0,0.0,0.0,0.0,0.0,0.0,0.0,0.0,0.0,0.0
2006-05-01,463.7033333333333,0.0,0.0,861.1633333333334,0.0,0.0,0.0,0.0,0.0,0.0,55.67031100008697,895.1779588854062,0.0,0.0,0.0,0.0,0.0,0.0,0.0,0.0,0.0,0.0,0.0,0.0,0.0,0.0,190.61077307690945,461.43241926531766,0.0,0.0,0.0,0.0,0.0,0.0,0.0,0.0,0.0,0.0,0.0,0.0,0.0,385.6768632683635,357.28034419585657,0.0,0.0,0.0,0.0,0.0,0.0,0.0,0.0,0.0,0.0
2006-06-01,463.7033333333333,0.0,0.0,861.1633333333334,0.0,0.0,0.0,0.0,0.0,0.0,49.810837532313634,903.1108753746649,0.0,0.0,0.0,0.0,0.0,0.0,0.0,0.0,0.0,0.0,0.0,0.0,0.0,0.0,183.0010804716643,472.08208407653285,0.0,0.0,0.0,0.0,0.0,0.0,0.0,0.0,0.0,0.0,0.0,0.0,0.0,384.1497442479512,361.7446943500787,0.0,0.0,0.0,0.0,0.0,0.0,0.0,0.0,0.0,0.0
2006-07-01,463.7033333333333,0.0,0.0,861.1633333333334,0.0,0.0,0.0,0.0,0.0,0.0,33.76541156202547,690.5618865594423,230.60036651117025,0.0,0.0,0.0,0.0,0.0,0.0,0.0,0.0,0.0,0.0,0.0,0.0,0.0,140.98821014088045,388.34670011688837,128.76125730483906,0.0,0.0,0.0,0.0,0.0,0.0,0.0,0.0,0.0,0.0,0.0,0.0,382.45646298010604,366.3369076927052,0.0,0.0,0.0,0.0,0.0,0.0,0.0,0.0,0.0,0.0
2006-08-01,463.7033333333333,0.0,0.0,861.1633333333334,0.0,0.0,0.0,0.0,0.0,0.0,29.498239138558162,680.7691646110528,246.5946734813223,0.0,0.0,0.0,0.0,0.0,0.0,0.0,0.0,0.0,0.0,0.0,0.0,0.0,130.5444479561615,384.70360199234136,138.29517411549313,0.0,0.0,0.0,0.0,0.0,0.0,0.0,0.0,0.0,0.0,0.0,0.0,378.01852098194615,368.5776674272146,0.0,0.0,0.0,0.0,0.0,0.0,0.0,0.0,0.0,0.0
2006-09-01,463.7033333333333,0.0,0.0,861.1633333333334,0.0,0.0,0.0,0.0,0.0,0.0,25.73531321360845,670.4186556917227,262.5688498660059,0.0,0.0,0.0,0.0,0.0,0.0,0.0,0.0,0.0,0.0,0.0,0.0,0.0,120.06945388856234,379.2908013420504,147.3468446681458,0.0,0.0,0.0,0.0,0.0,0.0,0.0,0.0,0.0,0.0,0.0,0.0,372.43340351984193,369.9473082714968,0.0,0.0,0.0,0.0,0.0,0.0,0.0,0.0,0.0,0.0
2006-10-01,463.7033333333333,0.0,0.0,861.1633333333334,0.0,0.0,0.0,0.0,0.0,0.0,22.427670919353396,659.6819255121671,278.3993999542921,0.0,0.0,0.0,0.0,0.0,0.0,0.0,0.0,0.0,0.0,0.0,0.0,0.0,110.08980164413674,373.4889408966913,156.25794005918664,0.0,0.0,0.0,0.0,0.0,0.0,0.0,0.0,0.0,0.0,0.0,0.0,366.29021534420997,371.01061279641334,0.0,0.0,0.0,0.0,0.0,0.0,0.0,0.0,0.0,0.0
2006-11-01,463.7033333333333,0.0,0.0,861.1633333333334,0.0,0.0,0.0,0.0,0.0,0.0,19.52861663798699,648.7231397274079,293.968822524908,0.0,0.0,0.0,0.0,0.0,0.0,0.0,0.0,0.0,0.0,0.0,0.0,0.0,100.75761047298836,367.78356745652445,165.12309174897143,0.0,0.0,0.0,0.0,0.0,0.0,0.0,0.0,0.0,0.0,0.0,0.0,359.7833816804497,371.96439837762466,0.0,0.0,0.0,0.0,0.0,0.0,0.0,0.0,0.0,0.0
2006-12-01,463.7033333333333,0.0,0.0,861.1633333333334,0.0,0.0,0.0,0.0,0.0,0.0,16.994161601653307,637.695052404192,309.16894738674927,0.0,0.0,0.0,0.0,0.0,0.0,0.0,0.0,0.0,0.0,0.0,0.0,0.0,92.11668476661852,362.40991027462854,173.9731149218036,0.0,0.0,0.0,0.0,0.0,0.0,0.0,0.0,0.0,0.0,0.0,0.0,353.03393929082694,372.94010604899677,0.0,0.0,0.0,0.0,0.0,0.0,0.0,0.0,0.0,0.0
2007-01-01,463.7033333333333,0.0,0.0,861.1633333333334,0.0,0.0,0.0,0.0,0.0,0.0,14.783336185415179,626.7357779852227,323.90369211003747,0.0,0.0,0.0,0.0,0.0,0.0,0.0,0.0,0.0,0.0,0.0,0.0,0.0,84.16084708117988,357.4789962856638,182.80513135490477,0.0,0.0,0.0,0.0,0.0,0.0,0.0,0.0,0.0,0.0,0.0,0.0,346.1288733367716,374.0399939119288,0.0,0.0,0.0,0.0,0.0,0.0,0.0,0.0,0.0,0.0
2007-02-01,470.9672916666666,0.0,0.0,874.6535416666666,0.0,0.0,0.0,0.0,0.0,0.0,12.858382912749175,615.966441570191,338.09110487833004,0.0,0.0,0.0,0.0,0.0,0.0,0.0,0.0,0.0,0.0,0.0,0.0,0.0,76.8598613911186,353.0334384026134,191.59602492799428,0.0,0.0,0.0,0.0,0.0,0.0,0.0,0.0,0.0,0.0,0.0,0.0,339.1338818996986,375.34857325258673,0.0,0.0,0.0,0.0,0.0,0.0,0.0,0.0,0.0,0.0
2007-03-01,470.9672916666666,0.0,0.0,874.6535416666666,0.0,0.0,0.0,0.0,0.0,0.0,11.188090728225538,605.6656046257178,351.7667705618488,0.0,0.0,0.0,0.0,0.0,0.0,0.0,0.0,0.0,0.0,0.0,0.0,0.0,70.1727612457169,349.0776752638431,200.31086168789756,0.0,0.0,0.0,0.0,0.0,0.0,0.0,0.0,0.0,0.0,0.0,0.0,332.0987440347234,376.9371116693001,0.0,0.0,0.0,0.0,0.0,0.0,0.0,0.0,0.0,0.0
2007-04-01,470.9672916666666,0.0,0.0,874.6535416666666,0.0,0.0,0.0,0.0,0.0,0.0,9.738391376396455,595.8082775576822,364.8300986727837,0.0,0.0,0.0,0.0,0.0,0.0,0.0,0.0,0.0,0.0,0.0,0.0,0.0,64.05629407297174,345.6029109668911,208.91339738973622,0.0,0.0,0.0,0.0,0.0,0.0,0.0,0.0,0.0,0.0,0.0,0.0,325.06015958286446,378.86571772868217,0.0,0.0,0.0,0.0,0.0,0.0,0.0,0.0,0.0,0.0
2007-05-01,470.9672916666666,0.0,0.0,874.6535416666666,0.0,0.0,0.0,0.0,0.0,0.0,8.480440196950841,586.4157459681823,377.22392343638336,0.0,0.0,0.0,0.0,0.0,0.0,0.0,0.0,0.0,0.0,0.0,0.0,0.0,58.46640754937501,342.5877103747122,217.36551429898776,0.0,0.0,0.0,0.0,0.0,0.0,0.0,0.0,0.0,0.0,0.0,0.0,318.04393872150274,381.18483260993173,0.0,0.0,0.0,0.0,0.0,0.0,0.0,0.0,0.0,0.0
2007-06-01,470.9672916666666,0.0,0.0,874.6535416666666,0.0,0.0,0.0,0.0,0.0,0.0,7.389194739018138,577.521197462694,388.92025638695475,0.0,0.0,0.0,0.0,0.0,0.0,0.0,0.0,0.0,0.0,0.0,0.0,0.0,53.36016072325079,340.0030962382279,225.62954044324815,0.0,0.0,0.0,0.0,0.0,0.0,0.0,0.0,0.0,0.0,0.0,0.0,311.0665582348798,383.9360525037612,0.0,0.0,0.0,0.0,0.0,0.0,0.0,0.0,0.0,0.0
2007-07-01,470.9672916666666,0.0,0.0,874.6535416666666,0.0,0.0,0.0,0.0,0.0,0.0,6.442646800232336,569.1479333339609,399.9073764255681,0.0,0.0,0.0,0.0,0.0,0.0,0.0,0.0,0.0,0.0,0.0,0.0,0.0,48.69694258089984,337.8170778770917,233.670873932304,0.0,0.0,0.0,0.0,0.0,0.0,0.0,0.0,0.0,0.0,0.0,0.0,304.13647595967427,387.1526580417715,0.0,0.0,0.0,0.0,0.0,0.0,0.0,0.0,0.0,0.0
2007-08-01,470.9672916666666,0.0,0.0,874.6535416666666,0.0,0.0,0.0,0.0,0.0,0.0,5.62150115132956,561.3075843626655,410.18671138788716,0.0,0.0,0.0,0.0,0.0,0.0,0.0,0.0,0.0,0.0,0.0,0.0,0.0,44.43894179600544,335.9970079429055,241.4595898142545,0.0,0.0,0.0,0.0,0.0,0.0,0.0,0.0,0.0,0.0,0.0,0.0,297.25542087620744,390.86009120606644,0.0,0.0,0.0,0.0,0.0,0.0,0.0,0.0,0.0,0.0
2007-09-01,470.9672916666666,0.0,0.0,874.6535416666666,0.0,0.0,0.0,0.0,0.0,0.0,4.9089034789896155,554.0007893719664,419.77060190140253,0.0,0.0,0.0,0.0,0.0,0.0,0.0,0.0,0.0,0.0,0.0,0.0,0.0,40.551244645859875,334.51072584211585,248.97127578965546,0.0,0.0,0.0,0.0,0.0,0.0,0.0,0.0,0.0,0.0,0.0,0.0,290.4196839274594,395.0764258068413,0.0,0.0,0.0,0.0,0.0,0.0,0.0,0.0,0.0,0.0
2007-10-01,470.9672916666666,0.0,0.0,874.6535416666666,0.0,0.0,0.0,0.0,0.0,0.0,4.290184836725913,547.2186121799815,428.6802892704349,0.0,0.0,0.0,0.0,0.0,0.0,0.0,0.0,0.0,0.0,0.0,0.0,0.0,37.00176089097768,333.3270708634744,256.1873094609365,0.0,0.0,0.0,0.0,0.0,0.0,0.0,0.0,0.0,0.0,0.0,0.0,283.6213884801184,399.8128299852578,0.0,0.0,0.0,0.0,0.0,0.0,0.0,0.0,0.0,0.0
2007-11-01,470.9672916666666,0.0,0.0,874.6535416666666,0.0,0.0,0.0,0.0,0.0,0.0,3.7526190048845907,540.944191835053,436.94404147595134,0.0,0.0,0.0,0.0,0.0,0.0,0.0,0.0,0.0,0.0,0.0,0.0,0.0,33.761074807649614,332.41607473174156,263.0947311567918,0.0,0.0,0.0,0.0,0.0,0.0,0.0,0.0,0.0,0.0,0.0,0.0,276.8497135677059,405.0740135563834,0.0,0.0,0.0,0.0,0.0,0.0,0.0,0.0,0.0,0.0
2007-12-01,470.9672916666666,0.0,0.0,874.6535416666666,0.0,0.0,0.0,0.0,0.0,0.0,3.2851944600096608,535.1544066386616,444.5954315362927,0.0,0.0,0.0,0.0,0.0,0.0,0.0,0.0,0.0,0.0,0.0,0.0,0.0,30.802268996612668,331.7490080319695,269.6858414677121,0.0,0.0,0.0,0.0,0.0,0.0,0.0,0.0,0.0,0.0,0.0,0.0,270.09204503911457,410.8586551420232,0.0,0.0,0.0,0.0,0.0,0.0,0.0,0.0,0.0,0.0
2008-01-01,470.9672916666666,0.0,0.0,728.3866557901104,0.0,146.26688587655624,0.0,0.0,0.0,0.0,2.8784031995941173,529.8214378201836,451.6717955506457,0.0,0.0,0.0,0.0,0.0,0.0,0.0,0.0,0.0,0.0,0.0,0.0,0.0,28.10074303909165,331.29837497811786,275.9576306780722,0.0,0.0,0.0,0.0,0.0,0.0,0.0,0.0,0.0,0.0,0.0,0.0,263.33503382116163,417.15980813118085,0.0,0.0,0.0,0.0,0.0,0.0,0.0,0.0,0.0,0.0
2008-02-01,503.3204166666666,0.0,0.0,767.2729482875025,0.0,167.46496837916428,0.0,0.0,0.0,0.0,2.5206071580733314,524.1985932637309,457.5882404167064,0.0,0.0,0.0,0.0,0.0,0.0,0.0,0.0,0.0,0.0,0.0,0.0,0.0,25.63403633261289,331.0379029152939,281.9111253436646,0.0,0.0,0.0,0.0,0.0,0.0,0.0,0.0,0.0,0.0,0.0,0.0,256.5655448602306,423.96528851342975,0.0,0.0,0.0,0.0,0.0,0.0,0.0,0.0,0.0,0.0
2008-03-01,503.3204166666666,0.0,0.0,755.5104612887332,0.0,179.2274553779334,0.0,0.0,0.0,0.0,2.210185194799995,519.2520496780533,463.23616675862127,0.0,0.0,0.0,0.0,0.0,0.0,0.0,0.0,0.0,0.0,0.0,0.0,0.0,23.37952175701778,330.91230093081447,287.524437607656,0.0,0.0,0.0,0.0,0.0,0.0,0.0,0.0,0.0,0.0,0.0,0.0,249.77148430730543,431.25805067907817,0.0,0.0,0.0,0.0,0.0,0.0,0.0,0.0,0.0,0.0
2008-04-01,503.3204166666666,0.0,0.0,743.1281451787978,0.0,191.60977148786876,0.0,0.0,0.0,0.0,1.9397297497230477,514.7412129797762,468.48703639728484,0.0,0.0,0.0,0.0,0.0,0.0,0.0,0.0,0.0,0.0,0.0,0.0,0.0,21.319209333411717,330.8997266630436,292.8049598205952,0.0,0.0,0.0,0.0,0.0,0.0,0.0,0.0,0.0,0.0,0.0,0.0,242.9416622110098,439.01505222313267,0.0,0.0,0.0,0.0,0.0,0.0,0.0,0.0,0.0,0.0
2008-05-01,503.3204166666666,0.0,0.0,730.1220885455233,0.0,204.61582812114327,0.0,0.0,0.0,0.0,1.7035153246826462,510.5337166620708,473.2964262985731,0.0,0.0,0.0,0.0,0.0,0.0,0.0,0.0,0.0,0.0,0.0,0.0,0.0,19.43683924626676,330.9832213025448,297.76579605198947,0.0,0.0,0.0,0.0,0.0,0.0,0.0,0.0,0.0,0.0,0.0,0.0,236.06704306995536,447.20857338600365,0.0,0.0,0.0,0.0,0.0,0.0,0.0,0.0,0.0,0.0
2008-06-01,503.3204166666666,0.0,0.0,716.4925180744713,0.0,218.24539859219544,0.0,0.0,0.0,0.0,1.4969567540986215,506.57528463100215,477.68535737641133,0.0,0.0,0.0,0.0,0.0,0.0,0.0,0.0,0.0,0.0,0.0,0.0,0.0,17.71727618430815,331.1434668326811,302.41879457463637,0.0,0.0,0.0,0.0,0.0,0.0,0.0,0.0,0.0,0.0,0.0,0.0,229.14151505396163,455.8071665388621,0.0,0.0,0.0,0.0,0.0,0.0,0.0,0.0,0.0,0.0
2008-07-01,503.3204166666666,0.0,0.0,628.5539728146609,98.08704598823621,208.0968978637694,0.0,0.0,0.0,0.0,1.3161518878108138,502.8239020034333,481.6831277022772,0.0,0.0,0.0,0.0,0.0,0.0,0.0,0.0,0.0,0.0,0.0,0.0,0.0,16.14658706767224,331.3606491141424,306.77548416980153,0.0,0.0,0.0,0.0,0.0,0.0,0.0,0.0,0.0,0.0,0.0,0.0,222.1621735485839,464.7760836955532,0.0,0.0,0.0,0.0,0.0,0.0,0.0,0.0,0.0,0.0
2008-08-01,503.3204166666666,0.0,0.0,609.7753118536609,105.53950280108609,219.4231020119196,0.0,0.0,0.0,0.0,1.1574229904124973,499.10161934538104,485.1835635333975,0.0,0.0,0.0,0.0,0.0,0.0,0.0,0.0,0.0,0.0,0.0,0.0,0.0,14.712012684736429,331.61540768181266,310.8474270491793,0.0,0.0,0.0,0.0,0.0,0.0,0.0,0.0,0.0,0.0,0.0,0.0,215.12942730910567,474.0776447842277,0.0,0.0,0.0,0.0,0.0,0.0,0.0,0.0,0.0,0.0
2008-09-01,503.3204166666666,0.0,0.0,590.619553497821,113.11957655137961,230.99878661746575,0.0,0.0,0.0,0.0,1.0181704615242977,495.4604937564708,488.29606465075733,0.0,0.0,0.0,0.0,0.0,0.0,0.0,0.0,0.0,0.0,0.0,0.0,0.0,13.401650935051597,331.88325313588126,314.64054789897745,0.0,0.0,0.0,0.0,0.0,0.0,0.0,0.0,0.0,0.0,0.0,0.0,208.0469884676692,483.6716413823299,0.0,0.0,0.0,0.0,0.0,0.0,0.0,0.0,0.0,0.0
2008-10-01,503.3204166666666,0.0,0.0,571.1663866997865,120.76869338603177,242.8028365808483,0.0,0.0,0.0,0.0,0.8959948054467022,491.9071216930921,491.08585035160195,0.0,0.0,0.0,0.0,0.0,0.0,0.0,0.0,0.0,0.0,0.0,0.0,0.0,12.20475924875169,332.1423925873283,318.16206381165443,0.0,0.0,0.0,0.0,0.0,0.0,0.0,0.0,0.0,0.0,0.0,0.0,200.92162295938192,493.5154519669423,0.0,0.0,0.0,0.0,0.0,0.0,0.0,0.0,0.0,0.0
2008-11-01,503.3204166666666,0.0,0.0,551.4977836724577,128.42572073256335,254.81441226164563,0.0,0.0,0.0,0.0,0.7887580866644127,488.42792717926983,493.5959009531536,0.0,0.0,0.0,0.0,0.0,0.0,0.0,0.0,0.0,0.0,0.0,0.0,0.0,11.111650170996938,332.37469118565093,321.4213446242612,0.0,0.0,0.0,0.0,0.0,0.0,0.0,0.0,0.0,0.0,0.0,0.0,193.76294836330044,503.564451149534,0.0,0.0,0.0,0.0,0.0,0.0,0.0,0.0,0.0,0.0
2008-12-01,503.3204166666666,0.0,0.0,531.696026253044,136.02877898265191,267.0131114309705,0.0,0.0,0.0,0.0,0.6945921757503187,485.00688899076636,495.8635426927044,0.0,0.0,0.0,0.0,0.0,0.0,0.0,0.0,0.0,0.0,0.0,0.0,0.0,10.113533703374165,332.5648592078345,324.4291281103731,0.0,0.0,0.0,0.0,0.0,0.0,0.0,0.0,0.0,0.0,0.0,0.0,186.58320936510705,513.7726004927761,0.0,0.0,0.0,0.0,0.0,0.0,0.0,0.0,0.0,0.0
2009-01-01,503.3204166666666,0.0,0.0,511.841833006712,143.5170875966451,279.3789960633094,0.0,0.0,0.0,0.0,0.6118683207372095,481.6280715819037,497.9228089256261,0.0,0.0,0.0,0.0,0.0,0.0,0.0,0.0,0.0,0.0,0.0,0.0,0.0,9.202402564210354,332.6999908069859,327.1970667039145,0.0,0.0,0.0,0.0,0.0,0.0,0.0,0.0,0.0,0.0,0.0,0.0,179.3969737966966,524.0930714592798,0.0,0.0,0.0,0.0,0.0,0.0,0.0,0.0,0.0,0.0
2009-02-01,527.4179166666667,0.0,0.0,515.568820165869,158.0541518660078,305.86744463478976,0.0,0.0,0.0,0.0,0.5391666221030781,478.276424472786,499.80526795561144,0.0,0.0,0.0,0.0,0.0,0.0,0.0,0.0,0.0,0.0,0.0,0.0,0.0,8.370942525021057,332.76927024170266,329.73744793802473,0.0,0.0,0.0,0.0,0.0,0.0,0.0,0.0,0.0,0.0,0.0,0.0,172.22075651165426,534.4788633033958,0.0,0.0,0.0,0.0,0.0,0.0,0.0,0.0,0.0,0.0
2009-03-01,527.4179166666667,0.0,0.0,494.8929953482629,165.48304105781102,319.11438026059267,0.0,0.0,0.0,0.0,0.47562201622667877,475.311242833076,501.93450594184947,0.0,0.0,0.0,0.0,0.0,0.0,0.0,0.0,0.0,0.0,0.0,0.0,0.0,7.612458618236364,332.7637393419027,332.0629907964094,0.0,0.0,0.0,0.0,0.0,0.0,0.0,0.0,0.0,0.0,0.0,0.0,165.07259126313403,544.8834019443433,0.0,0.0,0.0,0.0,0.0,0.0,0.0,0.0,0.0,0.0
2009-04-01,527.4179166666667,0.0,0.0,474.39039759908536,172.62484124461471,332.47517782296654,0.0,0.0,0.0,0.0,0.4198316471709566,472.4990016349119,504.1147484160865,0.0,0.0,0.0,0.0,0.0,0.0,0.0,0.0,0.0,0.0,0.0,0.0,0.0,6.921144889890387,332.69204778587675,334.2027121073106,0.0,0.0,0.0,0.0,0.0,0.0,0.0,0.0,0.0,0.0,0.0,0.0,157.97157157803954,555.2611072127199,0.0,0.0,0.0,0.0,0.0,0.0,0.0,0.0,0.0,0.0
2009-05-01,527.4179166666667,0.0,0.0,454.125074473651,179.43641030290573,345.92893189011,0.0,0.0,0.0,0.0,0.37074875186464157,469.73788103388193,506.2795568846526,0.0,0.0,0.0,0.0,0.0,0.0,0.0,0.0,0.0,0.0,0.0,0.0,0.0,6.291503591523611,332.56031941575515,336.1821384234414,0.0,0.0,0.0,0.0,0.0,0.0,0.0,0.0,0.0,0.0,0.0,0.0,150.93763508607586,565.5688690726348,0.0,0.0,0.0,0.0,0.0,0.0,0.0,0.0,0.0,0.0
2009-06-01,431.94801986070945,95.46989680595718,0.0,434.1542689539463,185.88214044060095,359.4540072721194,0.0,0.0,0.0,0.0,0.3275278276751244,466.9880154002555,508.4234022006233,0.0,0.0,0.0,0.0,0.0,0.0,0.0,0.0,0.0,0.0,0.0,0.0,0.0,5.718326068324952,332.3699518625214,338.02097716646625,0.0,0.0,0.0,0.0,0.0,0.0,0.0,0.0,0.0,0.0,0.0,0.0,143.9910689478612,575.7667066009802,0.0,0.0,0.0,0.0,0.0,0.0,0.0,0.0,0.0,0.0
2009-07-01,419.25330056663995,108.16461610002673,0.0,414.52844486562395,191.9341625580516,373.027809242991,0.0,0.0,0.0,0.0,0.28927246671362244,463.94702721352917,510.2483951343476,0.0,0.0,0.0,0.0,0.0,0.0,0.0,0.0,0.0,0.0,0.0,0.0,0.0,5.196754152853378,332.1198934580584,339.7353307683397,0.0,0.0,0.0,0.0,0.0,0.0,0.0,0.0,0.0,0.0,0.0,0.0,137.1519275201343,585.817912622638,0.0,0.0,0.0,0.0,0.0,0.0,0.0,0.0,0.0,0.0
2009-08-01,405.21092904869414,122.2069876179725,0.0,395.29156191078175,197.57220358797102,386.6266511679138,0.0,0.0,0.0,0.0,0.2554813290203797,460.71966275040137,511.89364185075533,0.0,0.0,0.0,0.0,0.0,0.0,0.0,0.0,0.0,0.0,0.0,0.0,0.0,4.72212510824005,331.79595537150965,341.32668595297105,0.0,0.0,0.0,0.0,0.0,0.0,0.0,0.0,0.0,0.0,0.0,0.0,130.43951689750668,595.6890896919739,0.0,0.0,0.0,0.0,0.0,0.0,0.0,0.0,0.0,0.0
2009-09-01,389.8095382890541,137.6083783776126,0.0,376.4815225873474,202.7831531650116,400.22574091430766,0.0,0.0,0.0,0.0,0.22565262093878086,457.33760699755425,513.4190553914663,0.0,0.0,0.0,0.0,0.0,0.0,0.0,0.0,0.0,0.0,0.0,0.0,0.0,4.290210288989951,331.3845799228067,342.79585109954,0.0,0.0,0.0,0.0,0.0,0.0,0.0,0.0,0.0,0.0,0.0,0.0,123.87181908779188,605.3494062385491,0.0,0.0,0.0,0.0,0.0,0.0,0.0,0.0,0.0,0.0
2009-10-01,373.07883841911854,154.33907824754814,0.0,358.1307148634852,207.56040799678775,413.7992938063937,0.0,0.0,0.0,0.0,0.19932182185707265,453.7983620950876,514.8454724857512,0.0,0.0,0.0,0.0,0.0,0.0,0.0,0.0,0.0,0.0,0.0,0.0,0.0,3.8971979830449226,330.8750182720308,344.1453202424463,0.0,0.0,0.0,0.0,0.0,0.0,0.0,0.0,0.0,0.0,0.0,0.0,117.46516225611151,614.7703167830565,0.0,0.0,0.0,0.0,0.0,0.0,0.0,0.0,0.0,0.0
2009-11-01,355.09643692412175,172.32147974254485,0.0,340.266583959481,211.9030658313188,427.3207668758667,0.0,0.0,0.0,0.0,0.1760767504922796,450.0947387947793,516.1865684431257,0.0,0.0,0.0,0.0,0.0,0.0,0.0,0.0,0.0,0.0,0.0,0.0,0.0,3.539632569831469,330.258309219684,345.3783570300679,0.0,0.0,0.0,0.0,0.0,0.0,0.0,0.0,0.0,0.0,0.0,0.0,111.23404558035183,623.925577011174,0.0,0.0,0.0,0.0,0.0,0.0,0.0,0.0,0.0,0.0
2009-12-01,335.99202790386533,191.4258887628013,0.0,322.91218107423833,215.81503739018035,440.76319820224796,0.0,0.0,0.0,0.0,0.15555367825254457,446.218813403111,517.4532161717266,0.0,0.0,0.0,0.0,0.0,0.0,0.0,0.0,0.0,0.0,0.0,0.0,0.0,3.2143720507851015,329.5268001384738,346.49860546454823,0.0,0.0,0.0,0.0,0.0,0.0,0.0,0.0,0.0,0.0,0.0,0.0,105.1910357972825,632.7912816381802,0.0,0.0,0.0,0.0,0.0,0.0,0.0,0.0,0.0,0.0
2010-01-01,315.94775647294625,211.47016019372043,0.0,290.9226275574887,208.4394558914488,431.60280007430845,48.5255331434206,0.0,0.0,0.0,0.13743210835688546,442.16326065975846,518.655032900008,0.0,0.0,0.0,0.0,0.0,0.0,0.0,0.0,0.0,0.0,0.0,0.0,0.0,2.9185550982620634,328.6739242654167,347.5099479973372,0.0,0.0,0.0,0.0,0.0,0.0,0.0,0.0,0.0,0.0,0.0,0.0,99.34671746021363,641.345876276082,0.0,0.0,0.0,0.0,0.0,0.0,0.0,0.0,0.0,0.0
2010-02-01,311.85873872415914,245.33396960917426,0.0,289.9854258617148,222.51913919373948,467.5934397215697,54.68845355630953,0.0,0.0,0.0,0.12139792052102516,437.8072560367106,519.6649971844632,0.0,0.0,0.0,0.0,0.0,0.0,0.0,0.0,0.0,0.0,0.0,0.0,0.0,2.649573384893469,327.69406700915465,348.4164436451661,0.0,0.0,0.0,0.0,0.0,0.0,0.0,0.0,0.0,0.0,0.0,0.0,93.70969031493767,649.5701428689146,0.0,0.0,0.0,0.0,0.0,0.0,0.0,0.0,0.0,0.0
2010-03-01,289.46792811923035,267.7247802141031,0.0,273.23179161681884,224.3613608017912,478.85999765342336,58.33330826130014,0.0,0.0,0.0,0.10731318559125623,433.55240220312885,520.9752647277201,0.0,0.0,0.0,0.0,0.0,0.0,0.0,0.0,0.0,0.0,0.0,0.0,0.0,2.405011015055256,326.57750405196,349.21698483769063,0.0,0.0,0.0,0.0,0.0,0.0,0.0,0.0,0.0,0.0,0.0,0.0,88.2866073119861,657.4471615385208,0.0,0.0,0.0,0.0,0.0,0.0,0.0,0.0,0.0,0.0
2010-04-01,266.9227823788299,290.26992595450344,0.0,257.09665891660535,225.74796252238374,489.7319429415939,62.20989395275064,0.0,0.0,0.0,0.09489492044461595,429.21697944447305,522.3907945744692,0.0,0.0,0.0,0.0,0.0,0.0,0.0,0.0,0.0,0.0,0.0,0.0,0.0,2.1827800972007854,325.33125818292166,349.9276354245686,0.0,0.0,0.0,0.0,0.0,0.0,0.0,0.0,0.0,0.0,0.0,0.0,83.08220470829342,664.9619171009602,0.0,0.0,0.0,0.0,0.0,0.0,0.0,0.0,0.0,0.0
2010-05-01,244.5433131125391,312.6493952207942,0.0,241.58832085927662,226.69466579783455,500.17519927595407,66.32827240026828,0.0,0.0,0.0,0.08392878235087461,424.7251241133488,523.8351580630487,0.0,0.0,0.0,0.0,0.0,0.0,0.0,0.0,0.0,0.0,0.0,0.0,0.0,1.9809417299238308,323.9610851290302,350.56269719134684,0.0,0.0,0.0,0.0,0.0,0.0,0.0,0.0,0.0,0.0,0.0,0.0,78.09952542599018,672.1021656383563,0.0,0.0,0.0,0.0,0.0,0.0,0.0,0.0,0.0,0.0
2010-06-01,222.63983903362373,334.5528692997096,0.0,226.71225636672185,227.21777624839635,510.1582987758665,70.69812694234881,0.0,0.0,0.0,0.0742403721752227,420.05587768395014,525.294447262231,0.0,0.0,0.0,0.0,0.0,0.0,0.0,0.0,0.0,0.0,0.0,0.0,0.0,1.7976868629477578,322.4689110665625,351.13192306489367,0.0,0.0,0.0,0.0,0.0,0.0,0.0,0.0,0.0,0.0,0.0,0.0,73.34004075343708,678.8586068057792,0.0,0.0,0.0,0.0,0.0,0.0,0.0,0.0,0.0,0.0
2010-07-01,201.49545560130113,355.6972527320323,0.0,212.4712137986479,227.33378061471626,519.6528082089644,75.3286557110049,0.0,0.0,0.0,0.06567881482423406,415.2007540934272,526.7677146647102,0.0,0.0,0.0,0.0,0.0,0.0,0.0,0.0,0.0,0.0,0.0,0.0,0.0,1.631346452655147,320.854769998309,351.64254608520963,0.0,0.0,0.0,0.0,0.0,0.0,0.0,0.0,0.0,0.0,0.0,0.0,68.80373379008863,685.2245831912259,0.0,0.0,0.0,0.0,0.0,0.0,0.0,0.0,0.0,0.0
2010-08-01,181.35176259126214,375.84094574207126,0.0,198.8652823185065,227.05904634201886,528.6336733862825,80.22845628652559,0.0,0.0,0.0,0.0581121313977591,410.15773551701125,528.2601744219106,0.0,0.0,0.0,0.0,0.0,0.0,0.0,0.0,0.0,0.0,0.0,0.0,0.0,1.480389860155673,319.1178616559611,352.10040217570526,0.0,0.0,0.0,0.0,0.0,0.0,0.0,0.0,0.0,0.0,0.0,0.0,64.48920427215019,691.1957360501738,0.0,0.0,0.0,0.0,0.0,0.0,0.0,0.0,0.0,0.0
2010-09-01,162.39926173419641,394.793446599137,0.0,185.89196572342766,226.40961345142242,537.0794772775537,85.40540188092966,0.0,0.0,0.0,0.05142432716008595,404.9290811775758,529.7808180345648,0.0,0.0,0.0,0.0,0.0,0.0,0.0,0.0,0.0,0.0,0.0,0.0,0.0,1.3434180905305932,317.2571519871828,352.51057788200956,0.0,0.0,0.0,0.0,0.0,0.0,0.0,0.0,0.0,0.0,0.0,0.0,60.39379584278583,696.769701032755,0.0,0.0,0.0,0.0,0.0,0.0,0.0,0.0,0.0,0.0
2010-10-01,144.77297519100946,412.41973314232393,0.0,173.54626971991635,225.40106674580244,544.9726122842825,90.8665095833322,0.0,0.0,0.0,0.045513186037019836,399.5201609388015,531.3411918836258,0.0,0.0,0.0,0.0,0.0,0.0,0.0,0.0,0.0,0.0,0.0,0.0,0.0,1.219155159996436,315.27177770282185,352.8778560109274,0.0,0.0,0.0,0.0,0.0,0.0,0.0,0.0,0.0,0.0,0.0,0.0,56.51373719404582,701.9458498606416,0.0,0.0,0.0,0.0,0.0,0.0,0.0,0.0,0.0,0.0
2010-11-01,128.55299308163413,428.6397152516993,0.0,161.82080973775163,224.04847586838665,552.2993710519821,96.61780167521302,0.0,0.0,0.0,0.04028848265299258,393.9386655635541,532.9545816651685,0.0,0.0,0.0,0.0,0.0,0.0,0.0,0.0,0.0,0.0,0.0,0.0,0.0,1.1064388193795751,313.1613275782346,353.2070336629456,0.0,0.0,0.0,0.0,0.0,0.0,0.0,0.0,0.0,0.0,0.0,0.0,52.844289527934826,706.7250775822364,0.0,0.0,0.0,0.0,0.0,0.0,0.0,0.0,0.0,0.0
2010-12-01,113.76902103430403,443.4236872990294,0.0,150.70594274552397,222.3663909442039,559.0499631172016,102.66416152640411,0.0,0.0,0.0,0.035670487649715074,388.19399391828387,534.6353708684502,0.0,0.0,0.0,0.0,0.0,0.0,0.0,0.0,0.0,0.0,0.0,0.0,0.0,1.0042112557075062,310.9260321015195,353.5031442977371,0.0,0.0,0.0,0.0,0.0,0.0,0.0,0.0,0.0,0.0,0.0,0.0,49.3798942720561,711.1096326738274,0.0,0.0,0.0,0.0,0.0,0.0,0.0,0.0,0.0,0.0
2011-01-01,100.4076596687905,456.78504866454284,0.0,140.18992342942911,220.36888221463443,565.2184665879369,109.00918610133303,0.0,0.0,0.0,0.03158869704051785,382.29674876084124,536.398494211474,0.0,0.0,0.0,0.0,0.0,0.0,0.0,0.0,0.0,0.0,0.0,0.0,0.0,0.9115101173834306,308.56687994782334,353.7716019239183,0.0,0.0,0.0,0.0,0.0,0.0,0.0,0.0,0.0,0.0,0.0,0.0,46.11431638300718,715.1029853056889,0.0,0.0,0.0,0.0,0.0,0.0,0.0,0.0,0.0,0.0
2011-02-01,92.9572319285053,492.82026807149464,0.0,136.94156196664395,229.2568995002681,600.0857302371022,121.58830829598563,0.0,0.0,0.0,0.027980740102882068,376.25831735256344,538.2589602124971,0.0,0.0,0.0,0.0,0.0,0.0,0.0,0.0,0.0,0.0,0.0,0.0,0.0,0.8274600545715756,306.0856749245074,354.0182806057639,0.0,0.0,0.0,0.0,0.0,0.0,0.0,0.0,0.0,0.0,0.0,0.0,43.04077984425053,718.7097278080385,0.0,0.0,0.0,0.0,0.0,0.0,0.0,0.0,0.0,0.0
2011-03-01,81.72407805394855,504.0534219460514,0.0,127.10026796238026,226.5364714111822,605.3437880399662,128.89197258647127,0.0,0.0,0.0,0.024806994314418403,370.3228311962168,540.57053507219,0.0,0.0,0.0,0.0,0.0,0.0,0.0,0.0,0.0,0.0,0.0,0.0,0.0,0.7512648714708089,303.48504502218094,354.2495405403753,0.0,0.0,0.0,0.0,0.0,0.0,0.0,0.0,0.0,0.0,0.0,0.0,40.152093076487965,721.9355007513647,0.0,0.0,0.0,0.0,0.0,0.0,0.0,0.0,0.0,0.0
2011-04-01,71.76434209121423,514.0131579087857,0.0,117.8402073775641,223.52666994768256,609.9943132589265,136.51130941582687,0.0,0.0,0.0,0.022005514533560862,364.36108857265924,543.1582964821972,0.0,0.0,0.0,0.0,0.0,0.0,0.0,0.0,0.0,0.0,0.0,0.0,0.0,0.6822238979495909,300.7788065766764,354.48445908397537,0.0,0.0,0.0,0.0,0.0,0.0,0.0,0.0,0.0,0.0,0.0,0.0,37.44076290640482,724.7869380117535,0.0,0.0,0.0,0.0,0.0,0.0,0.0,0.0,0.0,0.0
2011-05-01,62.97285818288482,522.8046418171151,0.0,109.14223648130067,220.2412419299348,614.045848391223,144.44317319754154,0.0,0.0,0.0,0.0195288600388679,358.3276309181591,545.9580767898971,0.0,0.0,0.0,0.0,0.0,0.0,0.0,0.0,0.0,0.0,0.0,0.0,0.0,0.6196883950166867,297.97881009314364,354.7398068660133,0.0,0.0,0.0,0.0,0.0,0.0,0.0,0.0,0.0,0.0,0.0,0.0,34.89913356073351,727.2723972984369,0.0,0.0,0.0,0.0,0.0,0.0,0.0,0.0,0.0,0.0
2011-06-01,55.240442184263046,530.5370578157368,0.0,100.98608087883164,216.6939779902589,617.510092979595,152.68234815131447,0.0,0.0,0.0,0.017337962260549084,352.21534226756967,548.95771999405,0.0,0.0,0.0,0.0,0.0,0.0,0.0,0.0,0.0,0.0,0.0,0.0,0.0,0.5630572478561692,295.0935817530755,355.0283287051454,0.0,0.0,0.0,0.0,0.0,0.0,0.0,0.0,0.0,0.0,0.0,0.0,32.5194685124566,729.4020413453277,0.0,0.0,0.0,0.0,0.0,0.0,0.0,0.0,0.0,0.0
2011-07-01,48.458660996528224,537.3188390034717,0.0,93.35056659528432,212.8988342001795,620.4016548560306,161.2214443485055,0.0,0.0,0.0,0.015398929018717526,346.024984518875,552.1544573304698,0.0,0.0,0.0,0.0,0.0,0.0,0.0,0.0,0.0,0.0,0.0,0.0,0.0,0.5117785600563595,292.12985355212174,355.36041110237994,0.0,0.0,0.0,0.0,0.0,0.0,0.0,0.0,0.0,0.0,0.0,0.0,30.294006186812894,731.1875571161268,0.0,0.0,0.0,0.0,0.0,0.0,0.0,0.0,0.0,0.0
2011-08-01,42.5232509516447,543.2542490483552,0.0,86.21384437306119,208.8700433966862,622.73779475924,170.05081747101235,0.0,0.0,0.0,0.013682087607962839,339.76063169895986,555.5486115697913,0.0,0.0,0.0,0.0,0.0,0.0,0.0,0.0,0.0,0.0,0.0,0.0,0.0,0.46534816436502074,289.093347935129,355.74492540771837,0.0,0.0,0.0,0.0,0.0,0.0,0.0,0.0,0.0,0.0,0.0,0.0,28.215011187300053,732.6418591998539,0.0,0.0,0.0,0.0,0.0,0.0,0.0,0.0,0.0,0.0
2011-09-01,37.336379486511035,548.4411205134888,0.0,79.55360331589176,204.62221172541865,624.5381682003031,179.15851675838667,0.0,0.0,0.0,0.012161368930109169,333.42807279006024,559.1413794638901,0.0,0.0,0.0,0.0,0.0,0.0,0.0,0.0,0.0,0.0,0.0,0.0,0.0,0.4233068629249661,285.9891931909698,356.18965900454896,0.0,0.0,0.0,0.0,0.0,0.0,0.0,0.0,0.0,0.0,0.0,0.0,26.274822683518977,733.7788350192582,0.0,0.0,0.0,0.0,0.0,0.0,0.0,0.0,0.0,0.0
2011-10-01,32.807973872274374,552.9695261277255,0.0,73.34727084278845,200.1703966697897,625.8245672159383,188.53026527148353,0.0,0.0,0.0,0.01081383234267734,327.0340928807176,562.9338077154024,0.0,0.0,0.0,0.0,0.0,0.0,0.0,0.0,0.0,0.0,0.0,0.0,0.0,0.3852372561677419,282.8221821519791,356.7015735360423,0.0,0.0,0.0,0.0,0.0,0.0,0.0,0.0,0.0,0.0,0.0,0.0,24.4658986657207,734.6131299499035,0.0,0.0,0.0,0.0,0.0,0.0,0.0,0.0,0.0,0.0
2011-11-01,28.85633616530624,556.9211638346936,0.0,67.5721967411807,195.53016358461502,626.6206636295717,198.1494760446325,0.0,0.0,0.0,0.009619273006584208,320.5861089199118,566.9262518507579,0.0,0.0,0.0,0.0,0.0,0.0,0.0,0.0,0.0,0.0,0.0,0.0,0.0,0.35076048244578417,279.59694135177625,357.2869643227012,0.0,0.0,0.0,0.0,0.0,0.0,0.0,0.0,0.0,0.0,0.0,0.0,22.780855173293848,735.1599673815962,0.0,0.0,0.0,0.0,0.0,0.0,0.0,0.0,0.0,0.0
2011-12-01,25.40823954333325,560.3692604566667,0.0,62.20581988121891,190.71761851741914,626.9517546692413,207.9973069321205,0.0,0.0,0.0,0.008559887201572558,314.0919754395808,571.1180729900072,0.0,0.0,0.0,0.0,0.0,0.0,0.0,0.0,0.0,0.0,0.0,0.0,0.0,0.31953302466721056,276.31804273775083,357.95155605483205,0.0,0.0,0.0,0.0,0.0,0.0,0.0,0.0,0.0,0.0,0.0,0.0,21.212500043641388,735.4349987481231,0.0,0.0,0.0,0.0,0.0,0.0,0.0,0.0,0.0,0.0
2012-01-01,22.398668642781104,563.3788313572188,0.0,57.2258168394839,185.74941588842728,626.8445112786582,218.05275599343062,0.0,0.0,0.0,0.007619982556603182,307.5598799910423,575.5074691222057,0.0,0.0,0.0,0.0,0.0,0.0,0.0,0.0,0.0,0.0,0.0,0.0,0.0,0.2912436644974871,272.9900767291054,358.7005553371945,0.0,0.0,0.0,0.0,0.0,0.0,0.0,0.0,0.0,0.0,0.0,0.0,19.753861060762745,735.4541787008963,0.0,0.0,0.0,0.0,0.0,0.0,0.0,0.0,0.0,0.0
2012-02-01,20.35186212365956,582.6558462096738,0.0,54.157723013296135,185.95621191205535,644.7496628652656,235.0078605427163,0.0,0.0,0.0,0.006785725041433234,300.9982878659247,580.0913906286446,0.0,0.0,0.0,0.0,0.0,0.0,0.0,0.0,0.0,0.0,0.0,0.0,0.0,0.2656106240683548,269.61769890959204,359.53867376089465,0.0,0.0,0.0,0.0,0.0,0.0,0.0,0.0,0.0,0.0,0.0,0.0,18.398208628944428,735.2336609690656,0.0,0.0,0.0,0.0,0.0,0.0,0.0,0.0,0.0,0.0
2012-03-01,17.987004327822778,585.0207040055105,0.0,49.759405488430595,180.57497264009194,643.8235540617014,245.71352614310942,0.0,0.0,0.0,0.006046968342849668,294.5158230084816,585.0639860719454,0.0,0.0,0.0,0.0,0.0,0.0,0.0,0.0,0.0,0.0,0.0,0.0,0.0,0.24237891169640052,266.2056588305428,360.4701312316361,0.0,0.0,0.0,0.0,0.0,0.0,0.0,0.0,0.0,0.0,0.0,0.0,17.139073269460393,734.7897109628105,0.0,0.0,0.0,0.0,0.0,0.0,0.0,0.0,0.0,0.0
2012-04-01,15.917895715728138,587.0898126176053,0.0,45.69260500709169,175.08800065186023,642.5345207645853,256.55633190979603,0.0,0.0,0.0,0.00539125601887655,288.05968794580355,590.311942390787,0.0,0.0,0.0,0.0,0.0,0.0,0.0,0.0,0.0,0.0,0.0,0.0,0.0,0.22132184156911833,262.76352701529885,361.505126844472,0.0,0.0,0.0,0.0,0.0,0.0,0.0,0.0,0.0,0.0,0.0,0.0,15.970258349714586,734.1386317583691,0.0,0.0,0.0,0.0,0.0,0.0,0.0,0.0,0.0,0.0
2012-05-01,14.105409390977442,588.902298942356,0.0,41.93648124652063,169.51425536182043,640.913142482065,267.50757924292714,0.0,0.0,0.0,0.00480853955129528,281.61410768948525,595.7843566587013,0.0,0.0,0.0,0.0,0.0,0.0,0.0,0.0,0.0,0.0,0.0,0.0,0.0,0.2022326716863539,259.2997457426267,362.65202623591426,0.0,0.0,0.0,0.0,0.0,0.0,0.0,0.0,0.0,0.0,0.0,0.0,14.885856246097978,733.2970813981273,0.0,0.0,0.0,0.0,0.0,0.0,0.0,0.0,0.0,0.0
2012-06-01,12.515646430429792,590.4920619029035,0.0,38.47093299589728,163.87291943651206,638.9901638353701,278.5374420655539,0.0,0.0,0.0,0.004290325327362187,275.1802307689249,601.459639696047,0.0,0.0,0.0,0.0,0.0,0.0,0.0,0.0,0.0,0.0,0.0,0.0,0.0,0.1849227479867366,255.8210699548734,363.9164458251058,0.0,0.0,0.0,0.0,0.0,0.0,0.0,0.0,0.0,0.0,0.0,0.0,13.880251498394022,732.2820745827078,0.0,0.0,0.0,0.0,0.0,0.0,0.0,0.0,0.0,0.0
2012-07-01,11.119293860493954,591.8884144728394,0.0,35.27664920663563,158.18326734184248,636.7962579171765,289.6152838676787,0.0,0.0,0.0,0.003829201321682152,268.76297208395664,607.3211817711808,0.0,0.0,0.0,0.0,0.0,0.0,0.0,0.0,0.0,0.0,0.0,0.0,0.0,0.1692207418907878,252.3333076512485,365.30211849015524,0.0,0.0,0.0,0.0,0.0,0.0,0.0,0.0,0.0,0.0,0.0,0.0,12.94811767747808,731.1108135705458,0.0,0.0,0.0,0.0,0.0,0.0,0.0,0.0,0.0,0.0
2012-08-01,9.891036528032618,593.1166718053007,0.0,32.33514695789364,152.46452048120653,634.3617970522795,300.7099938419537,0.0,0.0,0.0,0.0034186610249277655,262.36902781514675,613.3539531014949,0.0,0.0,0.0,0.0,0.0,0.0,0.0,0.0,0.0,0.0,0.0,0.0,0.0,0.1549714831167815,248.84171714093395,366.8113441893762,0.0,0.0,0.0,0.0,0.0,0.0,0.0,0.0,0.0,0.0,0.0,0.0,12.084412729505084,729.8005185843188,0.0,0.0,0.0,0.0,0.0,0.0,0.0,0.0,0.0,0.0
2012-09-01,8.809027544715955,594.1986807886174,0.0,29.628797654074695,146.73569325073169,631.7166330096611,311.79033441886577,0.0,0.0,0.0,0.0030529778814207373,256.0061538625009,619.5434248928763,0.0,0.0,0.0,0.0,0.0,0.0,0.0,0.0,0.0,0.0,0.0,0.0,0.0,0.14203467090528207,245.3512339702268,368.44523708538065,0.0,0.0,0.0,0.0,0.0,0.0,0.0,0.0,0.0,0.0,0.0,0.0,11.284373414449274,728.3682852227104,0.0,0.0,0.0,0.0,0.0,0.0,0.0,0.0,0.0,0.0
2012-10-01,7.854417686234999,595.1532906470984,0.0,27.140842738857533,141.0154345847739,628.8898889656068,322.8252920440949,0.0,0.0,0.0,0.002727103764001363,249.6828049503902,625.8751559459606,0.0,0.0,0.0,0.0,0.0,0.0,0.0,0.0,0.0,0.0,0.0,0.0,0.0,0.1302835953315413,241.86662299719205,370.20389145341306,0.0,0.0,0.0,0.0,0.0,0.0,0.0,0.0,0.0,0.0,0.0,0.0,10.54350881486412,726.8309672550238,0.0,0.0,0.0,0.0,0.0,0.0,0.0,0.0,0.0,0.0
2012-11-01,7.010941403827386,595.996766929506,0.0,24.855400154977083,135.32186963100034,625.9097656433603,333.7844229039957,0.0,0.0,0.0,0.002436583346539539,243.40791096340644,632.3346392353237,0.0,0.0,0.0,0.0,0.0,0.0,0.0,0.0,0.0,0.0,0.0,0.0,0.0,0.11960391418820797,238.39258493500262,372.0865030124096,0.0,0.0,0.0,0.0,0.0,0.0,0.0,0.0,0.0,0.0,0.0,0.0,9.857592933597473,725.2050817770577,0.0,0.0,0.0,0.0,0.0,0.0,0.0,0.0,0.0,0.0
2012-12-01,6.264555507289275,596.743152826044,0.0,22.757462709358496,129.67244607753977,622.8033640412929,344.63818550514225,0.0,0.0,0.0,0.002177480602793511,237.19071441825318,638.9072692610498,0.0,0.0,0.0,0.0,0.0,0.0,0.0,0.0,0.0,0.0,0.0,0.0,0.0,0.1098925050045773,234.9338309330224,374.0914622647536,0.0,0.0,0.0,0.0,0.0,0.0,0.0,0.0,0.0,0.0,0.0,0.0,9.222656451372686,723.5067337494527,0.0,0.0,0.0,0.0,0.0,0.0,0.0,0.0,0.0,0.0
2013-01-01,5.603125762576258,597.404582570757,0.0,20.83288942564842,124.0837893616644,619.5965270054757,355.3582525405448,0.0,0.0,0.0,0.001946315170328263,231.04063830495505,645.5783714968494,0.0,0.0,0.0,0.0,0.0,0.0,0.0,0.0,0.0,0.0,0.0,0.0,0.0,0.10105640019354652,231.49513300491918,376.21642916139626,0.0,0.0,0.0,0.0,0.0,0.0,0.0,0.0,0.0,0.0,0.0,0.0,8.634977748818033,721.7515570239087,0.0,0.0,0.0,0.0,0.0,0.0,0.0,0.0,0.0,0.0
2013-02-01,5.24156682894852,624.8634331710514,0.0,19.925265089354973,123.89980828189685,644.008923249766,382.3610033789821,0.0,0.0,0.0,0.0017400070033172952,224.9671706940169,652.3332652098474,0.0,0.0,0.0,0.0,0.0,0.0,0.0,0.0,0.0,0.0,0.0,0.0,0.0,0.09301180721338728,228.08135548186877,378.4583950756558,0.0,0.0,0.0,0.0,0.0,0.0,0.0,0.0,0.0,0.0,0.0,0.0,8.091073317586927,719.9546691363487,0.0,0.0,0.0,0.0,0.0,0.0,0.0,0.0,0.0,0.0
2013-03-01,4.696528667587201,625.4084713324128,0.0,18.235726068065674,118.23501676364135,640.5231415960799,393.2011155722131,0.0,0.0,0.0,0.0015565901268296586,219.08701301649137,659.4801892953516,0.0,0.0,0.0,0.0,0.0,0.0,0.0,0.0,0.0,0.0,0.0,0.0,0.0,0.07414734563830863,194.44557041460658,329.5432910276384,81.53388192190855,0.0,0.0,0.0,0.0,0.0,0.0,0.0,0.0,0.0,0.0,0.0,5.048329940603124,477.7951523513889,242.8748427910572,0.0,0.0,0.0,0.0,0.0,0.0,0.0,0.0,0.0
2013-04-01,4.211560232552299,625.8934397674476,0.0,16.68826436513053,112.67938998918986,637.0042155570777,403.82313008860183,0.0,0.0,0.0,0.0013930193664234212,213.34179559080457,666.830318343542,0.0,0.0,0.0,0.0,0.0,0.0,0.0,0.0,0.0,0.0,0.0,0.0,0.0,0.06741386950314118,188.8794831865982,327.0561059360746,88.71786278931647,0.0,0.0,0.0,0.0,0.0,0.0,0.0,0.0,0.0,0.0,0.0,4.6441528079768295,467.098791238651,263.0612348789311,0.0,0.0,0.0,0.0,0.0,0.0,0.0,0.0,0.0
2013-05-01,3.7795054256127156,626.3254945743872,0.0,15.271522151166426,107.24566118309181,633.4726913320862,414.20512533365536,0.0,0.0,0.0,0.0012469410840668257,207.71364846538577,674.297924832222,0.0,0.0,0.0,0.0,0.0,0.0,0.0,0.0,0.0,0.0,0.0,0.0,0.0,0.061302879647165236,183.33204055803046,324.42771918828635,96.19579916534136,0.0,0.0,0.0,0.0,0.0,0.0,0.0,0.0,0.0,0.0,0.0,4.284557284641509,457.5318439868342,284.71006535605267,0.0,0.0,0.0,0.0,0.0,0.0,0.0,0.0,0.0
2013-06-01,3.3941376585725624,626.7108623414273,0.0,13.974925482151798,101.94520229493442,629.947323525668,424.3275486972457,0.0,0.0,0.0,0.0011164036403793795,202.20264369891797,681.846837846316,0.0,0.0,0.0,0.0,0.0,0.0,0.0,0.0,0.0,0.0,0.0,0.0,0.0,0.05575970629141357,177.82656281503702,321.6756242175218,103.93347290453525,0.0,0.0,0.0,0.0,0.0,0.0,0.0,0.0,0.0,0.0,0.0,3.946646160768338,447.0480476698918,306.51731613181744,0.0,0.0,0.0,0.0,0.0,0.0,0.0,0.0,0.0
2013-07-01,3.050029652907903,627.0549703470921,0.0,12.788650526850606,96.78798743537797,626.4450536143145,434.1733084234568,0.0,0.0,0.0,0.0009997039832174862,196.8124292801677,689.4510041081834,0.0,0.0,0.0,0.0,0.0,0.0,0.0,0.0,0.0,0.0,0.0,0.0,0.0,0.05073407438137675,172.38533110647168,318.8182548208424,111.89327659826266,0.0,0.0,0.0,0.0,0.0,0.0,0.0,0.0,0.0,0.0,0.0,3.6266187577143563,435.341129598642,327.94863614123904,0.0,0.0,0.0,0.0,0.0,0.0,0.0,0.0,0.0
2013-08-01,2.742442318008603,627.3625576819912,0.0,11.703588193547757,91.78257837337662,622.9810115748106,443.72782185826475,0.0,0.0,0.0,0.0008953414180086176,191.54800597399216,697.0889271192225,0.0,0.0,0.0,0.0,0.0,0.0,0.0,0.0,0.0,0.0,0.0,0.0,0.0,0.04617978699866413,167.02940103714042,315.8748489753421,120.03567398105167,0.0,0.0,0.0,0.0,0.0,0.0,0.0,0.0,0.0,0.0,0.0,3.3247547847518506,422.54704324198383,348.7094765359591,0.0,0.0,0.0,0.0,0.0,0.0,0.0,0.0,0.0
2013-09-01,2.4672299147392676,627.6377700852606,0.0,10.711307704134406,86.93613104536286,619.5685390018141,452.97902224868864,0.0,0.0,0.0,0.0008019878005988511,186.41490376840477,704.7418257855422,0.0,0.0,0.0,0.0,0.0,0.0,0.0,0.0,0.0,0.0,0.0,0.0,0.0,0.042054380132066506,161.7782533504613,312.8649316546567,128.32070679005875,0.0,0.0,0.0,0.0,0.0,0.0,0.0,0.0,0.0,0.0,0.0,3.0422109880750403,408.9537115038179,368.64271496493427,0.0,0.0,0.0,0.0,0.0,0.0,0.0,0.0,0.0
2013-10-01,2.220759091206171,627.8842409087937,0.0,9.804019605425735,82.25442148911401,616.219231643728,461.91732726173217,0.0,0.0,0.0,0.000718464646704031,181.41877399297235,712.3928396578453,0.0,0.0,0.0,0.0,0.0,0.0,0.0,0.0,0.0,0.0,0.0,0.0,0.0,0.0383188027843362,156.64942681833062,309.8076428777491,136.70946703782377,0.0,0.0,0.0,0.0,0.0,0.0,0.0,0.0,0.0,0.0,0.0,2.7798893301715193,394.8757626191602,387.6770888494472,0.0,0.0,0.0,0.0,0.0,0.0,0.0,0.0,0.0
2013-11-01,1.9998397177687495,628.1051602822312,0.0,8.974538651670018,77.74188919187435,612.9429989845697,470.53557317188597,0.0,0.0,0.0,0.0006437243762331754,176.56515243338822,720.0266297939771,0.0,0.0,0.0,0.0,0.0,0.0,0.0,0.0,0.0,0.0,0.0,0.0,0.0,0.03493713665935449,151.6582005055873,306.7210278479449,145.16543838298898,0.0,0.0,0.0,0.0,0.0,0.0,0.0,0.0,0.0,0.0,0.0,2.538098558531002,380.59812998931625,405.7950660832165,0.0,0.0,0.0,0.0,0.0,0.0,0.0,0.0,0.0
2013-12-01,1.801665748439609,628.3033342515603,0.0,8.21624693830203,73.40169553929374,609.7481383002532,478.828919222151,0.0,0.0,0.0,0.0005768344824959118,171.85930899162315,727.6291549024702,0.0,0.0,0.0,0.0,0.0,0.0,0.0,0.0,0.0,0.0,0.0,0.0,0.0,0.03187635652197101,146.81736431935735,303.6213736715957,153.65562323042374,0.0,0.0,0.0,0.0,0.0,0.0,0.0,0.0,0.0,0.0,0.0,2.3165482783463727,366.35431613162046,423.01180089853614,0.0,0.0,0.0,0.0,0.0,0.0,0.0,0.0,0.0
2014-01-01,1.6237645977173176,628.4812354022826,0.0,7.523057614906186,69.23579486610038,606.6414205184997,486.7947270004938,0.0,0.0,0.0,0.0005169639676554335,167.30614844494232,735.1875325276446,0.0,0.0,0.0,0.0,0.0,0.0,0.0,0.0,0.0,0.0,0.0,0.0,0.0,0.029106126330321398,142.1370975042351,300.5226547539563,162.15139652744458,0.0,0.0,0.0,0.0,0.0,0.0,0.0,0.0,0.0,0.0,0.0,2.114468467810523,352.32250813768763,439.3614712917442,0.0,0.0,0.0,0.0,0.0,0.0,0.0,0.0,0.0
2014-02-01,1.5098031026963408,648.3293635639703,0.0,7.105146926671555,67.2884146676684,622.5331283692439,509.9174767030831,0.0,0.0,0.0,0.00046337160721499185,162.91014517471498,742.6899434100227,0.0,0.0,0.0,0.0,0.0,0.0,0.0,0.0,0.0,0.0,0.0,0.0,0.0,0.026598623664883556,137.624959126337,297.4361274640456,170.62905642883405,0.0,0.0,0.0,0.0,0.0,0.0,0.0,0.0,0.0,0.0,0.0,1.9307579652588063,338.63029591039555,454.88868371544777,0.0,0.0,0.0,0.0,0.0,0.0,0.0,0.0,0.0
2014-03-01,1.3616538953935957,648.477512771273,0.0,6.507707071840308,63.35303904017869,619.5260675176029,517.457353037045,0.0,0.0,0.0,0.0004155312232734606,158.727055994126,750.3702183723653,0.0,0.0,0.0,0.0,0.0,0.0,0.0,0.0,0.0,0.0,0.0,0.0,0.0,0.024328384463668126,133.28598221768783,294.37009372953656,179.07007098579,0.0,0.0,0.0,0.0,0.0,0.0,0.0,0.0,0.0,0.0,0.0,1.7641199713644375,325.36283514807855,469.6432796984488,0.0,0.0,0.0,0.0,0.0,0.0,0.0,0.0,0.0
2014-04-01,1.2284089902723967,648.6107576763942,0.0,5.961502615119442,59.596864765694185,616.6224249208412,524.6633743650119,0.0,0.0,0.0,0.00037274076398060066,154.72776882795267,758.0853326240403,0.0,0.0,0.0,0.0,0.0,0.0,0.0,0.0,0.0,0.0,0.0,0.0,0.0,0.022272516204623744,129.12491460069955,291.33448245663493,187.4640356750748,0.0,0.0,0.0,0.0,0.0,0.0,0.0,0.0,0.0,0.0,0.0,1.6131699011605085,312.5716898980991,483.6773243780193,0.0,0.0,0.0,0.0,0.0,0.0,0.0,0.0,0.0
2014-05-01,1.1085052008500977,648.7306614658165,0.0,5.462093562803089,56.017828840072305,613.8239215011139,531.5403227626775,0.0,0.0,0.0,0.0003344350164779088,150.90247217399383,765.7717081552183,0.0,0.0,0.0,0.0,0.0,0.0,0.0,0.0,0.0,0.0,0.0,0.0,0.0,0.020410019791983484,125.14372592202086,288.33512196778776,195.80528011881876,0.0,0.0,0.0,0.0,0.0,0.0,0.0,0.0,0.0,0.0,0.0,1.4765147786874884,300.2831742494502,497.04370403662125,0.0,0.0,0.0,0.0,0.0,0.0,0.0,0.0,0.0
2014-06-01,1.0005540270118114,648.8386126396549,0.0,5.005417840627199,52.61309434535561,611.1312369960191,538.094417484665,0.0,0.0,0.0,0.0003001332175243134,147.2496843841079,773.4039954813285,0.0,0.0,0.0,0.0,0.0,0.0,0.0,0.0,0.0,0.0,0.0,0.0,0.0,0.018721674948857285,121.3417292936824,285.3734101255382,204.09182922297228,0.0,0.0,0.0,0.0,0.0,0.0,0.0,0.0,0.0,0.0,0.0,1.3528060042607475,288.5052852034812,509.7952622184935,0.0,0.0,0.0,0.0,0.0,0.0,0.0,0.0,0.0
2014-07-01,0.9033204170193184,648.9358462496473,0.0,4.587761873440028,49.37914943314311,608.5441185885486,544.333136771535,0.0,0.0,0.0,0.00026941082619363747,143.76935532748152,780.9650020274564,0.0,0.0,0.0,0.0,0.0,0.0,0.0,0.0,0.0,0.0,0.0,0.0,0.0,0.017190007294812876,117.71626757841095,282.4473423414594,212.32505258424035,0.0,0.0,0.0,0.0,0.0,0.0,0.0,0.0,0.0,0.0,0.0,1.2407716912073161,277.2332104381224,521.9841742120586,0.0,0.0,0.0,0.0,0.0,0.0,0.0,0.0,0.0
2014-08-01,0.8157043645259173,649.0234623021407,0.0,4.205732854224848,46.31190361349456,606.0614860432487,550.2650441556988,0.0,0.0,0.0,0.0002418903623404834,140.46184128805655,788.4413521212065,0.0,0.0,0.0,0.0,0.0,0.0,0.0,0.0,0.0,0.0,0.0,0.0,0.0,0.015799205711348883,114.26321768138662,279.5522710406188,220.50912040799312,0.0,0.0,0.0,0.0,0.0,0.0,0.0,0.0,0.0,0.0,0.0,1.1392343363877693,266.4535944392885,533.6614683573972,0.0,0.0,0.0,0.0,0.0,0.0,0.0,0.0,0.0
2014-09-01,0.7367249291874508,649.1024417374791,0.0,3.856232717318615,43.40678005754669,603.681532118604,555.8996217731974,0.0,0.0,0.0,0.00021723522489069458,137.32756135246697,795.8219801143393,0.0,0.0,0.0,0.0,0.0,0.0,0.0,0.0,0.0,0.0,0.0,0.0,0.0,0.014535016768896047,110.97739083367473,276.68153935951807,228.6503747221163,0.0,0.0,0.0,0.0,0.0,0.0,0.0,0.0,0.0,0.0,0.0,1.0471182732089312,256.1477528924041,544.8766157758976,0.0,0.0,0.0,0.0,0.0,0.0,0.0,0.0,0.0
2014-10-01,0.6655063327132784,649.1736603339534,0.0,3.5364338069635615,40.658802897327625,601.4018172981831,561.2471126641924,0.0,0.0,0.0,0.00019514479614469942,134.3668570928846,803.0974260737102,0.0,0.0,0.0,0.0,0.0,0.0,0.0,0.0,0.0,0.0,0.0,0.0,0.0,0.01338462987698224,107.85286690711112,273.82705714364914,236.7566952813933,0.0,0.0,0.0,0.0,0.0,0.0,0.0,0.0,0.0,0.0,0.0,0.9634503095794504,246.29403005087255,555.677151338962,0.0,0.0,0.0,0.0,0.0,0.0,0.0,0.0,0.0
2014-11-01,0.6012658354902706,649.2379008311765,0.0,3.2437562124859203,38.062678766030324,599.219358137753,566.3183735503975,0.0,0.0,0.0,0.00017535033861603339,131.57993528909734,810.2594400086593,0.0,0.0,0.0,0.0,0.0,0.0,0.0,0.0,0.0,0.0,0.0,0.0,0.0,0.012336559402931602,104.88327288636037,270.9798271265726,244.8368977592867,0.0,0.0,0.0,0.0,0.0,0.0,0.0,0.0,0.0,0.0,0.0,0.8873560651433715,236.86948081060552,566.108320323487,0.0,0.0,0.0,0.0,0.0,0.0,0.0,0.0,0.0
2014-12-01,0.5433031437846702,649.295863522882,0.0,2.9758467252184544,35.61287205987012,597.1307087570048,571.1247391245734,0.0,0.0,0.0,0.00015761146079471902,128.966851318256,817.3007278294516,0.0,0.0,0.0,0.0,0.0,0.0,0.0,0.0,0.0,0.0,0.0,0.0,0.0,0.011380527696513683,102.06201098495282,268.1304188145534,252.90018615447272,0.0,0.0,0.0,0.0,0.0,0.0,0.0,0.0,0.0,0.0,0.0,0.8180537950576572,227.85103397393254,576.2127594659504,0.0,0.0,0.0,0.0,0.0,0.0,0.0,0.0,0.0
2015-01-01,0.4909911352923373,649.3481755313743,0.0,2.730559359437881,33.303673613928694,595.1320352089105,575.6778984843897,0.0,0.0,0.0,0.0001417130357641045,126.52751486359706,824.2147709401818,0.0,0.0,0.0,0.0,0.0,0.0,0.0,0.0,0.0,0.0,0.0,0.0,0.0,0.010507351739624705,99.3824413685117,265.26938674465094,260.95567157581445,0.0,0.0,0.0,0.0,0.0,0.0,0.0,0.0,0.0,0.0,0.0,0.754846927708638,219.21626502822184,586.0302245775052,0.0,0.0,0.0,0.0,0.0,0.0,0.0,0.0,0.0
2015-02-01,0.46051143838029485,673.8976135616197,0.0,2.600488417412284,32.30379497259369,615.6018230918218,601.8732685181723,0.0,0.0,0.0,0.00012746249111170686,124.2617087302449,830.9956879228138,0.0,0.0,0.0,0.0,0.0,0.0,0.0,0.0,0.0,0.0,0.0,0.0,0.0,0.00970883530783342,96.83802472440009,262.38763133063026,269.01196268270724,0.0,0.0,0.0,0.0,0.0,0.0,0.0,0.0,0.0,0.0,0.0,0.6971161308310427,210.943880440547,595.5973748107624,0.0,0.0,0.0,0.0,0.0,0.0,0.0,0.0,0.0
2015-03-01,0.41626361196360706,673.9418613880364,0.0,2.386984976179383,30.181116062752228,613.7012737338343,606.110000227234,0.0,0.0,0.0,0.0001147300962108531,122.21458492877362,837.9498775125898,0.0,0.0,0.0,0.0,0.0,0.0,0.0,0.0,0.0,0.0,0.0,0.0,0.0,0.008977667879073987,94.42243014022125,259.47670243734996,277.0768281976173,0.0,0.0,0.0,0.0,0.0,0.0,0.0,0.0,0.0,0.0,0.0,0.6443114253957735,203.01399280883848,604.947619417973,0.0,0.0,0.0,0.0,0.0,0.0,0.0,0.0,0.0
2015-04-01,0.3763034506866193,673.9818215493134,0.0,2.1913872771887464,28.186104824160246,611.8804029596581,610.1214799389928,0.0,0.0,0.0,0.00010332683853903088,120.35817608456173,844.9010989676558,0.0,0.0,0.0,0.0,0.0,0.0,0.0,0.0,0.0,0.0,0.0,0.0,0.0,0.008307477592253167,92.13123930741571,256.53357381591223,285.1619601114709,0.0,0.0,0.0,0.0,0.0,0.0,0.0,0.0,0.0,0.0,0.0,0.5959446610823769,195.40824758004862,614.1110283315135,0.0,0.0,0.0,0.0,0.0,0.0,0.0,0.0,0.0
2015-05-01,0.3402090184569489,674.0179159815431,0.0,2.01215626573814,26.31269086574706,610.1342449940691,613.9202828744457,0.0,0.0,0.0,9.310287396080052e-05,118.68125533949572,851.7747747774657,0.0,0.0,0.0,0.0,0.0,0.0,0.0,0.0,0.0,0.0,0.0,0.0,0.0,0.007692527084293118,89.95989066388799,253.55516773491212,293.2772302629916,0.0,0.0,0.0,0.0,0.0,0.0,0.0,0.0,0.0,0.0,0.0,0.5515829466279955,188.10999014271184,623.1147777175432,0.0,0.0,0.0,0.0,0.0,0.0,0.0,0.0,0.0
2015-06-01,0.307601044238679,674.0505239557613,0.0,1.847888548987258,24.55487799143908,608.4577078579366,617.518900601637,0.0,0.0,0.0,8.39317138491433e-05,117.18015789750682,858.5445570146496,0.0,0.0,0.0,0.0,0.0,0.0,0.0,0.0,0.0,0.0,0.0,0.0,0.0,0.0071276380480553665,87.90356734671813,250.5379654344272,301.42969721673586,0.0,0.0,0.0,0.0,0.0,0.0,0.0,0.0,0.0,0.0,0.0,0.5108421847538513,181.1042167394354,631.983288081987,0.0,0.0,0.0,0.0,0.0,0.0,0.0,0.0,0.0
2015-07-01,0.27813840885174895,674.0799865911482,0.0,1.6973042751821554,22.906776371268734,606.8456086386606,620.9296857148885,0.0,0.0,0.0,7.570180137536857e-05,115.85285843036908,865.193843374158,0.0,0.0,0.0,0.0,0.0,0.0,0.0,0.0,0.0,0.0,0.0,0.0,0.0,0.006608157878802959,85.95749758789051,247.47879248019098,309.6240203765892,0.0,0.0,0.0,0.0,0.0,0.0,0.0,0.0,0.0,0.0,0.0,0.4733810878036304,174.37741840697683,640.7381890370531,0.0,0.0,0.0,0.0,0.0,0.0,0.0,0.0,0.0
2015-08-01,0.25151414277567075,674.1066108572244,0.0,1.5592360681858928,21.362629384744736,605.2927030122355,624.1648065348339,0.0,0.0,0.0,6.320025156264691e-05,106.11222947585732,806.4571773688095,73.83892704334062,0.0,0.0,0.0,0.0,0.0,0.0,0.0,0.0,0.0,0.0,0.0,0.0,0.006129914689725973,84.11710782221,244.37523750997542,317.8626648861335,0.0,0.0,0.0,0.0,0.0,0.0,0.0,0.0,0.0,0.0,0.0,0.4388958934969399,167.91740970857109,649.3983027890973,0.0,0.0,0.0,0.0,0.0,0.0,0.0,0.0,0.0
2015-09-01,0.22745187171184136,674.1306731282882,0.0,1.4326189368744777,19.916835591166084,603.7937094796505,627.236210992309,0.0,0.0,0.0,5.665325013787894e-05,104.44789321462922,806.5236952361458,80.8271137828737,0.0,0.0,0.0,0.0,0.0,0.0,0.0,0.0,0.0,0.0,0.0,0.0,0.0056750083934383215,82.17304225738968,240.62540811582414,325.3341644665771,0.0,0.0,0.0,0.0,0.0,0.0,0.0,0.0,0.0,0.0,0.0,0.40711574996014477,161.71316350738275,657.9796760181232,0.0,0.0,0.0,0.0,0.0,0.0,0.0,0.0,0.0
2015-10-01,0.20570265528662013,674.1524223447133,0.0,1.3164810823324278,18.56396628728652,602.3433287862215,630.1555988441596,0.0,0.0,0.0,5.078622442966325e-05,102.9054481345985,805.9952360764802,88.30799477983653,0.0,0.0,0.0,0.0,0.0,0.0,0.0,0.0,0.0,0.0,0.0,0.0,0.005250650377399941,80.2485925398101,236.59193592650016,332.45121941519767,0.0,0.0,0.0,0.0,0.0,0.0,0.0,0.0,0.0,0.0,0.0,0.3777556959620355,155.73692961102952,666.4197954190843,0.0,0.0,0.0,0.0,0.0,0.0,0.0,0.0,0.0
2015-11-01,0.18604217161896527,674.172082828381,0.0,1.2099355296438556,17.298779107608095,600.9362589883524,632.9344013743956,0.0,0.0,0.0,4.5528619495704486e-05,101.48216873692361,804.8594140604941,96.28878345351055,0.0,0.0,0.0,0.0,0.0,0.0,0.0,0.0,0.0,0.0,0.0,0.0,0.004857758116915061,78.39204228269294,232.4277358647055,339.3897820190058,0.0,0.0,0.0,0.0,0.0,0.0,0.0,0.0,0.0,0.0,0.0,0.3505776550857377,149.9683488989691,674.6673440353239,0.0,0.0,0.0,0.0,0.0,0.0,0.0,0.0,0.0
2015-12-01,0.168268206743092,674.1898567932568,0.0,1.1121725152674726,16.11622810896238,599.5672066204614,635.5837677553086,0.0,0.0,0.0,3.953606477513478e-05,97.03117111535016,777.8995044083308,101.48404359000718,19.854335559562678,11.78773418763331,0.0,0.0,0.0,0.0,0.0,0.0,0.0,0.0,0.0,0.0,0.0044947491411885645,76.61698477105776,228.18698083724664,346.20412513848305,0.0,0.0,0.0,0.0,0.0,0.0,0.0,0.0,0.0,0.0,0.0,0.28630820729701356,127.05382663383433,600.7032122711311,99.37076096590268,0.0,0.0,0.0,0.0,0.0,0.0,0.0,0.0
2016-01-01,0.1521984132288337,674.2059265867712,0.0,1.0224525653122403,15.011470760769827,598.2308943971625,638.1145572767554,0.0,0.0,0.0,3.535122683810211e-05,95.61759852688401,773.5098057264966,109.89065562346482,21.63341708309455,12.830211987682043,0.0,0.0,0.0,0.0,0.0,0.0,0.0,0.0,0.0,0.0,0.004156442069813146,74.87168026808641,223.73003853540288,352.650645894545,0.0,0.0,0.0,0.0,0.0,0.0,0.0,0.0,0.0,0.0,0.0,0.26317714403031467,121.13421306308942,601.6861981654765,107.22956488956328,0.0,0.0,0.0,0.0,0.0,0.0,0.0,0.0
2016-02-01,0.14279018945342092,699.3045014772132,0.0,0.9750761761695942,14.49998659759015,619.1302615430416,664.3682173498654,0.0,0.0,0.0,2.97083830842255e-05,88.64059745579802,722.2711505042746,111.58136439446234,22.108482781053485,13.096993604046407,61.2008112421534,0.0,0.0,0.0,0.0,0.0,0.0,0.0,0.0,0.0,0.003618110087669995,68.90760263116897,206.34880074995522,337.86777628614016,38.14687370453971,0.0,0.0,0.0,0.0,0.0,0.0,0.0,0.0,0.0,0.0,0.24187203140018354,115.45630566259746,602.2801271167472,115.23639036584888,0.0,0.0,0.0,0.0,0.0,0.0,0.0,0.0
2016-03-01,0.12916253335524885,699.3181291333113,0.0,0.8966614768559058,13.501298823924865,617.7958165406693,666.7797648252168,0.0,0.0,0.0,2.6433647160223982e-05,87.08361863866452,713.4432742985988,119.67387760905335,23.87004535800028,14.123346421069781,66.47069645137589,0.0,0.0,0.0,0.0,0.0,0.0,0.0,0.0,0.0,0.0033219088244510263,66.92614799118542,200.60576114949512,341.15494299544963,41.6967561011826,0.0,0.0,0.0,0.0,0.0,0.0,0.0,0.0,0.0,0.0,0.22172559386417923,109.75706561553608,601.0807295859462,123.02569197390768,0.0,0.0,0.0,0.0,0.0,0.0,0.0,0.0
2016-04-01,0.11683898243293726,699.3304526842337,0.0,0.8246632273080948,12.569529573776746,616.479044405094,669.1003044604879,0.0,0.0,0.0,2.3516207099710404e-05,85.62037702741031,703.9879691321037,128.0221100305966,25.70955331829226,15.192022432729932,72.04121029371339,0.0,0.0,0.0,0.0,0.0,0.0,0.0,0.0,0.0,0.003047662436423864,64.99056989379488,194.75752196840355,343.950089266446,45.45319737854179,0.0,0.0,0.0,0.0,0.0,0.0,0.0,0.0,0.0,0.0,0.2030094852030271,104.21054714663815,598.9162417950336,130.6361498821691,0.0,0.0,0.0,0.0,0.0,0.0,0.0,0.0
2016-05-01,0.10569411816687704,699.3415975484997,0.0,0.7585465070729963,11.700522174411077,615.1745611509956,671.339911834187,0.0,0.0,0.0,2.091649334294178e-05,84.24267715220348,693.8907314688062,136.58549814828953,27.619902463689552,16.298287318171553,77.90178820076176,0.0,0.0,0.0,0.0,0.0,0.0,0.0,0.0,0.0,0.0027949789813548355,63.12605968149391,188.90034008297243,346.3729619941405,49.42690299909005,0.0,0.0,0.0,0.0,0.0,0.0,0.0,0.0,0.0,0.0,0.18575192872649327,98.88357067571184,596.1535328164446,138.03926313864935,0.0,0.0,0.0,0.0,0.0,0.0,0.0,0.0
2016-06-01,0.09561469558265652,699.351676971084,0.0,0.6978221215676597,10.890332407864772,613.8769997566095,673.5083873806248,0.0,0.0,0.0,1.860063710227987e-05,82.94773319964845,683.1844819834101,145.3267260132494,29.59407034043405,17.437420633682034,84.0418661991906,0.0,0.0,0.0,0.0,0.0,0.0,0.0,0.0,0.0,0.0025626107105332133,61.34069024526897,183.07894229935988,348.467247542175,53.619069913016084,0.0,0.0,0.0,0.0,0.0,0.0,0.0,0.0,0.0,0.0,0.16989128241019175,93.7987084737618,592.9592835834364,145.175805459262,0.0,0.0,0.0,0.0,0.0,0.0,0.0,0.0
2016-07-01,0.08649844163719056,699.3607932250294,0.0,0.6420425637443116,10.135224097504684,612.5810047239188,675.6152702814989,0.0,0.0,0.0,1.65385420734684e-05,81.73410994107945,671.9162408812455,154.20806200846457,31.624322914065846,18.604248452244356,90.44848822380315,0.0,0.0,0.0,0.0,0.0,0.0,0.0,0.0,0.0,0.0023491663574646917,59.637859980168436,177.32339898232448,350.25721252509464,58.02686634668253,0.0,0.0,0.0,0.0,0.0,0.0,0.0,0.0,0.0,0.0,0.1553483497911455,88.96711139283374,589.4587258798337,151.9862339902428,0.0,0.0,0.0,0.0,0.0,0.0,0.0,0.0
2016-08-01,0.07825297575861972,699.369038690908,0.0,0.5907983447445141,9.43166373248628,611.2812255274998,677.6698540619361,0.0,0.0,0.0,1.4703281362501282e-05,80.60106824933101,660.1411907148413,163.19166210335754,33.702222437760526,19.793152266394554,97.1061197410421,0.0,0.0,0.0,0.0,0.0,0.0,0.0,0.0,0.0,0.0021532528743090904,58.01872835872974,171.6562051111711,351.75804163634996,62.6442364248768,0.0,0.0,0.0,0.0,0.0,0.0,0.0,0.0,0.0,0.0,0.1420378654994865,84.39343958241246,585.7554854854459,158.41578957889917,0.0,0.0,0.0,0.0,0.0,0.0,0.0,0.0
2016-09-01,0.0707948395035512,699.376496827163,0.0,0.5437146591661632,8.77631433355332,609.9723092167395,679.6812034572077,0.0,0.0,0.0,1.3070699909132238e-05,79.54829524690291,647.9197352481413,172.24027675561905,35.818738481287554,20.99814033794679,103.99675447668665,0.0,0.0,0.0,0.0,0.0,0.0,0.0,0.0,0.0,0.0019735302803362527,56.483268801041284,166.0952948727799,352.9803190808438,67.46227812007795,0.0,0.0,0.0,0.0,0.0,0.0,0.0,0.0,0.0,0.0,0.12987313397746372,80.07786844800022,581.9378701959669,164.41691764843992,0.0,0.0,0.0,0.0,0.0,0.0,0.0,0.0
2016-10-01,0.06404862379298193,699.3832430428737,0.0,0.5004483536779915,8.166028738138078,608.6488924197365,681.6581721551141,0.0,0.0,0.0,1.161910365007228e-05,78.57574574907511,635.3154044960957,181.318020291659,37.96439796280449,22.212943450693423,111.10014882405025,0.0,0.0,0.0,0.0,0.0,0.0,0.0,0.0,0.0,0.0018087347520780624,55.030831126020445,160.65562566119283,353.93254363514285,72.46957113660741,0.0,0.0,0.0,0.0,0.0,0.0,0.0,0.0,0.0,0.0,0.11876849364347411,76.01723245905156,578.0814924325554,169.95061375547394,0.0,0.0,0.0,0.0,0.0,0.0,0.0,0.0
2016-11-01,0.05794618349377372,699.3893454831729,0.0,0.4606851705963218,7.597842459303115,607.3055929836476,683.6094210531197,0.0,0.0,0.0,1.0329001832940235e-05,77.68352907206003,622.3931218372325,190.39109163646586,40.129453397194844,23.43112270563711,118.39413687711053,0.0,0.0,0.0,0.0,0.0,0.0,0.0,0.0,0.0,0.0016576868539302785,53.66046520970446,155.3500689591375,354.62268367633027,77.65253930380729,0.0,0.0,0.0,0.0,0.0,0.0,0.0,0.0,0.0,0.0,0.10864082411947629,72.20582362489597,574.2506803310888,174.98707624596275,0.0,0.0,0.0,0.0,0.0,0.0,0.0,0.0
2016-12-01,0.05242593025839302,699.3948657364082,0.0,0.42413724067803504,7.068966251714222,605.9370014756291,685.5434366986452,0.0,0.0,0.0,7.598058515315454e-06,63.60490590463128,504.07593692596544,165.0100639293251,35.00301644586476,20.392623618594723,104.13433040070728,117.58079301525396,68.52148491411155,0.0,0.0,0.0,0.0,0.0,0.0,0.0,0.0015192921628708214,52.37110817190734,150.18990806373196,355.0591443209089,82.9958652620343,0.0,0.0,0.0,0.0,0.0,0.0,0.0,0.0,0.0,0.0,0.09941052884566041,68.63601665208822,570.4994955520806,179.50582160464276,0.0,0.0,0.0,0.0,0.0,0.0,0.0,0.0
2017-01-01,0.04743219553785252,699.3998594711287,0.0,0.3905408018076883,6.5767784984111595,604.5376727605167,687.4685496059311,0.0,0.0,0.0,6.6355222324968894e-06,61.877728355249076,484.2345963250649,169.36312543756213,36.146519223504654,21.00901917841209,108.45790786445832,128.26318979980846,74.83124550631416,0.0,0.0,0.0,0.0,0.0,0.0,0.0,0.0013865278022240533,50.94087317720457,144.5584779214919,353.7180584210978,88.10105879334034,0.0,0.0,0.0,0.0,0.0,0.0,0.0,0.0,0.0,0.0,0.09100217966488876,65.29878676506492,566.8726668415192,183.49537109518783,0.0,0.0,0.0,0.0,0.0,0.0,0.0,0.0
2017-02-01,0.043498757097029855,708.9237929095696,0.0,0.36454928365772826,6.202099190765118,611.3107880984264,698.7761050938176,0.0,0.0,0.0,5.790071851693867e-06,60.19481912049151,464.36250446027236,173.26118945652757,37.19233529578124,21.562285110588615,112.57220348924544,139.417166208503,81.43566721740923,0.0,0.0,0.0,0.0,0.0,0.0,0.0,0.0012631073136372718,49.50670767718062,138.87318983457695,351.48631540908934,93.11002790517239,0.0,0.0,0.0,0.0,0.0,0.0,0.0,0.0,0.0,0.0,0.08332839026199917,62.171816009852556,563.294824621906,186.91553579068508,0.0,0.0,0.0,0.0,0.0,0.0,0.0,0.0
2017-03-01,0.039356294544921414,708.9279353721217,0.0,0.33576424704877716,5.7702567539024905,609.8133591285392,700.7341615371764,0.0,0.0,0.0,5.049262094823529e-06,58.56712282974194,444.6360306620291,176.71830082846307,38.13899929807231,22.05158049993574,116.46585280675647,151.0055703814252,88.31553125815951,0.0,0.0,0.0,0.0,0.0,0.0,0.0,0.0011498685200807786,48.124391676185944,133.30913210675274,348.7564537681451,98.07773807749831,0.0,0.0,0.0,0.0,0.0,0.0,0.0,0.0,0.0,0.0,0.07631584751926061,59.23741460804074,559.7134077732497,189.74064115820067,0.0,0.0,0.0,0.0,0.0,0.0,0.0,0.0
2017-04-01,0.03560870291450016,708.9316829637521,0.0,0.3092953039932659,5.368571740608988,608.2679199965676,702.7077546254969,0.0,0.0,0.0,4.4007654187473e-06,56.994092916729095,425.1350285122327,179.7253132487555,38.980238507945586,22.473358391979403,120.11193001383302,162.95575297771052,95.43092584733905,0.0,0.0,0.0,0.0,0.0,0.0,0.0,0.0010464862274741258,46.81214163507681,127.92987248758986,345.68122174508756,103.01146636746633,0.0,0.0,0.0,0.0,0.0,0.0,0.0,0.0,0.0,0.0,0.06990426425917115,56.483127285397906,556.1119453510515,191.96476514756608,0.0,0.0,0.0,0.0,0.0,0.0,0.0,0.0
2017-05-01,0.0322182840443854,708.9350733826222,0.0,0.28495359131042075,4.994988791000231,606.6687303376473,704.704868946709,0.0,0.0,0.0,3.833810667910017e-06,55.47820393624926,405.9553781784057,182.28944800371045,39.71356183647054,22.826354414130467,123.49405323788547,175.19070125685693,102.73935776070134,0.0,0.0,0.0,0.0,0.0,0.0,0.0,0.0009523853681636427,45.57916777003118,122.77046234960908,342.3587177103421,107.91077573389126,0.0,0.0,0.0,0.0,0.0,0.0,0.0,0.0,0.0,0.0,0.06404156961483275,53.89919690715845,552.4932359333114,193.59631922760101,0.0,0.0,0.0,0.0,0.0,0.0,0.0,0.0
2017-06-01,0.02915094920321197,708.9381407174633,0.0,0.26256587201156506,4.647584051102355,605.0099795275214,706.7334122160315,0.0,0.0,0.0,3.338836136335886e-06,54.023267267677674,387.19415156474736,184.4301265489177,40.339517474315166,23.111140350724643,126.60465013643065,187.62898976171118,110.1956859543441,0.0,0.0,0.0,0.0,0.0,0.0,0.0,0.0008669056333259462,44.430353896418964,117.85133356091718,338.8606273191008,112.77314256603842,0.0,0.0,0.0,0.0,0.0,0.0,0.0,0.0,0.0,0.0,0.05868145476961088,51.47732171266768,548.8706746097325,194.6544319881221,0.0,0.0,0.0,0.0,0.0,0.0,0.0,0.0
2017-07-01,0.026375871624637618,708.9409157950419,0.0,0.24197321227742163,4.324557926693457,603.2857830956784,708.8012274320175,0.0,0.0,0.0,2.9072865068871383e-06,52.6333192519612,368.94018978721573,186.17522083099726,40.86098664278383,23.329700569268745,129.44323887691002,200.18498787367227,117.75220021530131,0.0,0.0,0.0,0.0,0.0,0.0,0.0,0.0006994030154764679,38.42544087279869,100.28434421300007,297.03514259404994,104.19357564242968,69.45236480695581,0.0,0.0,0.0,0.0,0.0,0.0,0.0,0.0,0.0,0.05378203561085375,49.21003245110292,545.2635939858316,195.16626392331477,0.0,0.0,0.0,0.0,0.0,0.0,0.0,0.0
2017-08-01,0.023865172830240526,708.9434264938363,0.0,0.22302977429619913,4.024228066967945,601.490180736941,710.9161030884616,0.0,0.0,0.0,2.531507530884678e-06,51.31232821686315,351.2714496078268,187.55926584907706,41.282859374640076,23.485228692661007,132.01582047796057,212.7710428376879,125.35985847444586,0.0,0.0,0.0,0.0,0.0,0.0,0.0,0.0006298488687384731,37.13150474562053,95.27280832020493,290.39877077456975,107.18835454855731,75.1033086206672,0.0,0.0,0.0,0.0,0.0,0.0,0.0,0.0,0.0,0.049194921954135544,46.985178597578866,540.4845300504047,194.72887187362537,0.0,0.0,0.0,0.0,0.0,0.0,0.0,0.0
2017-09-01,0.021593639393136334,708.9456980272735,0.0,0.2056017143790941,3.745022598644062,599.6171361594054,713.0857811942384,0.0,0.0,0.0,2.2046616082644885e-06,50.06400064934765,334.2535081166223,188.6217231783724,41.6116840969427,23.581908629666945,134.33413143235182,225.29995607471753,132.96970356391128,0.0,0.0,0.0,0.0,0.0,0.0,0.0,0.0005671141226645349,35.91070714507075,90.51830601603854,283.62929789765786,109.98209368415323,81.02449115571409,0.0,0.0,0.0,0.0,0.0,0.0,0.0,0.0,0.0,0.04498762227027056,44.88445924401834,535.4766015264466,193.70643053940435,0.0,0.0,0.0,0.0,0.0,0.0,0.0,0.0
2017-10-01,0.019538467138603167,708.9477531995279,0.0,0.18956617678053633,3.4854736251941136,597.6605390143831,715.3179628503092,0.0,0.0,0.0,1.920653615030197e-06,48.89162799882202,317.9387474711925,189.40522136379704,41.855278689915465,23.62467403532442,136.41470283279267,237.68746189072286,140.5342914675082,0.0,0.0,0.0,0.0,0.0,0.0,0.0,0.0005105901075424324,34.76205697819813,86.0201441602082,276.76874109376564,112.57299634574609,87.20670365649079,0.0,0.0,0.0,0.0,0.0,0.0,0.0,0.0,0.0,0.0411596546081812,42.9328295779235,530.629023936099,192.27314530908,0.0,0.0,0.0,0.0,0.0,0.0,0.0,0.0
2017-11-01,0.01767903008330752,708.9496126365833,0.0,0.17481037455916731,3.244211000863345,595.6142091614261,717.6203111298182,0.0,0.0,0.0,1.674064271413882e-06,47.79796520077199,302.3661080368715,189.95383349575138,42.0223218796116,23.61895825971391,138.27777369136524,249.85452001105008,148.00902186460348,0.0,0.0,0.0,0.0,0.0,0.0,0.0,0.00045970862213466846,33.684197266612856,81.77536751519717,269.855649143656,114.96223959719067,93.63769432248313,0.0,0.0,0.0,0.0,0.0,0.0,0.0,0.0,0.0,0.03768532503219556,41.131130355548315,526.0740156685159,190.51233300309113,0.0,0.0,0.0,0.0,0.0,0.0,0.0,0.0
2017-12-01,0.01599667168801516,708.9512949949786,0.0,0.16123074963890127,3.019956384951782,593.4719035279421,720.0004510041341,0.0,0.0,0.0,1.4600892998174466e-06,46.78514136992151,287.5613521209496,190.31147254983492,42.121949746085335,23.570450009287992,139.94613225571553,261.7292754139554,155.35328529843792,0.0,0.0,0.0,0.0,0.0,0.0,0.0,0.0004139429185308117,32.675548412402726,77.77931317042045,262.9256605675024,117.15392418059636,100.30238973279896,0.0,0.0,0.0,0.0,0.0,0.0,0.0,0.0,0.0,0.034534681712738526,39.47411052198773,521.8726157578878,188.48096767020408,0.0,0.0,0.0,0.0,0.0,0.0,0.0,0.0
2018-01-01,0.014474516239004915,708.9528171504276,0.0,0.148732204972917,2.811517578293688,591.2273258271077,722.4659660562922,0.0,0.0,0.0,1.274483642546495e-06,45.85460420200256,273.53777535282086,190.52047754731655,42.16338109606303,23.48486898266611,141.4439635608282,273.24858053615736,162.53136464187324,0.0,0.0,0.0,0.0,0.0,0.0,0.0,0.000372807139873342,31.734401757296332,74.0260157667758,256.0117856044237,119.15488935417704,107.18320766320379,0.0,0.0,0.0,0.0,0.0,0.0,0.0,0.0,0.0,0.031677791241690796,37.954148603985125,518.0513434545538,186.2219958033675,0.0,0.0,0.0,0.0,0.0,0.0,0.0,0.0
2018-02-01,0.01336430979694276,723.4074690235362,0.0,0.14002502365136096,2.6711512415144827,600.8793715309131,739.8052855372546,0.0,0.0,0.0,1.1135086629789235e-06,45.00709826550607,260.29728602863753,190.62044496772393,42.155591087153226,23.367772821738967,142.79577419757254,284.35902088617445,169.51305460741628,0.0,0.0,0.0,0.0,0.0,0.0,0.0,0.0003358548577240618,30.8589789647834,70.50851013404717,249.14450441598922,120.9744178041382,114.26045693240185,0.0,0.0,0.0,0.0,0.0,0.0,0.0,0.0,0.0,0.029086380730506626,36.56287162456137,514.6188337892619,183.7699566779737,0.0,0.0,0.0,0.0,0.0,0.0,0.0,0.0
2018-03-01,0.012092816835390277,723.4087405164978,0.0,0.12921781961425077,2.487414430274867,598.3608978831091,742.5183032003351,0.0,0.0,0.0,9.740540679882764e-07,44.25046458522959,247.87539121667797,190.68090162481985,42.11445967609062,23.22849166504363,144.05080745098513,295.06937163041977,176.30502405702794,0.0,0.0,0.0,0.0,0.0,0.0,0.0,0.00030267710963517437,30.047467682365482,67.21906244175187,242.35174829852917,122.62385548434715,121.51281130036013,0.0,0.0,0.0,0.0,0.0,0.0,0.0,0.0,0.0,0.026734459837784438,35.29195173778931,511.5747900957938,181.15407963565687,0.0,0.0,0.0,0.0,0.0,0.0,0.0,0.0
2018-04-01,0.010942379146840918,723.4098909541864,0.0,0.11926756447199571,2.3166402271196946,595.7186160039477,745.3413095377941,0.0,0.0,0.0,8.531008130340489e-07,43.57940167346454,236.2257561749084,190.7145718074039,42.04351954616769,23.069454421857614,145.21769840594806,305.32172939589776,182.87403563083072,0.0,0.0,0.0,0.0,0.0,0.0,0.0,0.00027290169363901996,29.298201937234413,64.14970398701792,235.66011073031666,124.11685387672833,128.91854615402877,0.0,0.0,0.0,0.0,0.0,0.0,0.0,0.0,0.0,0.024598470004110265,34.133495874679646,508.91500213405516,178.40008379328,0.0,0.0,0.0,0.0,0.0,0.0,0.0,0.0
2018-05-01,0.00990146560957569,723.4109318677237,0.0,0.11010517586168526,2.157911605947039,592.9460509238525,748.2817656276724,0.0,0.0,0.0,7.481010768900429e-07,42.99088804133252,225.31364136801207,190.74090095185295,41.94797158683311,22.894002000868714,146.31127975935306,315.0823802674525,189.20099817310972,0.0,0.0,0.0,0.0,0.0,0.0,0.0,0.00024618853450616155,28.609464782545224,61.29189856718213,229.0930611809746,125.4681128975275,136.4554115570211,0.0,0.0,0.0,0.0,0.0,0.0,0.0,0.0,0.0,0.022657213373216537,33.08022387436276,506.6342025475879,175.53125715511277,0.0,0.0,0.0,0.0,0.0,0.0,0.0,0.0
2018-06-01,0.008959644469159115,723.411873688864,0.0,0.10166718164467727,2.010374753222994,590.0367759731896,751.347015425276,0.0,0.0,0.0,6.568717242854004e-07,42.48267965520573,215.1068883108312,190.77995131067013,41.83329019315641,22.705598549552608,147.34791710851965,324.3340303034391,195.27642733860938,0.0,0.0,0.0,0.0,0.0,0.0,0.0,0.00022222751251910788,27.979475592306393,58.63664574812023,222.6707185142417,126.6927882483034,144.10105028129914,0.0,0.0,0.0,0.0,0.0,0.0,0.0,0.0,0.0,0.020891675506567207,32.125520152768416,504.7274553847937,172.56903734034566,0.0,0.0,0.0,0.0,0.0,0.0,0.0,0.0
2018-07-01,0.00810747834964099,723.4127258549836,0.0,0.09389525954082974,1.8732349266079404,586.9844455915946,754.5442575555899,0.0,0.0,0.0,5.775281149737813e-07,42.052377785426074,205.57126928934457,190.84830634753155,41.70428553194331,22.507313276024085,148.34218782229166,333.068918537268,201.096385102886,0.0,0.0,0.0,0.0,0.0,0.0,0.0,0.00020073667628372251,27.406414931722935,56.17465592093626,216.40999797692822,127.80609508487888,151.83357239055874,0.0,0.0,0.0,0.0,0.0,0.0,0.0,0.0,0.0,0.01928481194989929,31.263419761006546,503.19067144547347,169.53329718703617,0.0,0.0,0.0,0.0,0.0,0.0,0.0,0.0
2018-08-01,0.0073364293250341725,723.4134969040082,0.0,0.08673581538322632,1.7457525581538624,583.782832676154,757.8805122836424,0.0,0.0,0.0,5.084435517590184e-07,41.697367611811394,196.67087453870855,190.9587210260023,41.56500423890268,22.301769828595173,149.30637601175977,341.2869212741493,206.6613860524149,0.0,0.0,0.0,0.0,0.0,0.0,0.0,0.00018146032287327956,26.888434489657534,53.89647863546606,210.32470185799062,128.8229054047698,159.63205125601957,0.0,0.0,0.0,0.0,0.0,0.0,0.0,0.0,0.0,0.017821334721210075,30.488564863616226,502.0206443660486,166.44247235310806,0.0,0.0,0.0,0.0,0.0,0.0,0.0,0.0
2018-09-01,0.006638773076797553,723.4141945602564,0.0,0.08013959665821298,1.6272395919620624,580.4258705723198,761.3625835723932,0.0,0.0,0.0,4.482166928387059e-07,41.41485529509236,188.3689397926533,191.12028256822313,41.4187513774042,22.091163274865472,150.25038411720342,348.9941330705244,211.9755823506905,0.0,0.0,0.0,0.0,0.0,0.0,0.0,0.00016416707993012337,26.423660751866112,51.79260546039858,204.42561863809297,129.7573749436474,167.476934477555,0.0,0.0,0.0,0.0,0.0,0.0,0.0,0.0,0.0,0.016487514323257187,29.79615032672123,501.21483235841526,163.3136094265243,0.0,0.0,0.0,0.0,0.0,0.0,0.0,0.0
2018-10-01,0.006007521267164061,723.414825812066,0.0,0.07406133828920076,1.5170560458981677,576.9076997474048,764.9970162017414,0.0,0.0,0.0,3.956412702692084e-07,41.20192933888455,180.62866777468201,191.33875517069188,41.26815964982511,21.877302750202322,151.1818209167439,356.2015991956351,217.04603320939364,0.0,0.0,0.0,0.0,0.0,0.0,0.0,0.0001486480471738606,26.01019713395574,49.85355807276034,198.7206622206229,130.62262275564777,175.35036513498707,0.0,0.0,0.0,0.0,0.0,0.0,0.0,0.0,0.0,0.015271002973408984,29.181868237398138,500.7710220908055,160.16238158863786,0.0,0.0,0.0,0.0,0.0,0.0,0.0,0.0
2018-11-01,0.005436351335013163,723.4153969819982,0.0,0.06845943790199725,1.4146067868263412,573.2227191094175,768.7900479991873,0.0,0.0,0.0,3.496797459603439e-07,41.0556258140147,173.41393207238937,191.61700311434953,41.11528061539073,21.661665270725624,152.10618584378938,362.9241599377873,221.88203491393583,0.0,0.0,0.0,0.0,0.0,0.0,0.0,0.00013471501744530688,25.646126379874328,48.06996536555961,193.2150577324064,131.43047393703122,183.2364082118247,0.0,0.0,0.0,0.0,0.0,0.0,0.0,0.0,0.0,0.014160679839671172,28.641856286554173,500.6869589381886,157.00309963641823,0.0,0.0,0.0,0.0,0.0,0.0,0.0,0.0
2018-12-01,0.004919543003316517,723.4159137903299,0.0,0.06329565804946378,1.3193385088130152,569.3656418434467,772.7475573230242,0.0,0.0,0.0,3.094416412728068e-07,40.97298949318166,166.689833780366,191.95543955311996,40.961684444169315,21.445452981924262,153.02710647849833,369.17941401975264,226.4945157256382,0.0,0.0,0.0,0.0,0.0,0.0,0.0,0.00011915184925227088,24.69794160486485,45.274868327217696,183.226136937457,128.8951797705416,186.35571887168652,14.536325873409758,0.0,0.0,0.0,0.0,0.0,0.0,0.0,0.0,0.013146516733101165,28.17265213732721,500.9599940090024,153.84873342003763,0.0,0.0,0.0,0.0,0.0,0.0,0.0,0.0
2019-01-01,0.004451920853328098,723.4163814124798,0.0,0.05853485309637231,1.230736903817419,565.3315555328098,776.8750060436097,0.0,0.0,0.0,2.69596210376975e-07,40.269175398541584,157.75161307562027,189.1492571409776,40.128981774688874,20.876115358474323,151.38295468302462,368.7422222419824,227.0504400386543,20.24307219037295,0.0,0.0,0.0,0.0,0.0,0.0,0.00010801602623619897,24.396307812115737,43.745362443208286,177.98045931364925,129.40183535397247,193.73501490682239,15.449451113748902,0.0,0.0,0.0,0.0,0.0,0.0,0.0,0.0,0.012214607477653903,27.760121952864598,501.38751581240047,150.65107891287587,0.0,0.0,0.0,0.0,0.0,0.0,0.0,0.0
2019-02-01,0.004197934764978312,753.786427065235,0.0,0.05641775775065509,1.1965315854027347,584.6720891306709,813.9718365261758,0.0,0.0,0.0,2.388811789266197e-07,40.26224284895956,151.84805702651607,189.39444143461157,39.937641560415464,20.643339965027803,152.12597916672584,373.6386989128198,230.9390961937254,21.58684605403782,0.0,0.0,0.0,0.0,0.0,0.0,9.805023016041916e-05,24.147428834581753,42.36219974411177,173.01452066219576,129.92764652519404,201.14874566641708,16.417651692542293,0.0,0.0,0.0,0.0,0.0,0.0,0.0,0.0,0.01136119851152252,27.410125761619792,502.1148640760363,147.46855616012928,0.0,0.0,0.0,0.0,0.0,0.0,0.0,0.0
2019-03-01,0.003799010997191715,753.7868259890029,0.0,0.05219861395939722,1.1166447348123105,580.0863104068196,818.6417212444087,0.0,0.0,0.0,2.1195833273224409e-07,40.32119695421802,146.38823680851928,189.7435829886865,39.76013844180368,20.418791510922553,152.91015396357622,378.2346137037273,234.70446510479607,23.01901078827082,0.0,0.0,0.0,0.0,0.0,0.0,8.909810675536013e-05,23.942868174489238,41.10472038728019,168.2760246771121,130.4453692121428,208.54513626662114,17.438717893094914,0.0,0.0,0.0,0.0,0.0,0.0,0.0,0.0,0.010580487773897076,27.123903834509587,503.20458760006056,144.33099661310746,0.0,0.0,0.0,0.0,0.0,0.0,0.0,0.0
2019-04-01,0.003438050740259208,753.7871869492598,0.0,0.048306323786351066,1.0423138458246604,575.3037611924525,823.5024936379365,0.0,0.0,0.0,1.8828207384610464e-07,40.435519156583744,141.31190042493662,190.15399913429664,39.58902312178487,20.198863869631833,153.7044559970549,382.47956122118677,238.31561615335315,24.537905062062578,0.0,0.0,0.0,0.0,0.0,0.0,8.103982886983786e-05,23.778216457444596,39.960390201440234,163.7423264802233,130.94623123674967,215.90059910860023,18.512080705014952,0.0,0.0,0.0,0.0,0.0,0.0,0.0,0.0,0.009866105021592965,26.90047603124772,504.67460458418935,141.25311212381442,0.0,0.0,0.0,0.0,0.0,0.0,0.0,0.0
2019-05-01,0.0031114402658951887,753.7875135597341,0.0,0.04471474813259612,0.9731397183713375,570.3215833107787,828.5574372227176,0.0,0.0,0.0,1.6741661294489137e-07,40.59961850963151,136.58142949710907,190.6046011102748,39.42155544302793,19.982424980580838,154.49479772607944,386.3643690652811,241.76671528982394,26.143423779825465,0.0,0.0,0.0,0.0,0.0,0.0,7.377613474443059e-05,23.65080773128641,38.920269426425165,159.40271507625783,131.42886512387054,223.2056940904903,19.637795161000966,0.0,0.0,0.0,0.0,0.0,0.0,0.0,0.0,0.00921195803501325,26.738354637229396,506.527714206053,138.2441370558397,0.0,0.0,0.0,0.0,0.0,0.0,0.0,0.0
2019-06-01,0.002815909928643458,753.7878090900713,0.0,0.04139986189790446,0.9087516875795509,565.1376711078125,833.8090523427101,0.0,0.0,0.0,1.4899940957390587e-07,40.81030987325769,132.17019191187555,191.08437118193117,39.25719116885887,19.76947059053094,155.27495850718364,389.8992163476186,245.06376987984174,27.836076973429282,0.0,0.0,0.0,0.0,0.0,0.0,6.722025585004538e-05,23.55833027249831,37.976454711816686,155.24830459024602,131.8921837496056,230.45448250055847,20.81569094954612,0.0,0.0,0.0,0.0,0.0,0.0,0.0,0.0,0.008612399723845967,26.635944444427864,508.758580411907,135.31027660573662,0.0,0.0,0.0,0.0,0.0,0.0,0.0,0.0
2019-07-01,0.0025485013887812363,753.7880764986112,0.0,0.03244086092961744,0.7182129728815749,473.63049835671563,710.1350932996486,215.38062950982476,0.0,0.0,1.3272056240977213e-07,41.06505685065149,128.0554518930459,191.58430925422604,39.09586404297449,19.560226311089405,156.04014820249654,393.0974307815868,248.2146484017911,29.61609848951856,0.0,0.0,0.0,0.0,0.0,0.0,6.129579997088958e-05,23.498659241830342,37.12174888478122,151.27093481996917,132.33466219470324,237.64315937615322,22.0452597211221,0.0,0.0,0.0,0.0,0.0,0.0,0.0,0.0,0.008062268107578038,26.591712278872638,511.35690112509127,132.4558722407835,0.0,0.0,0.0,0.0,0.0,0.0,0.0,0.0
2019-08-01,0.0023065379577638196,753.7883184620422,0.0,0.029577355530970427,0.6604316685427283,461.529983495605,703.6777009483113,233.99918153201023,0.0,0.0,1.1825582198320659e-07,41.341652355853554,124.1569122148843,192.00322756044946,38.91886852813651,19.34563529422488,156.7101460401011,395.7810328506848,251.10574724316686,31.468048929420807,0.0,0.0,0.0,0.0,0.0,0.0,5.593534985008425e-05,23.469804400089707,36.34954220584229,147.46290920221975,132.75422154447853,244.76950705182364,23.325614778864093,0.0,0.0,0.0,0.0,0.0,0.0,0.0,0.0,0.0073538988253252216,25.889667634427255,500.4945938391176,126.20069642187057,18.012736252681737,0.0,0.0,0.0,0.0,0.0,0.0,0.0
2019-09-01,0.002087597773095755,753.7885374022269,0.0,0.026946403636603597,0.6068350586246946,449.08927345793387,696.7322540202601,253.44156605954475,0.0,0.0,1.0541842701359763e-07,41.6476532929119,120.49051693145113,192.37876931491843,38.7359867551672,19.130929700048668,157.31750314173615,398.0548491563236,253.80127394125682,33.396408572664086,0.0,0.0,0.0,0.0,0.0,0.0,5.1078641373162596e-05,23.469567070018854,35.65326097093312,143.81496998361933,133.1464511737689,251.82911370877858,24.655138587454744,0.0,0.0,0.0,0.0,0.0,0.0,0.0,0.0,0.006888096251805645,25.905534154408986,502.7177561345726,123.34581148700447,19.44933415963731,0.0,0.0,0.0,0.0,0.0,0.0,0.0
2019-10-01,0.0018894895283674362,753.7887355104716,0.0,0.024531806199406613,0.557179037248698,436.3633381393444,689.3342897973184,273.61753621988913,0.0,0.0,9.402435880283483e-08,41.98511037382123,117.05343686825829,192.72215332602846,38.551478450136166,18.918482292491205,157.87329493432878,399.9691050932193,256.33139622855396,35.40183477302944,0.0,0.0,0.0,0.0,0.0,0.0,4.667261659765428e-05,23.495884078129574,35.02689804133596,140.3186705807547,133.50671210370953,258.8185695688816,26.03178372762751,0.0,0.0,0.0,0.0,0.0,0.0,0.0,0.0,0.006458923551775516,25.97122794481226,505.1846862881215,120.57206366224912,20.992915942917104,0.0,0.0,0.0,0.0,0.0,0.0,0.0
2019-11-01,0.0017102305182402212,753.7889147694817,0.0,0.022318495600403297,0.5112343931464727,423.41344342584773,681.5297464208763,294.42013226452923,0.0,0.0,8.390444903897123e-08,42.35351867984612,113.83520312465954,193.0323034453264,38.367054820055394,18.70934543651021,158.37848260027639,401.5472614147425,258.70936069763883,37.48267875877413,0.0,0.0,0.0,0.0,0.0,0.0,4.267059003710282e-05,23.546865019323054,34.46503209657434,136.96661857773847,133.8305319951223,265.7358428599881,27.453143566090915,0.0,0.0,0.0,0.0,0.0,0.0,0.0,0.0,0.0060625453007584085,26.083757928872117,507.8384839052509,117.87275764390105,22.64738261786515,0.0,0.0,0.0,0.0,0.0,0.0,0.0
2019-12-01,0.0015480267737668948,753.7890769732262,0.0,0.020292387826620312,0.46878435339484154,410.30580337071507,673.3742328775166,315.7277620105469,0.0,0.0,7.490965733294205e-08,42.75204361287198,110.82485224403452,193.30637927841627,38.18402559982391,18.50433181511044,158.83247469324817,402.80736325779554,260.9448973271767,39.63653679308478,0.0,0.0,0.0,0.0,0.0,0.0,3.903135728028704e-05,23.620751770142842,33.96273004992096,133.752219744174,134.11354571693877,272.579823083728,28.916452284102014,0.0,0.0,0.0,0.0,0.0,0.0,0.0,0.0,0.0056958982502487735,26.241769008676307,510.65006784867,115.24826326913715,24.417435649901854,0.0,0.0,0.0,0.0,0.0,0.0,0.0
2020-01-01,0.0014012550920829824,753.7892237449079,0.0,0.01844025426699809,0.4296224211849677,397.1099536669241,664.9318072177895,337.4070514398346,0.0,0.0,6.690949501513918e-08,43.17981662895518,108.0118372452929,193.5412635663676,38.003588333898925,18.304160441316217,159.23434054600483,403.76499761720345,263.0460616825218,41.86049032547761,0.0,0.0,0.0,0.0,0.0,0.0,3.571847224767183e-05,23.71589738345254,33.51548469560468,130.669546574012,134.35153096837738,279.35003507518684,30.41860633902087,0.0,0.0,0.0,0.0,0.0,0.0,0.0,0.0,0.005356314138798369,26.44444127653483,513.5974315684772,112.70052744781295,26.307877264603157,0.0,0.0,0.0,0.0,0.0,0.0,0.0
2020-02-01,0.0011896407913687427,706.9579770258753,0.0,0.015708995597795546,0.36910008189928456,360.04620498716474,615.5003994097905,336.9927531922144,0.0,0.0,5.97887976708356e-08,43.63602271509164,105.38625257480379,193.73406232202979,37.82691374826335,18.10950007009454,159.58322331127647,404.4342929139901,265.0198526915878,44.15121943916294,0.0,0.0,0.0,0.0,0.0,0.0,3.269963913421297e-05,23.830753941729107,33.11916921566428,127.7132579356559,134.5404817346396,286.04644293245326,31.956199854836235,0.0,0.0,0.0,0.0,0.0,0.0,0.0,0.0,0.005041412382132405,26.69122468731272,516.6608821062134,110.23181260905385,28.323413837485475,0.0,0.0,0.0,0.0,0.0,0.0,0.0
2020-03-01,0.0010769330938611018,706.9580897335727,0.0,0.014263769522442115,0.33798828947864384,347.7042092454021,607.2480764843455,357.6196288779179,0.0,0.0,5.342250955521921e-08,44.09945898977995,102.89111106311016,193.79236472738393,37.63770185444411,17.91266883446126,159.80434338900724,404.6405481811506,266.74867268826057,46.483509041651494,0.0,0.0,0.0,0.0,0.0,0.0,2.903807737488013e-05,23.237164997455228,31.776256386438344,121.09162055366313,130.59264768158556,283.79416458680186,32.50891298940078,19.483178624685202,0.0,0.0,0.0,0.0,0.0,0.0,0.0,0.0047490460396415225,26.981720979723423,519.8210979939917,107.84420547199635,30.468535582606076,0.0,0.0,0.0,0.0,0.0,0.0,0.0
2020-04-01,0.0009749471976591874,706.958191719469,0.0,0.012948399872086297,0.30942206448559945,335.4764236154223,598.9372066681159,378.18816591877084,0.0,0.0,4.7741878198694917e-08,44.58047661758213,100.5474097018331,193.76499277570778,37.447191465831324,17.719173134944764,159.93910631145965,404.50217308606693,268.30615778283703,48.862948197154154,0.0,0.0,0.0,0.0,0.0,0.0,2.653340619151569e-05,23.323419304622487,31.400338931310625,118.15667521095057,130.33958949574352,289.41083445638816,33.97153889573696,21.227450296611494,0.0,0.0,0.0,0.0,0.0,0.0,0.0,0.0044753236078301254,27.303753677518987,522.8310282071653,105.49356660034245,32.733197269013615,0.0,0.0,0.0,0.0,0.0,0.0,0.0
2020-05-01,0.0008826627274263338,706.9582840039392,0.0,0.011752886002988568,0.2832331143221261,323.4231318772638,590.6410886434285,398.56496014564925,0.0,0.0,4.267611920993179e-08,45.08294753531674,98.35868429438842,193.67123748113903,37.26060303311328,17.531539365170275,160.0046154037909,404.07432855824396,269.72522783244557,51.28936146966499,0.0,0.0,0.0,0.0,0.0,0.0,2.4246697547878784e-05,23.420204002203555,31.05997576596778,115.32579154788279,130.00833187970605,294.8778088663532,35.443654792527546,23.08642250945161,0.0,0.0,0.0,0.0,0.0,0.0,0.0,0.0042200869912998535,27.664971859726194,525.8253647983239,103.21539424111698,35.128709104789586,0.0,0.0,0.0,0.0,0.0,0.0,0.0
2020-06-01,0.0007991564253474627,706.9583675102413,0.0,0.010667722615208014,0.2592580733832995,311.5994050995245,582.4309152366135,418.6239205345301,0.0,0.0,3.815779117651706e-08,45.607691228919414,96.32095847909814,193.5168898245647,37.08035551212684,17.350906825604998,160.00679181120879,403.382288715597,271.01928006095494,53.759546576747915,0.0,0.0,0.0,0.0,0.0,0.0,2.2157762394003002e-05,23.526080664927605,30.752063803711888,112.59554303648378,129.59668603531065,300.1922796973035,36.92025010584853,25.05967397911585,0.0,0.0,0.0,0.0,0.0,0.0,0.0,0.003982278447365378,28.06831415048016,528.8451041797616,101.02345055657842,37.661772347121904,0.0,0.0,0.0,0.0,0.0,0.0,0.0
2020-07-01,0.0007235929055384078,706.9584430737611,0.0,0.009683887612981843,0.237338593299183,300.05398268706784,574.3737497202644,438.2494117784222,0.0,0.0,3.412687826330339e-08,46.15497393436855,94.4290364214244,193.30549666838485,36.908270135673746,17.178093952851892,159.94963636769174,402.44499307622596,272.1975183579525,56.26974809058075,0.0,0.0,0.0,0.0,0.0,0.0,2.02486054524865e-05,23.639771421419567,30.473844818710454,109.96321056102833,129.10360871147455,305.3526131046383,38.39643865092902,27.145497345096125,0.0,0.0,0.0,0.0,0.0,0.0,0.0,0.003760561977417126,28.514587910230606,531.8886197327244,98.9219445084283,40.336463648722315,0.0,0.0,0.0,0.0,0.0,0.0,0.0
2020-08-01,0.0006552162899097005,706.9585114503767,0.0,0.008792839419795825,0.21732165768625125,288.82849581685525,566.5307816596917,457.33877469301365,0.0,0.0,3.052933959346914e-08,46.72485460156849,92.67740765490178,193.03996450481722,36.74588049886721,17.013752517864436,159.83655094526958,401.2784814177074,273.26717722046186,58.81603898449129,0.0,0.0,0.0,0.0,0.0,0.0,1.8503122660541177e-05,23.760139822623593,30.222856689134908,107.42660085359725,128.52912392842265,310.35816965115055,39.867516612631825,29.34081031502913,0.0,0.0,0.0,0.0,0.0,0.0,0.0,0.00355363388510707,29.004101039323626,534.9437220518832,96.91249717355103,43.15587609017905,0.0,0.0,0.0,0.0,0.0,0.0,0.0
2020-09-01,0.0005933426397022333,706.9585733240269,0.0,0.007986520070108132,0.19906004385828482,277.957048331751,558.9559427066661,475.80412906432116,0.0,0.0,2.5291197589617012e-08,43.807010376319695,84.3051162994968,178.42572048404003,33.87972789498301,15.607760072875871,147.82542989722612,370.2303062865381,253.8899395257289,56.839862841038034,94.93961461267047,0.0,0.0,0.0,0.0,0.0,1.575311194502823e-05,22.256161313755143,27.949878741744495,97.81970558447397,119.14799484316698,293.69899744409554,38.50868669916735,29.481882083914133,46.057316231492095,0.0,0.0,0.0,0.0,0.0,0.0,0.0032587581137638023,28.64462396651301,521.7406616889327,92.12563334448929,44.728988215528055,21.408387603284442,0.0,0.0,0.0,0.0,0.0,0.0
2020-10-01,0.0005373531078012257,706.9586293135588,0.0,0.0072573606437433226,0.18241285408227534,267.4661415595554,551.6949281751777,493.5734267172074,0.0,0.0,2.2466155852906966e-08,44.04325569741642,82.30555600189172,176.75096654173126,33.49764017582058,15.356583031471372,146.51826893639543,365.9971494866166,252.78376214888178,58.80850854752711,103.84392704226596,0.0,0.0,0.0,0.0,0.0,1.4294384895183571e-05,22.225244658888514,27.57125740926148,94.97680352952608,117.6558375412508,296.0405352470991,39.585481832148155,31.50088796617762,50.200706104630264,0.0,0.0,0.0,0.0,0.0,0.0,0.003071243584765075,29.089135469488212,522.6226858557402,90.00239303054583,47.56333189502366,23.757294260565402,0.0,0.0,0.0,0.0,0.0,0.0
2020-11-01,0.00048668774355942684,706.9586799789231,0.0,0.006598286100248727,0.167246046087575,257.374905653986,544.7846353518895,510.59078132860316,0.0,0.0,1.9950031630380696e-08,44.269776082169464,80.40064151761351,174.95480033816662,33.113506217446634,15.109038084903169,145.10148338409135,361.4375089711539,251.4586104601804,60.733760793592815,113.30182980635993,0.0,0.0,0.0,0.0,0.0,1.2960416091857067e-05,22.18236654051382,27.197650239009658,92.18944915282822,116.0304890113934,297.9950860542319,40.60212168516505,33.55246941149618,54.55619038089007,0.0,0.0,0.0,0.0,0.0,0.0,0.0028933331451651456,29.54278673832727,522.9427163860001,87.89735281233932,50.470228649300246,26.25692436001158,0.0,0.0,0.0,0.0,0.0,0.0
2020-12-01,0.00044083988665705127,706.95872582678,0.0,0.006002717257264044,0.15343290487133507,247.69558300849425,538.2529983413417,526.8161496947022,0.0,0.0,1.7710017096607092e-08,44.48554367349463,78.58562166039994,173.04360723494435,32.72839714984472,14.86551256879833,143.5811158916795,356.572320406619,249.92188245260928,62.60901608536229,123.29811368587157,0.0,0.0,0.0,0.0,0.0,1.1743828692978277e-05,22.131503415834107,26.83344079275026,89.47843914642318,114.30362240022347,299.62656602124264,41.56256024148497,35.63037724429307,59.11974742183085,0.0,0.0,0.0,0.0,0.0,0.0,0.0027246774451172703,30.005813038349853,522.7210955084938,85.82064586735018,53.443804309973146,28.8995044016224,0.0,0.0,0.0,0.0,0.0,0.0
2021-01-01,0.0003949534099730214,699.1736840703326,7.785087642924079,0.0054645683969756715,0.14085441320026326,238.43419988516735,532.1191746977848,542.2244731021173,0.0,0.0,1.556748991744074e-08,44.26815818706855,76.13112765193468,169.41163923096056,32.03829046225086,14.48840413058804,140.62496242527686,348.10905209734807,245.84103171934572,63.82060538171042,132.54659075381136,12.07030414267079,0.0,0.0,0.0,0.0,1.0460845733579607e-05,21.710945858238095,26.04410251576246,85.42304247525975,110.64229014743127,296.0145731327474,41.768483101128766,37.10405867865343,62.82820553766159,11.396151039662707,0.0,0.0,0.0,0.0,0.0,0.0025650602956635224,30.480085537623065,522.0090743779245,83.78582636420148,56.481092647736546,31.67645930776361,0.0,0.0,0.0,0.0,0.0,0.0
2021-02-01,0.00037848294018903684,739.5439491583721,9.139214025354347,0.005272052929983767,0.1370365875719191,243.14172706654932,557.461533498516,589.6667224610994,0.0,0.0,1.380102209156912e-08,44.42990904902492,74.45109859551619,167.20725023179617,31.637866129746346,14.247117986661753,138.84652813365878,342.5338430967156,243.77057794735242,65.52045795401273,143.34345321592875,12.86979047766359,0.0,0.0,0.0,0.0,9.461773367888816e-06,21.631569674168286,25.68629806225027,82.86080118697402,108.70602504443352,296.82960212636715,42.5690451423585,39.13781323705428,67.63094434680546,12.091253139305794,0.0,0.0,0.0,0.0,0.0,0.002413720519914948,30.96103021016885,520.7501406433106,81.78767131517573,59.567163334391296,34.57025835431792,0.0,0.0,0.0,0.0,0.0,0.0
2021-03-01,0.00034248208660678323,738.5536862227298,10.12951296185031,0.004806470671553877,0.1259863775540009,234.21603506440027,551.8347263621495,604.2307373918914,0.0,0.0,1.2234923971952351e-08,44.595020727377346,72.87649014622183,164.97688350803264,31.25145529458955,14.016221303983729,137.040407695625,336.8559493759291,241.60965108418483,67.1777203295723,154.61701958616086,13.702554278523538,0.0,0.0,0.0,0.0,8.554683188811694e-06,21.548170219453535,25.340683884357233,80.39555122908591,106.72118520325014,297.40990199551675,43.31505442351947,41.16373342826027,72.58355019949664,12.805153085917885,0.0,0.0,0.0,0.0,0.0,0.0022708455827074574,31.455614526511425,519.0866220597937,79.85126870342687,62.70880746521409,37.5737523858717,0.0,0.0,0.0,0.0,0.0,0.0
2021-04-01,0.00030990116719161706,737.457897472043,11.225334293456447,0.0043853905889821515,0.11591631024627469,225.72126588527695,546.6404584991049,617.9302655814497,0.0,0.0,1.050749119478948e-08,43.364356694123366,69.17048402495702,157.6423322925225,29.914527775788944,13.364581615087657,130.98763874834881,320.7469535837981,231.88645303347664,66.64073730938485,161.13022517306558,14.112294092318118,39.71788693503171,0.0,0.0,0.0,7.5273712657697645e-06,20.894073019928978,24.34617842090405,75.96596784771451,101.9322160956689,289.9040747928557,42.84400766245706,42.02964178638631,75.60940456627908,13.178319036232892,18.63738338702781,0.0,0.0,0.0,0.0,0.0020462281657256357,30.620357171640894,495.30969975622344,74.70335983498794,63.13058283109823,38.96208259714068,30.91526316054679,0.0,0.0,0.0,0.0,0.0
2021-05-01,0.0002804147797533548,736.2457681122235,12.437493139663413,0.004004324460875104,0.10673407059797216,217.64624086341527,541.8688670063858,630.7864454018066,0.0,0.0,9.287160457199805e-09,43.39863658708642,67.62883449823107,154.98262025273158,29.479326554743604,13.121216457166476,128.81307356455503,314.1491169678255,228.9490628547599,67.95275118167532,172.33143228165284,14.93490958492872,42.897016597761784,0.0,0.0,0.0,6.785346659693106e-06,20.75881804965859,23.977772178430204,73.587355831012,99.70909493676882,289.39961615875256,43.36636387815274,43.8534075522656,80.46465181544158,13.872625904817896,20.029390220692793,0.0,0.0,0.0,0.0,0.0019123131471837913,30.925431592488692,489.9223002705471,72.52161533171403,65.81610791100323,41.741319728766626,33.732982347537494,0.0,0.0,0.0,0.0,0.0
2021-06-01,0.00025372849693291603,734.9054769358384,13.777811002331395,0.0036592161863750875,0.09835537464406266,209.9775282529313,537.5049458941746,642.8278029287303,0.0,0.0,8.205189941259062e-09,43.41810553234678,66.15674213732088,152.27428526590458,29.049832676719923,12.884075018936302,126.59359227225168,307.4223701672763,225.87743929253153,69.18429383751567,183.71591403689874,15.774465736214609,46.2245254143571,0.0,0.0,0.0,6.113216430953262e-06,20.616934312979357,23.616788089280224,71.297499754426,97.45814443476922,288.6539238774701,43.82594910286514,45.618973949625655,85.34482683432853,14.572777018240563,21.473502378215198,0.0,0.0,0.0,0.0,0.0017852308092496634,31.210335587977298,483.8361365483083,70.36984744737573,68.44124419946462,44.501955904928515,36.68970493627546,0.0,0.0,0.0,0.0,0.0
2021-07-01,0.00022957591933861994,733.4241269686432,15.259185122104126,0.0033464125861120343,0.09070359424910945,202.70015109510973,533.5295451661253,654.0885453985966,0.0,0.0,7.246677329444686e-09,43.423530802921384,64.75191222180845,149.53054149217138,28.62721265592204,12.653486760473362,124.34062714977765,300.5977433305044,222.6887608710219,70.3354850393937,195.2135870127527,16.6282493533257,49.692488846336616,0.0,0.0,0.0,5.505587965221377e-06,20.47153185402191,23.266057090595663,69.10481625665098,95.20219495331622,287.7201112302145,44.229893442633504,47.3219489469576,90.22707407112345,15.277830324218353,22.96770394175478,0.0,0.0,0.0,0.0,0.0016659364412887918,31.495512183868673,477.4248585302955,68.30074337035214,71.04223470401269,47.252125426030375,39.80112169478106,0.0,0.0,0.0,0.0,0.0
2021-08-01,0.00020771600913636315,731.787677356927,16.895656593730507,0.0030626328127202995,0.0837093139212663,195.79819136080297,529.9203134355871,664.6070149235428,0.0,0.0,6.0502441161223e-09,41.05702680390527,59.96698387576581,138.79071278975692,26.679758613907516,11.754431236688147,115.43361275031968,277.7485125728342,207.48032332044798,67.52766574015253,195.51855213501014,16.542971148567702,50.3956036598918,69.46386949279689,0.0,0.0,4.956934846865083e-06,20.32435052714384,22.926779527933366,67.01190596968075,92.95636980938232,286.6319784491658,44.58300423757693,48.95671424959702,95.0841448235674,15.986066871094536,24.508277217393616,0.0,0.0,0.0,0.0,0.0015542987535593514,31.78646752611778,470.8130265136993,66.3277748501057,73.62648547349983,49.98373609514992,43.067393552133765,0.0,0.0,0.0,0.0,0.0
2021-09-01,0.00018793067822210041,729.9808783619555,18.70247537403286,0.0028049373139382404,0.07730984260767207,189.25528815519297,526.6525585669331,674.4243301646193,0.0,0.0,5.31796057295332e-09,40.86847402985375,58.516538416552656,135.60244411362223,26.187297397208756,11.501763071919786,112.80276463791186,270.0726829690028,203.447476817494,68.18431447885331,205.54324275012917,17.297159189601974,53.68744221048466,74.49419263630845,0.0,0.0,4.4665486902084156e-06,20.197283757826778,22.622705153537336,65.085602304327,90.82537095170589,285.70804049707783,44.93534646771955,50.56976939631673,99.98996789429417,16.712578683855806,26.117159343832338,0.0,0.0,0.0,0.0,0.001449949878161952,32.08502705501941,464.0639516334734,64.45455780046457,76.19453269849602,52.6857245617853,46.48297112837752,0.0,0.0,0.0,0.0,0.0
2021-10-01,0.0001700226052668272,727.9872118060644,20.696159837997058,0.0025706971479114286,0.07144870110106628,183.0550341858142,523.7000109807984,683.5832271018052,0.0,0.0,4.672183416065517e-09,40.6654102917022,57.12726503626944,132.4242628498466,25.704516819093538,11.256436284644776,110.17740356201709,262.4136939106511,199.3585744896386,68.75498458438445,215.3537558286153,18.047559420727527,57.042009565566396,79.6975515406373,0.0,0.0,4.025968245461442e-06,20.080089721106425,22.341210855529145,63.28514912026093,88.76462599881933,284.81364182449704,45.267275669860176,52.13337213539883,104.87479934837488,17.448058970864558,27.778801835142904,0.0,0.0,0.0,0.0,0.0013524889118765985,32.392318300756564,457.22784546740706,62.682284404755954,78.74614824379664,55.34807499016111,50.039524041032514,0.0,0.0,0.0,0.0,0.0
2021-11-01,0.0001538132608347274,725.78883986471,22.894547988695845,0.002357564292173239,0.06607510262772773,177.1812790845027,521.0354826719497,692.1270972432944,0.0,0.0,4.1033699651376675e-09,40.45041329744229,55.798866992315574,129.27211625542174,25.233004739725345,11.018946623358616,107.57111870815243,254.807036327919,195.23751778831254,69.24521067183082,224.88876268217894,18.791570798006436,60.444105334549896,85.05756630781502,0.0,0.0,3.6294062790771837e-06,19.969115409054254,22.07734075635802,61.59327972698335,86.76083458168317,283.9051591887897,45.572940829306496,53.634596301981624,109.69490132414056,18.187473200413194,29.48306572200651,0.0,0.0,0.0,0.0,0.0012614911648532396,32.70861147016229,450.34059745730974,61.009812958016745,81.27971137042488,57.96144363783261,53.725379878203974,0.0,0.0,0.0,0.0,0.0
2021-12-01,0.00013914112126789976,723.3665657189023,25.316836806643025,0.002163443423708715,0.06114344081371883,171.61835079194483,518.6314215404157,700.0992124500689,0.0,0.0,3.6029277262510133e-09,40.22617992799801,54.53109119292235,126.16104196863809,24.77425080255505,10.789747300855373,104.99671551394891,247.2859298661228,191.10747572176825,69.66120790894989,234.09385987691527,19.526805689934406,63.87787054979439,90.55577799499646,0.0,0.0,3.2723515152575876e-06,19.86375684765452,21.829648677307727,60.003072123654796,84.81434777962644,282.98107179719347,45.853125799183225,55.06866608275806,114.42169845634916,18.928058243017286,31.222580745711582,0.0,0.0,0.0,0.0,0.001176534496042158,33.03364967334014,443.4294980630489,59.43465290111808,83.79278723849416,60.51755072628757,57.52576185388711,0.0,0.0,0.0,0.0,0.0
2022-01-01,0.0001258600511086313,720.6998102657203,27.983605540895276,0.001986465501477346,0.05661279589128787,166.3512073911752,516.4603654156487,707.5421195984501,0.0,0.0,3.1627175735536078e-09,39.995449336386955,53.3236539720628,123.1049097726428,24.329615382999332,10.569237273346566,102.46600205346049,239.88082039435108,186.99046029434382,70.00967251250317,242.92263620115017,20.251115116335487,67.32705631911264,96.1718162185364,0.0,0.0,2.950853438022968e-06,19.763983043608945,21.597379618657214,58.50959063122633,82.9276393755934,282.04721765001716,46.109886085086856,56.43325701405959,119.03154510500451,19.667524497870833,32.990106094516726,0.0,0.0,0.0,0.0,0.0010972175878685728,33.366996879208955,436.5185228234282,57.953801572577596,86.28287147904514,63.00967036772621,61.42331076497825,0.0,0.0,0.0,0.0,0.0
2022-02-01,0.00011098426210926433,699.7743145876082,30.14182442812958,0.0017792168921388926,0.051131788455373625,157.32057317132734,501.5984212003679,696.5868446229571,0.0,0.0,2.775795439455582e-09,39.76093452534333,52.17618437915715,120.11623144695851,23.900306617370262,10.357752957133293,99.98963206478797,232.61902060477223,182.90698680372364,70.29759206530197,251.3373731567535,20.96260588504042,70.77530533849925,101.88361764225522,0.0,0.0,2.6613814052247244e-06,19.669968319120343,21.380048549300078,57.10865078159013,81.10359413905356,281.1116725304762,46.3457393920859,57.727630022975525,123.5046577965979,20.403827613194753,34.778273348267476,0.0,0.0,0.0,0.0,0.0010231660888129974,33.70821637127813,429.6307480316622,56.56413950540745,88.74779941978046,65.43285504157758,65.39855725381729,0.0,0.0,0.0,0.0,0.0
2022-03-01,0.00010037411047570883,696.6321355940214,33.284014031867976,0.0016354006154572405,0.04739298722318654,152.7210830018626,499.85782512890336,702.9308134813954,0.0,0.0,2.435679745883459e-09,39.518834960198,51.079874202021685,117.1869725276954,23.483544949096135,10.15391135963111,97.5611315805632,225.48780590396655,178.84672610074807,70.52059958689831,259.2671944296802,21.656127054388893,74.19436787159027,107.65018282394105,0.0,0.0,2.4007578824465107e-06,19.58196142884467,21.177290708363845,55.796402581116205,79.34492506479387,280.18294169670514,46.56336104154279,58.95225840804195,127.82488664136197,21.135102684681954,36.579586104117794,0.0,0.0,0.0,0.0,0.0008954439831698472,31.96544586136873,396.8248726592775,51.868807410492344,85.58603188024448,63.62122065210253,65.1665175772455,45.47637361269753,0.0,0.0,0.0,0.0
2022-04-01,9.076916694181856e-05,693.1834420426416,36.732717188191465,0.0015039268073529447,0.04394847755158503,148.37036830907618,498.26772525101336,708.8752040355513,0.0,0.0,2.136975902029982e-09,39.27530276455115,50.03908638577623,114.33830457649312,23.082470409449673,9.958903760088035,95.1983168079812,218.53076011124662,174.8442253840838,70.69204797299025,266.7127793702057,22.331999938298388,77.57386007427172,113.45430435884313,0.0,0.0,2.1661064296209427e-06,19.500147682285665,20.988709507807595,54.56894022392752,77.65362431645794,279.2680267125357,46.76524506111931,60.108346893228806,131.979104361844,21.859555398757603,38.38634428642262,0.0,0.0,0.0,0.0,0.0008269957518934444,31.994893280944083,386.78511255227477,50.248581631885486,87.019647818784,65.13865376610195,68.33214223827922,49.703720656014205,0.0,0.0,0.0,0.0
2022-05-01,8.207400609482408e-05,689.4030497808985,40.51311814509528,0.0013836380374450466,0.04077239765586799,144.25675466246045,496.8044610046213,714.4553782972248,0.0,0.0,1.8749508937110776e-09,39.034134575004494,49.05497280016494,111.58276502417999,22.69867156922844,9.77325115616428,92.91179913980807,211.77402366593824,170.92134790642032,70.82140752414145,273.6717311449775,22.989829666881388,80.90102766304415,119.27370333365371,0.0,0.0,1.9548318704917497e-06,19.424705076377172,20.813936652649023,53.42248506891836,76.03123391935627,278.37325823122916,46.95381977025188,61.197887884785054,135.9576251521249,22.575541104809897,40.19089420531734,0.0,0.0,0.0,0.0,0.000762158683049882,31.962102093311437,376.2144702600362,48.63056436136798,88.212108492426,66.41833848322929,71.29665724599008,54.137509430380575,0.0,0.0,0.0,0.0
2022-06-01,7.420230942726654e-05,685.2647417092763,44.65143408841417,0.0012734986345002792,0.037841498447934205,140.36929947411312,495.44551168627436,719.70482384253,0.0,0.0,1.645164302791877e-09,38.79790970499652,48.127138385112275,108.92817410913378,22.33293629441084,9.597134727239329,90.70824517393193,205.2341479865662,167.09307982490463,70.91610362111379,280.1437382988176,23.62897964967922,84.16246515281959,125.08344474013232,0.0,0.0,1.7645937602011225e-06,19.355794563610864,20.652620160228203,52.353369468187545,74.47884082654062,277.5041873779883,47.13141276717885,62.22352296285752,139.7541108030271,23.281575043338357,41.985769704682696,0.0,0.0,0.0,0.0,0.0007017266745869969,31.90387155154258,365.6133609454327,47.07329122859014,89.26078755427177,67.53467610789511,74.1072230704313,58.827078789007736,0.0,0.0,0.0,0.0
2022-07-01,6.707600058249222e-05,680.7414640611547,49.174718862844514,0.0011725806169331594,0.035134852387014005,136.69775356794028,494.1695440579015,724.6551449411543,0.0,0.0,1.4437165209952909e-09,38.56877887468343,47.25472902845353,106.38020285052069,21.98575238937515,9.430614189075428,88.592515445481,198.92314904574522,163.37135159998064,70.98283848993303,286.13456855321806,24.24896104328476,87.34566145014041,130.85825900553385,0.0,0.0,1.5932802333771503e-06,19.293539102746962,20.504400694538383,51.35799037640125,72.99703424472465,276.6653138441196,47.30018987094014,63.188360942684135,143.36527510155463,23.976322118519672,43.763795636589116,0.0,0.0,0.0,0.0,0.000645663579948538,31.829935241050386,355.129855271551,45.58912434551752,90.19270021683053,68.51106773586842,76.76098144057302,63.78526897147487,0.0,0.0,0.0,0.0
2022-08-01,6.062446190357704e-05,675.8055847605012,54.11060461503683,0.0010800512448513845,0.0326335934576,133.23251654740406,492.95642702403666,729.3360927838567,0.0,0.0,1.2670914993774855e-09,38.348570301773755,46.436603285570584,103.94283975256518,21.65739079674675,9.27366452881687,86.56805420251362,192.8494672302757,159.765674151161,71.02772661979972,291.6557309009511,24.849469034249257,90.43934187822786,136.57320450233496,0.0,0.0,1.4389869084470433e-06,19.238013400746482,20.36889968572353,50.43279321975131,71.5859107200957,275.8599655486795,47.462120822749036,64.09582589031616,146.79055782036232,24.658591044213132,45.518191609682624,0.0,0.0,0.0,0.0,0.0005937670097715986,31.744178243701754,344.8329199163267,44.18037428670151,91.0199272002185,69.36041670860348,79.24584616229544,69.01474789892458,0.0,0.0,0.0,0.0
2022-09-01,5.478382571934578e-05,670.4292210203059,59.486974195868164,0.000995162046475777,0.030320686066802754,129.96458962494404,491.7872208540202,733.7756236729224,0.0,0.0,1.1123313843277403e-09,38.13882604175263,45.67140369398105,101.6186341778983,21.347943519773438,9.126192786497565,84.6370933093774,187.01848862538804,156.2834442129323,71.0563177572069,296.72361726409565,25.430379449864073,93.43364366894555,142.2041458272618,0.0,0.0,1.2999973593334088e-06,19.18923998553573,20.245714264384844,49.57427126889801,70.24510510727534,275.09026851500215,47.618962190992164,64.94952921463303,150.0317734754241,25.327330240567353,47.242667743047065,0.0,0.0,0.0,0.0,0.0005457836457660823,31.64810631208607,334.7583672843406,42.845416330026545,91.74848529854685,70.09141178171164,81.54713041630977,74.51150040887197,0.0,0.0,0.0,0.0
2022-10-01,4.9496332017675175e-05,664.5846421987824,65.33155830488545,0.0009172391669740989,0.02818072043938841,126.88552857997979,490.64414746696434,737.9999759934494,0.0,0.0,9.768647565731255e-10,37.94082239295864,44.957600593366486,99.40888115560794,21.05734927226838,8.988049281428207,82.80080738383654,181.43294916952578,152.93016936506257,71.07360053326039,301.35850470227246,25.99173358905029,96.32021139554182,147.728158683772,0.0,0.0,1.1747655102512583e-06,19.147189040966037,20.13441613072555,48.77897234466763,68.97383465749344,274.3571705725913,47.77225156672284,65.75316240519933,153.09274557022417,25.98162397217495,48.931506449489945,0.0,0.0,0.0,0.0,0.0005014514471024219,31.542219977279448,324.92677244952483,41.58106042479278,92.38186770067821,70.71097541284531,83.650446386813,80.26611233348433,0.0,0.0,0.0,0.0
2022-11-01,4.4709747067141705e-05,658.2447520168204,71.67145327343249,0.000845674898771435,0.02619973202004125,123.98739868654083,489.5105473808764,742.0337585256636,0.0,0.0,8.580027551732562e-10,37.75558672031023,44.29352568297717,97.3137842679458,20.785414543586914,8.859036666577637,81.05945064490197,176.09329281859675,149.70966843721936,71.08400745912822,305.58354450967596,26.533718586226087,99.09223366610931,153.1238771447735,0.0,0.0,1.0619008865441454e-06,19.11178076352163,20.034552981327597,48.043509117521715,67.77094976461566,273.6605012087873,47.92331002811376,66.51040919748684,155.97894138841167,26.62068832298958,50.579627027539274,0.0,0.0,0.0,0.0,0.0004058258005117298,27.694447036826734,277.90060682006646,35.58767763394393,81.8872825402832,62.766708338262106,75.38420002369799,76.01969193875539,85.87733992615037,0.0,0.0,0.0
2022-12-01,4.0376836182258486e-05,651.383651425793,78.53255819737075,0.000779920255365763,0.024365042425711574,121.26273278670891,488.37082808024593,745.9000441703639,0.0,0.0,7.539438491271302e-10,37.58391425635719,43.67740071691247,95.3326064597537,20.531832413348198,8.738917861225822,79.41248364867275,170.99800249839993,146.62426199828195,71.09142666834832,309.4238026607852,27.056646237538857,101.74443067403377,158.37178137721182,0.0,0.0,9.601526036518635e-07,19.082889429553045,19.945651616121808,47.3645708356167,66.63498725405442,272.99905589792866,48.07325073639189,67.22487594515667,158.69712094485288,27.24386687340678,52.18263133377446,0.0,0.0,0.0,0.0,0.00040289349867033656,29.832060203027655,291.6756144222572,37.40678912715954,88.99029269294229,0.0,83.12145440047735,88.1459599974203,100.7500376890239,0.0,0.0,0.0
2023-01-01,3.6454885860149985e-05,643.9772796026826,85.93893394243132,0.0007194784658377985,0.02266511959491913,118.70449316581252,487.21040779311926,749.6204644430072,0.0,0.0,6.625964091095716e-10,37.426385855868446,43.10736327088546,93.46381114810633,20.29619989934322,8.627423233645162,77.85869187981794,166.1439081195692,143.67495603835616,71.09922126078543,312.9053899203377,27.560931838216156,104.27300005309591,163.45442110341028,0.0,0.0,8.683972692253729e-07,19.060348579477846,19.867222103704975,46.73893513703182,65.56422342554129,272.3706962917035,48.22299197402026,67.90003866949925,161.25501083814694,27.850626038971317,53.73683003021736,0.0,0.0,0.0,0.0,0.00036216856332065483,29.099858616114464,277.31008398853965,35.642863197926786,87.52085746428018,0.0,82.78110862083955,92.35338284957545,106.79690133131602,0.0,0.0,0.0
2023-02-01,3.551531834125522e-05,686.4520000368675,101.36120246752819,0.0007165597945369913,0.022762271394044502,125.53143733615224,524.5664406739222,812.9603709096348,0.0,0.0,5.827407422991809e-10,37.28338679143258,42.5814903168209,91.7051937621403,20.078034099858414,8.524257174902505,76.39629629965316,161.52647165597483,140.8616183398595,71.1102555542303,316.0547039551247,28.04707399466765,106.67552849477875,168.35657150414033,0.0,0.0,7.856259257280569e-07,19.043956864091562,19.79876254397127,46.16347910395732,64.55672495165325,271.77245962779386,48.37327323798321,68.53920497522097,163.6610105351957,28.440550067566235,55.23924996006524,0.0,0.0,0.0,0.0,0.00032497597918634455,28.337585119172864,263.301542644281,33.939798739130445,85.87935389452,0.0,82.09609927492902,96.38094360776626,112.75016418858392,0.0,0.0,0.0
2023-03-01,3.204831526156259e-05,677.2150415896568,110.59816438174198,0.0006613792081249373,0.021185385331759593,123.10841921094604,523.2261295683663,816.7253322070453,0.0,0.0,5.127807918163745e-10,37.173199675101195,42.11829747964675,90.09780812786664,19.886455846277126,8.433204279068644,75.0595488505567,157.21648573589695,138.25036229365662,71.16152519242902,319.05291519755076,28.529506873303557,109.00387373794909,173.14950501683137,0.0,0.0,7.109331420243837e-07,19.03348419914455,19.739764080957094,45.635189048832665,63.61039638106219,271.2006721767831,48.52467324059488,69.14548884992116,165.9239355406953,29.01333570837657,56.687624084496676,0.0,0.0,0.0,0.0,0.0002917888043773881,27.615520478403283,250.28576937429654,32.37493130543309,84.28409359088295,0.0,81.2801099097748,100.42475309157122,118.83038488153954,0.0,0.0,0.0
2023-04-01,2.8911380471872376e-05,667.3315291264273,120.48167998190632,0.0006106047008873944,0.019722791636167428,120.84467543550214,521.8221954350076,820.3945234840506,0.0,0.0,4.5151985271241054e-10,37.085736755098345,41.70393883975099,88.61237492779345,19.71529331998662,8.351560426459368,73.82410377756133,153.1601638027048,135.799028935939,71.23587099252362,321.8423818145986,29.001699954772803,111.23125258922614,177.78139891139634,0.0,0.0,6.435137540686458e-07,19.028893332088973,19.689938765646207,45.151679799186724,62.723733417967836,270.6541261132487,48.678179839367104,69.72258546484612,168.05470134137778,29.569121252519192,58.081023475889076,0.0,0.0,0.0,0.0,0.00026228252720325584,26.94424505711093,238.30611150754464,30.950531185699056,82.7756018181442,0.0,80.38327949773304,104.5147963581062,125.06865735421388,0.0,0.0,0.0
2023-05-01,2.6073667864779765e-05,656.791620000654,131.0215919453922,0.0005638711366851789,0.01836581830549804,118.73413870916197,520.3426701533434,823.98598919895,0.0,0.0,3.977679545676638e-10,37.01683879642779,41.33172007722222,87.23507115308576,19.561690332543442,8.278042528132394,72.6784841577146,149.33180558968218,133.4891039940992,71.3271305221647,324.4128171321028,29.461347744676075,113.34744357541524,182.226603241444,0.0,0.0,5.826427281303247e-07,19.030095738509488,19.64896371620473,44.710588497472244,61.89500108061818,270.1306090070002,48.83457604254194,70.27387300250669,170.0640213795396,30.108115296452013,59.41911370189835,0.0,0.0,0.0,0.0,0.000236013539018934,26.319778890555337,227.27274774979676,29.652376793360897,81.34957670277907,0.0,79.4135693315636,108.63231680789627,131.43748881863877,0.0,0.0,0.0
2023-06-01,2.3507265323647137e-05,645.5916693670086,142.2215451454401,0.0005208456581612647,0.01710651026190213,116.7710619569276,518.7764035663895,827.5166348716606,0.0,0.0,3.505784462964325e-10,36.96506051715016,40.998244089096055,85.95898872945256,19.424307673710477,8.212019269188081,71.61696840329927,145.71806491845592,131.31255345415352,71.43414921509911,326.7757645154927,29.908209129569446,115.35074332770499,186.47359653253153,0.0,0.0,5.276664703341121e-07,19.036928099551382,19.61645614713978,44.30951835951259,61.12218556773865,269.62659410014214,48.99438107205509,70.80229597951397,171.9619643429238,30.630536016915176,60.70199373707876,0.0,0.0,0.0,0.0,0.00021256699884275704,25.734999054936775,217.07476800347126,28.463979214085583,79.99100114046172,0.0,78.3684994232774,112.74225593985348,137.88725995188685,0.0,0.0,0.0
2023-07-01,2.1186907090646977e-05,633.7350245396867,154.0781922931202,0.00048122446512704656,0.015937559652780087,114.94999982286787,517.1130287896218,831.0022803542902,0.0,0.0,3.092017378258147e-10,36.92942962252449,40.70081407631382,84.77853964270912,19.302104756619585,8.152992503729857,70.63493020374835,142.30799846776839,129.2632233846788,71.5565346385837,328.94563503577905,30.34244586467531,117.24158794713969,190.5151013032923,0.0,0.0,4.779974212483872e-07,19.049184241336597,19.592005695974695,43.94611233415499,60.40312453287119,269.1377212266402,49.15793408045821,71.3104606849234,173.75804532357824,31.136637880026544,61.93020056372408,0.0,0.0,0.0,0.0,0.0001915912049673349,25.18367373479324,207.61622661404374,27.37114538883332,78.68657714251266,0.0,77.24710232300123,116.80797624466139,144.36346862739032,0.0,0.0,0.0
2023-08-01,1.9089711624487703e-05,621.2327071348594,166.580511795143,0.00044472997181206506,0.014852244323105836,113.26579243370809,515.3429369083318,834.4577014345629,0.0,0.0,2.727473429961002e-10,36.9091378302296,40.43706266849644,83.6886819452476,19.19416885761285,8.100524009972043,69.7281943483072,139.09168157216985,127.33565116250087,71.69408083375664,330.93696280883086,30.76438498381267,119.02155701997098,194.34659615067827,0.0,0.0,4.331076555659869e-07,19.06663287335091,19.57519176818193,43.61808936602087,59.73558196881831,268.6590739805272,49.325442920748834,71.80068891237242,175.46124226512023,31.62672072202494,63.10467731921688,0.0,0.0,0.0,0.0,0.00017279496697150586,24.661529056787355,198.82341617772562,26.3628853437047,77.42825851252275,0.0,76.05342771967345,120.79767638090354,150.81484920709815,0.0,0.0,0.0
2023-09-01,1.719494414207539e-05,608.1039349745319,179.70928585023802,0.00041110828878036543,0.013844373387092301,111.71355095090838,513.4572616132742,837.8966597050389,0.0,0.0,2.406693738229111e-10,36.903445934129344,40.204830086714246,82.6846840697877,19.099661046828775,8.054211946528651,68.89284089274405,136.05978665171455,125.52470572616318,71.846597691651,332.7634879656559,31.174437120414787,120.69296496108026,197.96570394573646,0.0,0.0,3.9252329381778914e-07,19.089028333870072,19.56559355096116,43.32326244313229,59.11729504060409,268.18535670451166,49.49701561508035,72.27505280925679,177.0799885999152,32.10113050512494,64.22672448247647,0.0,0.0,0.0,0.0,0.00013358013514900945,20.70162786564129,163.3110171831246,21.785160522218074,65.2870544571889,0.0,64.07344065297339,106.81121949997883,134.6606343052348,48.58289318164162,47.918625839710145,0.0
2023-10-01,1.548380196630437e-05,594.376437856711,193.43678467920105,0.00038012698822702706,0.012908238968011375,110.28864446578682,511.44787405642074,841.3319208627339,0.0,0.0,2.1243513632071072e-10,36.91164916731539,40.002113048608294,81.76203933110784,19.017795009247205,8.013681350569152,68.12513437070442,133.20342973940882,123.82545975047101,72.01385416637962,334.4377884137112,31.573059571866978,122.25862470575058,201.37181421207984,0.0,0.0,3.558188566485897e-07,19.11611832353708,19.56279689350655,43.05954876524194,58.54600756356927,267.7110283501385,49.67268435500974,72.73540348494866,178.6221697438811,32.5602572661248,65.29794649828726,0.0,0.0,0.0,0.0,0.00011914383587288925,20.05092644782602,154.8728718255704,20.789563642723213,63.49745788225819,0.0,62.1828623731737,108.69481217212562,138.32288992462907,51.14992625702523,50.468140356089236,0.0
2023-11-01,1.3939220332656142e-05,580.086527661601,207.72669641889266,0.0003515731168880468,0.012038573298438862,108.98668783877422,509.3073879515896,844.7752618141185,0.0,0.0,1.8768610722284502e-10,36.933065124733936,39.827040488763934,80.91643502781166,18.94782815048558,7.9785799033885185,67.42149843235899,130.51411349483837,122.23314643429983,72.19556390597526,335.97114184452573,31.960737104766498,123.72168506092031,204.56579239161172,0.0,0.0,3.2261234900838097e-07,19.14764978938591,19.56639929553283,42.824975267290036,58.01949486300329,267.23040999327145,49.85242481389804,73.18339632259611,180.0951280512311,33.004531765988816,66.32019819152089,0.0,0.0,0.0,0.0,0.00010624816525169555,19.418220442452128,146.94458466594202,19.85331207979666,61.73013176846295,0.0,60.24829417482182,110.31609206675775,141.6433474683203,53.72494859384109,53.0283538007986,0.0
2023-12-01,1.2545698319786722e-05,565.278894016919,222.53433145709673,0.0003252514237055928,0.011230510485850116,107.8035301362041,507.0291746917133,848.2374671610704,0.0,0.0,1.6574445506653097e-10,36.9670313513738,39.67786107670554,80.14374371341123,18.889057964496985,7.948575971260684,66.77850890216612,127.98370853719513,120.74315077115001,72.39138886688642,337.37350399019465,32.33797127030276,125.08550893963269,207.54973146994755,0.0,0.0,2.9256069296172766e-07,19.183373468455795,19.576013554011162,42.617681010012994,57.535582335077116,266.73777346726996,50.036171951458954,73.62051386424245,181.50567594804832,33.43442144773335,67.29553323800297,0.0,0.0,0.0,0.0,9.482967015631055e-05,18.8226455022559,139.63903321391217,18.99157806548458,60.049656716005934,0.0,58.344385184574065,111.78109600680268,144.74309272049496,56.34794869369933,55.63887729738775,0.0
2024-01-01,1.1289142836905367e-05,550.006111482204,237.8071152483671,0.00030098277435543756,0.010479552340739237,106.73524337260784,504.6073879998916,851.7283158432831,0.0,0.0,1.4642991202913266e-10,37.01290725452098,39.55293632794083,79.4400235037665,18.84082077684023,7.923357691156455,66.192894321735,125.6044497325881,119.35101491139912,72.60095075130003,338.65355159799776,32.705274325616976,126.3535789185744,210.3267310222774,0.0,0.0,2.653560909592574e-07,19.223047371844718,19.591270372804374,42.43591730749213,57.0921591233112,266.2274153215547,50.223832948654106,74.0480865220623,182.8601156182736,33.85042600301984,68.22615602525923,0.0,0.0,0.0,0.0,8.474014576595053e-05,18.26820642295045,132.94955867223058,18.203858833740973,58.472688191012935,0.0,56.4973631644796,113.12543426086556,147.65690128002282,59.02712462368341,58.307960131951624,0.0
2024-02-01,1.0382481968264691e-05,546.2043662374431,259.11958465798074,0.00028479523236728206,0.009998951971387565,108.1292411891237,513.195772703906,874.2663447330201,0.0,0.0,1.2940348481577282e-10,37.070077829038695,39.45073640713591,78.80152151900519,18.80249152592365,7.902632530581995,65.6615390665721,123.36893714286076,118.05244840362037,72.82384546269013,339.8187625981104,33.06316582963818,127.52942332186352,212.90069867603165,0.0,0.0,2.407213463320375e-07,19.266439392672442,19.61182013321895,42.27804616246573,56.68718789624146,265.6937189214391,50.415297690798454,74.46731118116037,184.1642633487178,34.253072720620345,69.11437768118218,0.0,0.0,0.0,0.0,7.58261600443946e-05,17.754829961387884,126.84047329776637,17.485880567802635,57.00258069740694,0.0,54.71912741319536,114.36573515252624,150.39707930563685,61.76085495891904,61.03413808135256,0.0
2024-03-01,9.339857223280173e-06,529.8303678656157,275.4935840724328,0.00026369395331805043,0.009335605778507072,107.26086639614994,510.41207678672686,877.9190998906449,0.0,0.0,1.1451036573526386e-10,37.1431369910224,39.37532747568217,78.235586496389,18.776101971301458,7.887226796128723,65.19057660471347,121.28704869552551,116.85963333110827,73.06984665189827,340.9230538013797,33.416830332410214,128.6344949742379,215.306193802269,0.0,0.0,2.184076720040234e-07,19.313329173305064,19.63733396957856,42.1425374169829,56.31871147028245,265.13120680856986,50.610447114358976,74.87926771924198,185.4234767573718,34.64291172917135,69.96257666678021,0.0,0.0,0.0,0.0,6.794469549091318e-05,17.28076397302927,121.26671308674075,16.832150979372045,55.63692880345577,0.0,53.01478775376053,115.51019393419394,152.966511251655,64.54203178711575,63.810492599302854,0.0
2024-04-01,8.401309420695134e-06,513.181226246462,292.1427266301343,0.0002442270452287041,0.008718796659663627,106.49912221626057,507.46886622926706,881.624690904021,0.0,0.0,1.0123972515467469e-10,37.228673299158004,39.322307453567284,77.73259673593289,18.75963855627851,7.87626862268453,64.77199855213678,119.34201838378146,115.75917947203146,73.33294837291523,341.9456461386901,33.764316350190754,129.66259845889246,217.53223691551702,0.0,0.0,1.9819180853878887e-07,19.363571961475568,19.667567867408962,42.02810084310796,55.985037919945626,264.5354405378238,50.8093239950094,75.28517695038393,186.64328698415972,35.02062446972206,70.77339293116592,0.0,0.0,0.0,0.0,6.09677800068786e-05,16.843628560065874,116.182015144917,16.237019615616507,54.37092000737835,0.0,51.38608442402844,116.5634654487249,155.36482793881154,67.36024226853752,66.62679176550736,0.0
2024-05-01,7.5569146971562774e-06,496.3325253402545,308.9914283807365,0.00022626415166467027,0.008145146682573438,105.84078878175079,504.3637783371863,885.3887038434823,0.0,0.0,8.85996688811942e-11,36.91411272056914,38.85668990588195,76.43604886824198,18.545565747943645,7.782642557489158,63.6921114279933,116.22974954510434,113.48038974019879,72.80012432822241,339.10566337012324,33.72968406245322,129.17523012762413,217.16025622832134,14.069071288809964,0.0,1.7539127715448834e-07,18.933274678945455,19.211429700030667,40.88879779996474,54.29721353212232,257.32724540237587,49.74104629894178,73.80050364493115,183.14920735587776,34.505268866406865,69.76687081178329,6.0891496293713105,14.39257736960033,0.0,0.0,5.4783060086698604e-05,16.440926311088738,111.54253609314841,15.695147893540371,53.19899994087259,0.0,49.83313175897305,117.52927979400215,157.59178553458705,70.20316715258143,69.47086217814565,0.0
2024-06-01,6.797621956802234e-06,479.36175562793545,325.9621988523482,0.00020968543412304392,0.007611525307150077,105.28281464079876,501.09548624256223,889.2155202791512,0.0,0.0,7.844333731527464e-11,36.98777340633112,38.80914775536149,75.98350567747005,18.530325050719473,7.772736556751472,63.31545402384924,114.45191040427581,112.45949924745203,73.02566064760003,339.65439003958403,34.03141570880545,129.92991999896472,218.82139434468414,15.155724743639047,0.0,1.5888249024654115e-07,18.95043996625352,19.21096586114069,40.73323676195717,53.92696849716299,256.1557298094688,49.84244611754366,74.03930056626562,183.90773040139192,34.782239713255485,70.35126704960072,6.516228297796431,15.490100546271828,0.0,0.0,4.927046423458865e-05,16.06301751421413,107.25977091798521,15.194822896639108,52.092125747166335,0.0,48.33344742875761,118.35828855588171,159.5769059437879,73.0245413604972,72.29686087421354,0.0
2024-07-01,6.115176346531676e-06,462.34674063312076,342.97721452960855,0.000194380700742161,0.007115030519018911,104.8223038381467,497.66375713360645,893.1082719902806,0.0,0.0,6.924390324242418e-11,37.068385187212186,38.776405034581785,75.57704670620865,18.52158238990776,7.765780375605417,62.977151578693395,112.78220405990864,111.50908229433456,73.25904364705546,340.09717301963275,34.324640439687435,130.60346789991837,220.29620624651577,16.31585870833495,0.0,1.4391954130865617e-07,18.96682780924589,19.2108272312424,40.58779332106315,53.577307205579814,254.89626418178247,49.93767439135674,74.26016679956906,184.60361228946834,35.04169546176271,70.89112719694606,6.964917120146771,16.656703310825087,0.0,0.0,4.4363249501920835e-05,15.712275068933105,103.32989544934372,14.736168300092917,51.05981029126495,0.0,46.90013941736488,119.08548126131232,161.3638387938724,75.82669266136475,75.10694839750968,0.0
2024-08-01,5.502051903868936e-06,445.36411691599733,359.9598388598565,0.00018024861431652794,0.006652971645341822,104.45650264354303,494.0695092841895,897.068797225261,0.0,0.0,6.133152923287238e-11,37.15531414642302,38.757274961316284,75.21361972342721,18.518823567181453,7.7615413771457575,62.674665975868905,111.21474645048745,110.62535012966306,73.49949154264691,340.4345953655655,34.609663659950336,131.19809982447583,221.58915116479756,17.552355089556436,0.0,1.3036149580489757e-07,18.98290222835597,19.21141568460167,40.45276455805869,53.248526532317086,253.5542138908011,50.02824928522742,74.46616850180881,185.24626933437236,35.285330651099066,71.39097749494185,7.4353696088739865,17.89502085676695,0.0,0.0,3.999377138004891e-05,15.388530656424685,99.7330818136893,14.317074322162744,50.103176578499486,0.0,45.5375567039941,119.729509163871,162.97616326619917,78.60311371769296,77.89449323052638,0.0
2024-09-01,4.951393335135783e-06,428.4879347469313,376.8360215795812,0.00016719597114713794,0.006222853664958527,104.18278599164971,490.31486537045527,901.0976009615125,0.0,0.0,5.421499207107467e-11,37.248008357346926,38.750699125737384,74.89044162684384,18.521590116783923,7.759811810304546,62.40568272587212,109.74411406097333,109.80483813791383,73.74634422728133,340.66717911329846,34.88682666819397,131.71604917948537,222.7049103562352,18.867906251001447,0.0,1.1807712947588272e-07,18.9986827830751,19.212686237045226,40.32752680137605,52.93966867599612,252.1290822827538,50.11450069000608,74.65854226763676,185.8404284883941,35.51401662731093,71.85361114630021,7.927439722468217,19.20711054329029,0.0,0.0,3.609932138189641e-05,15.09057704059801,96.44430910171606,13.934668079327711,49.21978925608817,0.0,44.24608321587576,120.301597998688,164.42881644377732,81.3432735448994,80.64882442043874,0.0
2024-10-01,4.456961244384963e-06,411.7884339495784,393.53552287136597,0.00015214436517283164,0.005710046280735186,101.99245291607181,477.020215271605,887.7321370523238,28.850974942607156,0.0,4.806240957820987e-11,37.345984775525075,38.755729203345226,74.60496249147467,18.52947125306389,7.7604052634298775,62.16808109093547,108.36527928978275,109.04435504256661,73.99904142309612,340.7953578822209,35.15649543674841,132.15951709624676,223.6482717107979,20.26496052917984,0.0,1.0694703718070028e-07,19.0141048343382,19.21451271512213,40.211315591558694,52.64956590181071,250.61947118555025,50.19651688227764,74.83810203591976,186.38962217772863,35.72844824982723,72.2813908377054,8.440774521762728,20.594646438927278,0.0,0.0,3.262434406710363e-05,14.817083750878409,93.43949911969544,13.586168500475154,48.40663420079189,0.0,43.02503314847897,120.81169723580042,165.73612669624563,84.03654706730059,83.35912464392194,0.0
2024-11-01,4.01308595318199e-06,395.33103315683724,409.99292410798245,0.00014092196860777554,0.005333132473543426,101.68570335445465,472.0520833495251,889.9609293243672,31.89745229046429,0.0,4.2544378802619575e-11,37.447155072129455,38.76978965021895,74.35153342375486,18.541273615812813,7.762808906040589,61.95715747781256,107.06880241717381,108.33612999765454,74.25380657310458,340.80432952615246,35.417478127118656,132.52475816519933,224.4140728100203,21.744698592927897,0.0,9.686258454837471e-08,19.029075332588768,19.2167441561236,40.10334454534857,52.377003703908,249.0238801467279,50.27429227922103,75.00546239126705,186.89675009363063,35.929241273759,72.67644352540255,8.974817773620705,22.058897569340672,0.0,0.0,2.951992399714563e-05,14.566716618784433,90.69617954180647,13.268977348463205,47.66052517497356,0.0,41.87311099141916,121.26912854677079,166.9124961078179,86.67291877532207,86.01513478661892,0.0
2024-12-01,3.6146234220654093e-06,379.17555300375307,426.1484046595292,0.0001305429944511405,0.004981694570955146,101.44306728129608,466.86944811533186,892.0645059283737,35.2195088106867,0.0,3.766537654237185e-11,37.55190640365859,38.79290877815444,74.12955067606451,18.557044722106216,7.767030801413298,61.77241196599815,105.85265319544476,107.67971951785094,74.51173606404026,340.70140062236305,35.67086814117583,132.81654533534237,225.01164834178934,23.309178805658224,0.0,8.772534730940615e-08,19.043474232302103,19.21920607711522,40.002807163665565,52.12072819994403,247.34077126019136,50.347732197606895,75.16104953990694,187.36411450229892,36.11693111285284,73.04065777995937,9.52879708822175,23.600659279984022,0.0,0.0,2.674305916594652e-05,14.33816707099278,88.1935352215815,12.980685854966675,46.97821698249372,0.0,40.788587792032565,121.6826385938916,167.97228532645553,89.24329288773318,88.60747124474294,0.0
2025-01-01,3.256914929729434e-06,363.3756766167333,441.94828140425756,0.00012094133346131153,0.004653911101601295,101.26077674740179,461.4780834291355,894.0261986453559,38.831808698925464,0.0,3.3262510715398e-11,37.66021250164986,38.824709293297765,73.93763617090275,18.576635034103653,7.772997330658204,61.61269903358617,104.71366568261666,107.07347314765958,74.77308286201087,340.48962657444963,35.91734096973491,133.03796647413557,225.44754871151537,24.95984277109458,0.0,7.944622417538103e-08,19.057185641865818,19.221731729432353,39.90894077180482,51.879533569273356,245.56901708957753,50.41673627848179,75.30522978588033,187.79374909092627,36.292029256033224,73.37579927753856,10.101729671190036,25.220222867774268,0.0,0.0,2.4255955356266293e-05,14.130157379348027,85.91230746162505,12.71906078188861,46.35643880921637,0.0,39.769396356761256,122.06030873819235,168.92951165419518,91.7396563955535,91.1277988849544,0.0
2025-02-01,2.998605917821201e-06,355.42910235249894,467.13740639870946,0.00011445549787427095,0.004441193990771784,103.30051492087186,465.6465704469902,915.0089699915438,43.66291081218984,0.0,2.9506420785881926e-11,37.77187063814434,38.86465522190081,73.77412388556327,18.599816194676727,7.780602715600044,61.47663289449096,103.64827612133143,106.51526007763519,75.03772628025335,340.1700792196428,36.15737146779821,133.19127725622278,225.72695197513215,26.697540880464846,0.0,7.194479329878642e-08,19.070106875929184,19.22417097413891,39.82104313999138,51.652286400178056,243.70804643656896,50.481223687359076,75.43835127470035,188.18753223745455,36.455039619446026,73.68354630102287,10.692424598856574,26.917330298910475,0.0,0.0,2.2025391285422862e-05,13.941439759555387,83.83466288890645,12.482026790803934,45.79190579952672,0.0,38.81319986716967,122.40944847099617,169.79753738335242,94.15516435577902,93.56892755172493,0.0
2025-03-01,2.7040099588060215e-06,340.1554011233551,482.4111079224494,0.00010386530237508516,0.004063996105453378,101.0948092241873,450.2458347950422,897.7405511748051,46.99349230326292,31.544666462378483,2.6068977482168992e-11,37.89149901982079,38.9171847142971,73.64678077617174,18.628738181742786,7.7907366090173,61.370688086151986,102.66609687689134,106.01647559982189,75.3151058131409,339.7867695068499,36.39603057697028,133.29550577286392,225.88347588070803,28.526196333164492,0.0,6.514806273571194e-08,19.082150426731907,19.22639201343217,39.73847419998764,51.43793004806752,241.7578919967411,50.541139551210804,75.56075755537012,188.54722988840533,36.606462138096106,73.9655002062721,11.299486709662238,28.69112673717311,0.0,0.0,2.0022159475428044e-05,13.770794792529147,81.94406754497292,12.267650037167416,45.28132683402183,0.0,37.91745043481565,122.73651293817805,170.58880815265206,96.48417245377173,95.92485617642755,0.0
2025-04-01,2.4393674212919627e-06,325.3696009698336,497.19690834061333,9.603523239720334e-05,0.0037890736879185073,100.84779156114683,443.2964843579135,897.179214575152,51.43565658555473,34.86048963239672,2.311712186438841e-11,38.014432999925326,38.9772054345041,73.54530294937021,18.660987491746823,7.802380403703977,61.28628029494764,101.75137347081078,105.56237248827468,75.59619909763941,339.2998356422971,36.62946880383504,133.33675887683054,225.89493739183334,30.442609344124058,0.0,5.8990096074025986e-08,19.09330135425464,19.228338948850045,39.66077300399135,51.235637499496264,239.71992884849809,50.59660817183321,75.67302042413337,188.87508539095097,36.746903412647434,74.2234126666773,11.921360028060345,30.54020879168093,0.0,0.0,1.8220574695580483e-05,13.617030839667725,80.22517600960519,12.074124305819668,44.82141414622576,0.0,37.0794426443078,123.04705663129617,171.31466102006488,98.72222924538391,98.19077614798178,0.0
2025-05-01,2.2015401694240094e-06,311.10016549536186,511.4663440529124,8.878026699368463e-05,0.0035321450786260492,100.6251121318889,436.1145313679869,896.2066890119248,56.17444825705141,38.499120126886666,2.048553427197082e-11,38.140290254884675,39.04406075527947,73.46786027822795,18.696270780514894,7.815403327779978,61.22188622635543,100.90039661944326,105.15043743592442,75.88046654970294,338.7080228476285,36.85788460141597,133.31613845541102,225.76455768771325,32.445721156362126,0.0,5.341128535717776e-08,19.10353249670953,19.2299460828876,39.58747852849827,51.04458036629536,237.59579963092452,50.64770962895155,75.775609522289,189.17300347605905,36.87691514199759,74.45886315714948,12.556293816146503,32.462473599424,0.0,0.0,1.6598046181351728e-05,13.478985917063929,78.66374330304485,11.899760781728148,44.40889977118223,0.0,36.29636628964358,123.34573446790296,171.98521929678037,100.86604498854248,100.36305022196858,0.0
2025-06-01,1.9877143777458506e-06,297.3694318756558,525.1970778864442,8.205674249295304e-05,0.003291970611128268,100.42156488933449,428.7139321132157,894.792712752385,61.20611615601368,42.48582188278126,1.817693362250435e-11,38.26894714967363,39.117377838615106,73.41318215007261,18.734428624783245,7.8297312229747105,61.17644864031139,100.11026710968854,104.7789235051746,76.1678654466465,338.0123332771389,37.08169211865923,133.23554526649195,225.49689999624434,34.53396044943977,0.0,4.8357192440309765e-08,19.112819776487623,19.231153196369657,39.51816023324752,50.86397030262028,235.38762614835449,50.69452111769438,75.868957133346,189.44271933127857,36.997023435287616,74.67332260380869,13.202365988890636,34.45510900561933,0.0,0.0,1.5134699641282171e-05,13.355529445967292,77.24654334620564,11.742978973000785,44.040550486400754,0.0,35.56535146494288,123.63632464129657,172.60933847549882,102.91342724528589,102.43915681839984,0.0
2025-07-01,1.7953704789417986e-06,284.19399508275825,538.3725148716857,7.582464648364095e-05,0.0030674085755063524,100.23206326638618,421.11093780988784,892.9085504198224,66.5222588939738,46.846568197791555,1.602371985346137e-11,38.400206616168475,39.19672530221,73.37991015819118,18.775271844581006,7.845278045785046,61.14883696425937,99.37799510021878,104.4459226920096,76.45819110488559,337.21312236650914,37.30120304078806,133.09653905438702,225.09593616871854,36.70495594451578,0.0,4.3778896223734056e-08,19.121152200943126,19.23191545682333,39.45243728292934,50.69308510776106,233.09814081068888,50.737144274174305,75.9535019354979,189.68591488242274,37.1077486521699,74.86819789526349,13.85751006417878,36.514593858774525,0.0,0.0,1.361062010537147e-05,13.051455779216724,74.84811334177748,11.432271917676072,43.07258328384997,0.0,34.37230371964154,122.10574831235353,170.6565030535266,103.3264647149411,102.88741071424288,10.050192812700098
2025-08-01,1.6222562062529093e-06,271.5851384542882,550.9813716732699,7.004730741510874e-05,0.0028574076591014633,100.05168211383453,413.3240101413814,890.5276612867182,72.10943824805058,51.607802576133196,1.4198222603742294e-11,38.53391262210825,39.28172928047675,73.36681679716759,18.818637247440627,7.861969126887626,61.13802955487752,98.70080188521939,104.1496830009069,76.75130582716793,336.3111854849749,37.516738180859015,132.90076673883235,224.56577246640893,38.955609025203934,0.0,3.9631891865947863e-08,19.128532691527017,19.23220409280708,39.38997871645796,50.531269896679575,230.7306943253436,50.775708162108415,76.02969616692272,189.90424330344777,37.20960789470798,75.04484129955746,14.519541277753213,38.6366994417156,0.0,0.0,1.2421493876700734e-05,12.943594085877503,73.6336118592035,11.297893009529304,42.74849490912895,0.0,33.71544619919155,122.273037825902,171.04580765451428,105.05578555099939,104.64506431388325,10.755532075073925
2025-09-01,1.4663602861113069e-06,259.5492880811777,563.0172222022763,6.469110513968263e-05,0.0026609996962120735,99.87570022047323,405.37367830132797,887.626350821306,77.94892134209432,56.79614544508142,1.2531970323463677e-11,38.66994598742189,39.37206780408819,73.37279400418375,18.864385102830408,7.879740068048874,61.143104167224585,98.07610158301915,103.88859428014739,77.04713185571075,335.30777621408845,37.728625022664126,132.64997218844297,223.91066792300884,41.282090196556105,0.0,3.587554980025365e-08,19.134977982267348,19.232006143774733,39.330501797448896,50.377935751031416,228.28924525429736,50.81036973170604,76.09800879863239,190.0993430524542,37.30311582810446,75.20455640387206,15.18618572342443,40.81650447911415,0.0,0.0,1.1343080391397935e-05,12.844521641962732,72.51466113180243,11.174672320234562,42.450566863112144,0.0,33.09575901033299,122.4135389565781,171.37249998110482,106.66439773776206,106.28149486703343,11.495724373703577
2025-10-01,1.3258879752719776e-06,248.0884738647931,574.4780365591332,5.972519883476557e-05,0.0024772927235887144,99.69964154699518,397.28233668423877,884.1843802693913,84.01658388665791,62.438042415878414,1.1198748127032308e-11,38.80821705977847,39.46746214539085,73.39683616376055,18.91239514196392,7.898535028918298,61.163223807867325,97.50147616374535,103.66116630305307,77.34563793031508,334.2045929827945,37.93719211803611,132.3459939906413,223.13503366238405,43.679846406053635,0.0,3.2473704678149945e-08,19.14051806418517,19.231323765701998,39.273769541879126,50.23255717412882,225.7783375607237,50.8413130149317,76.15892661342417,190.27284618039496,37.38878470006415,75.34860228108589,15.855111971579278,43.048425089725725,0.0,0.0,1.036520871392602e-05,12.754878764132856,71.49082286482864,11.062822372931251,42.18120504107763,0.0,32.51479046239885,122.54322649781633,171.6618083364787,108.16624661846379,107.8103883697343,12.270895380522086
2025-11-01,1.1992399065984792e-06,237.20078502087367,585.3657255297009,5.5121273812016934e-05,0.0023054643534278826,99.51931339849097,389.0739858042415,880.1855105678683,90.28300099331905,68.55935047153704,9.856181229060658e-12,38.94865904073415,39.567668985249476,73.43802479965925,18.9625629322322,7.918305175846069,61.19762399195233,96.97465358935486,103.46600939614825,77.64682701399983,333.0037675643785,38.142764016056006,131.99076427445246,222.24343493720258,46.1436232075989,0.0,2.9071436302490483e-08,18.935848010434473,19.019896718205157,38.79073259270713,49.54689768799071,220.76240550795805,50.31251204084471,75.37958663103848,188.34412363191794,37.05743137653622,74.65286355948741,16.343279432375084,44.830630254287286,9.220107421338957,0.0,9.477737508166846e-06,12.67416789625856,70.5555289386796,10.961596108601428,41.93902842566764,0.0,31.97101048977735,122.66666233030487,171.92280359488376,109.56686095471342,109.23709362952575,13.07985196306143
2025-12-01,1.08498983106833e-06,226.88081194164187,595.6856987231826,5.085330707921805e-05,0.0021447554890618226,99.33084004888757,380.7739227706811,875.6179605987068,96.71374316784869,75.18485962616371,8.677585020412655e-12,39.091221936052385,39.67247334762123,73.49551481073414,19.014796603347158,7.939007282264035,61.245601285170856,96.49348867890848,103.30181734867868,77.95072515269078,331.7078547785293,38.34565671721999,131.58630823115527,221.24059495241858,48.667502202241124,0.0,2.6290606939045253e-08,18.92413458977119,19.00272084536604,38.70772843470918,49.3769754925208,217.97819579684685,50.295106961809694,75.36483743305034,188.3232042507876,37.097701952271805,74.70656737437906,16.988474782164793,47.08362422306602,9.91093599198407,0.0,8.669541546389476e-06,12.598887947961087,69.68596049060142,10.867688996474989,41.71268342388552,0.0,31.455327931190286,122.75839618755509,172.1222606883782,110.84571861756625,110.54102074111782,13.917616864720621
2026-01-01,9.818672236791037e-07,217.12006952184578,605.4464412461014,4.689735038544305e-05,0.0019944644150110885,99.13069079842738,372.4083913475338,870.4747654422792,103.26988349244185,82.33774937863613,7.664667729130111e-12,39.235866900919525,39.78168204689537,73.5685217436509,19.069013805366936,7.960602429854322,61.3065027082916,96.05594586673953,103.16735183573263,78.25737102765466,330.3198209716645,38.54617344171095,131.1347432880811,220.13139840193608,51.24495336649578,0.0,2.3773452660752048e-08,18.910719629033096,18.98419140038782,38.62509712545629,49.211408695256885,215.13532784727147,50.27212707611021,75.34042532853515,188.27601118714048,37.129728385992046,74.74430787018217,17.62703099843264,49.36186992797284,10.64409028736585,0.0,7.933911510063793e-06,12.52994690864668,68.88427205069213,10.781645820609267,41.505375956922066,0.0,30.969804367808347,122.83476522515521,172.28529272917154,112.0201842081076,111.73938324572481,14.783032579586058
2026-02-01,9.067074950668313e-07,212.11078944991084,627.0860479988046,4.4105365791541844e-05,0.0018914235534895534,100.9155408507467,371.3634988767844,882.237284504901,112.13079971835565,91.85935460893535,6.8191970163897e-12,39.38256084087946,39.89511748952905,73.65630978575732,19.125138824586333,7.983054779015297,61.379715740538295,95.66008331638612,103.0614278710051,78.56680593575676,328.84302967709664,38.744600583661466,130.6382772282381,218.92089325247815,53.868901304090734,0.0,2.1495358303186708e-08,18.89564303206031,18.9643267460747,38.54268715874872,49.049807284931575,212.24036129327018,50.24375551037364,75.30676383097342,188.20383654630518,37.15393925889646,74.76705526736195,18.256631852307653,51.65731113097809,11.420815011411914,0.0,7.264072516754143e-06,12.467289875946571,68.14744290271985,10.703197791026042,41.31710902353206,0.0,30.513962028289995,122.90232736755223,172.4231147086622,113.0998196640235,112.84165618246118,15.67364579792569
2026-03-01,8.208630614383874e-07,203.25729012748627,635.9395474070736,4.0640241336927734e-05,0.001757409628975225,100.67822961323421,362.7775032411369,875.8150471090518,118.9416741793501,100.29416189599924,6.143683972958148e-12,39.53569148997138,40.017085858951134,73.76642776677686,19.18524482623335,8.0072256404126,61.47153160758771,95.31469473783302,102.99441531653186,78.88788413510548,327.3178192950145,38.94555809957277,130.11375219314672,217.63862289719916,56.53812514338328,0.0,1.943372474357808e-08,18.878953011165848,18.943154860845617,38.46037737865189,48.891826550054134,209.30022023564408,50.21019195539007,75.2642773256326,188.1079701041678,37.17075703246673,74.77574505538793,18.87507193307315,53.96160731354243,12.24219457507778,0.0,6.653672841363968e-06,12.410442642870462,67.47037913603309,10.631736588415812,41.14647853432084,0.0,30.08623759422786,122.96296749011964,172.54018778925803,114.09049120982584,113.8536600467088,16.58610086596428
2026-04-01,7.432652740364577e-07,194.93352042049588,644.2633171916616,3.7430906025623185e-05,0.0016321738116774635,100.42050883688641,354.20694428590815,868.8157105132304,125.74195973552976,109.32162111237012,5.294470332821947e-12,38.46652670331135,38.90472094554078,71.61076192192223,18.653430153445278,7.784429978351684,59.67520317524726,92.07664858602487,99.77794637107546,76.7684942589229,315.66439349848343,37.93750551527785,125.5527872335638,209.59436314194386,57.41169303676251,39.844811684133774,1.7171853618160204e-08,18.434988226045235,18.49364093469712,37.51181844056569,47.63708634683261,201.66510214172638,49.039194468262025,73.51570998187788,183.74646338346417,36.341370549656105,73.0835694403865,19.04058291345585,54.99622556079427,12.81322745924918,19.084215556966985,6.096991323361847e-06,12.358877892450318,66.84793789762867,10.566629267639861,40.9918866620831,0.0,29.6849226680319,123.01746217074047,172.6392240458867,114.99736754488238,114.78054488431859,17.51652902201028
2026-05-01,6.730931011276002e-07,187.12214664872937,652.0746910336003,3.445955386530709e-05,0.0015151828434212676,100.14035562223874,345.67857927414536,861.253330243655,132.48251817973258,118.95208112647394,4.61518766709982e-12,38.498321352230256,38.90861604681587,71.51909402888299,18.656679571728187,7.785003889943914,59.59885485124275,91.52737828794122,99.45164147666905,76.84483952580854,313.0533308998723,38.01054288433909,124.57874135989667,207.5310857517493,59.86463396890827,43.83351877022503,1.5478441575199805e-08,18.363697737766394,18.418358927326032,37.32563390315293,47.35482549461393,198.16337644119335,48.858547588852716,73.25081647308184,183.09183117680533,36.241957260476795,72.86090780672923,19.561961106126265,57.07920332306471,13.667064637983936,20.896998481194213,5.585899161343481e-06,12.305453792748548,66.23959370677055,10.501616995322236,40.82977243952283,0.0,29.292559022291297,122.99992041431557,172.62918622513004,115.76305903709626,115.56503056625644,18.450734644191705
2026-06-01,6.096123598831106e-07,179.80451904753903,659.3923186982714,3.170966474960529e-05,0.0014059386027080356,99.83616355940127,337.21825686940025,853.1471575376995,139.1147090280251,129.19068944584924,4.104787201816933e-12,38.520332344017504,38.904404692759215,71.4185063103796,18.655948373603227,7.783966781628471,59.5150693783894,90.98778780864784,99.1211579415026,76.90066254633633,310.29697753619854,38.07073238300537,123.54001008939598,205.34277261714323,62.29835736256589,48.18330441145918,1.3943842919184542e-08,18.282125822911752,18.33303752892413,37.12152015492701,47.052978043394475,194.56022589737518,48.649796481643726,72.94303547453612,182.32889274589542,36.11874478763098,72.59146843216868,20.053830928591815,59.104155066678,14.554013233549536,22.856409190582063,5.117955182961444e-06,12.253081610425992,65.65953842549571,10.439061348179703,40.66989834326254,0.0,28.915959099787862,122.94379932757478,172.55829218416218,116.42279553523548,116.24229012554942,19.38788582654499
2026-07-01,5.521662500358139e-07,172.96096695060336,666.2358708526534,2.916588807985439e-05,0.001303974824026513,99.50674782332081,328.85063287542573,844.5214615673873,145.59160247848553,140.03663620331145,3.592761578838496e-12,38.531375198086096,38.89079750147802,71.30635294389279,18.650623997910767,7.781060365456721,59.42164228946964,90.45386384859978,98.78272180729013,76.93366685136802,307.3945334659729,38.11711447561473,122.43685117645221,203.03188937141502,64.70079468959648,52.91854624223211,1.255570186491406e-08,18.192574045972343,18.239971554291312,36.90400865683143,46.73715972269689,190.89064031739002,48.41911259140784,72.60169880001582,181.48111082632002,35.97650146530867,72.28487607454156,20.5165282688517,61.067272981695545,15.474220599014652,24.973350981796283,4.689819577924326e-06,12.202598273494777,65.11070598065346,10.379551999812147,40.51514455553583,0.0,28.556782960207922,122.86180826590714,172.44550511523292,116.99295080592744,116.8287036499556,20.324545995492073
2026-08-01,5.00166211133334e-07,166.57107092140183,672.6257669338548,2.6813940857717638e-05,0.001208854231989164,99.15135068012725,320.598941671468,835.405306384595,151.86913035682457,151.48244932745493,3.2505381448879957e-12,38.530282683407485,38.86653004678433,71.18005396586723,18.64010532308432,7.776031352242885,59.31642396023833,89.92172684702057,98.43265691747939,76.94158454414163,304.3460801886278,38.14872977550718,121.26982671935909,200.60149684719747,67.05984033382806,58.06362676038309,1.1300854982141665e-08,18.095630568015427,18.13973720842357,36.67414681149732,46.408560229277654,187.17046828007454,48.168107383979944,72.2292950112022,180.5548288125278,35.81660872834483,71.94392906216555,20.94893536047633,62.96031550083415,16.426326565989683,27.257030748642347,4.29803668425174e-06,12.153922072763985,64.59117452265046,10.322903620867187,40.36533541098138,0.0,28.214451367360287,122.75716632247477,172.29633229937332,117.48106627505916,117.33184915807911,21.255938731390568
2026-09-01,4.5308450286030294e-07,160.61391173832254,678.5829261640158,2.4640518515343005e-05,0.001120166041936944,98.76964784966299,312.4848260379012,825.8322908310079,157.90712400918034,163.51338055432976,2.7363014218715334e-12,38.51588846083335,38.83034567098451,71.03706220021549,18.6237944784974,7.76862801427251,59.19729205435448,89.38758471091184,98.06733859579849,76.92214417870915,301.1524113279741,38.16460424364557,120.03973957757465,198.05514149290983,69.36346371187834,63.642520346100675,1.016706224915082e-08,17.991521050699674,18.032547660139116,36.43225089728983,46.06744430029964,183.41138409427057,47.8974251331517,71.82685551019398,179.5527337148419,35.63972038361768,71.569951243386,21.34982310035721,64.77453390446622,17.40829352204732,29.71603760336889,3.939408113280383e-06,12.106820648765618,64.09833005690514,10.268812655220186,40.21978662118339,0.0,27.888012950934794,122.63123866466731,172.1135528714378,117.8928657060245,117.75749948346338,22.177067613927296
2026-10-01,4.104471614731683e-07,155.06829615937886,684.1285417855969,2.263321421955709e-05,0.0010375237734254112,98.36175535284451,304.5282234675868,815.840253616053,163.67019649162873,176.1069250035421,2.3924932425247457e-12,38.48702860932036,38.78099644109921,70.8748636738987,18.601097349525844,7.758600377895634,59.06215187350058,88.8477298124311,97.68319393640274,76.87307428051506,297.81499713125925,38.163751924490185,118.74762269518979,195.3968317927072,71.59984285221374,69.67831910293027,9.142994828303663e-09,17.88031242629171,17.91845754919436,36.17832170346412,45.713681117284,179.62312854367295,47.60728488001328,71.39476750252395,178.47588943278822,35.44616368435496,71.16360083509247,21.718044638465376,66.50131660364953,18.417498520930884,32.35831095773712,3.6110177611728025e-06,12.061019498601814,63.629445892483226,10.216949257690832,40.077665904476916,0.0,27.576411963073966,122.48463789213598,171.89877555213053,118.23322250048025,118.1105847596674,23.082954053188566
2026-11-01,3.718280871962916e-07,149.91295949270233,689.2838784908924,2.0780448822033725e-05,0.0009605633221325601,97.9282356148038,296.74730307522066,805.4709397696201,169.12843706725022,189.23251721797655,2.2190539538724345e-12,38.44255239129615,38.717253461208784,70.69099520343177,18.571428565613534,7.745702287539467,58.908951016110116,88.29855764711546,97.27672569035147,76.79212527853144,294.3360075248839,38.14518675524574,117.39475149199711,192.63105018770582,73.75750690850721,76.19269133901717,8.218466088735422e-09,17.76198914790473,17.797439491763498,35.91219985087953,45.34694215211048,175.81430885510363,47.29768335199622,70.93307877154099,177.32449986817727,35.23608987772058,70.72517484530815,22.052603835777106,68.13247918434563,19.45075766186255,35.1909735987572,3.310217492471129e-06,12.0162378555132,63.181866522015234,10.166987019160501,39.93811280753146,0.0,27.278577871228443,122.31760738769763,171.65298841899096,118.50647887893939,118.39550866308909,23.968779976733114
2026-12-01,3.3684372731198204e-07,145.12674516801107,694.070092850568,1.9071407036108304e-05,0.0008889412416909331,97.47010084032868,289.15844427551207,794.7696199766809,174.25789783092264,202.85144315254956,1.874687314459119e-12,38.38133931395495,38.63792354378072,70.48307357463115,18.534219535592538,7.729694741381033,58.735703696738746,87.73659969360317,96.84455184795384,76.67710398563149,290.7183671774286,38.10794057214151,115.98266880049115,189.76278252987308,75.82548240345126,83.20527407630314,7.384079996417305e-09,17.636493122497708,17.66942411857892,35.63364683306065,44.966804211321275,171.9927804395259,46.96850134850536,70.44165773870745,176.0983102634226,35.00955353735141,70.25476991325931,22.35268759396746,69.66044991787774,20.504340951840927,38.22011178811697,3.034606147386595e-06,11.97220301722843,62.75307492588988,10.11861430898264,39.80028700310132,0.0,26.993461818622386,122.13019022876672,171.37680706660453,118.71657853556717,118.61627893674776,24.829995874623506
2027-01-01,3.0514895956048396e-07,140.68876172088636,698.5080763293876,1.749597985378045e-05,0.0008223331941176989,96.98881116219061,281.7762467604548,783.7846519267605,179.04086419553545,216.91700021452715,1.7007662064921459e-12,38.30232113391167,38.54187086160985,70.24883375116747,18.48892887012541,7.710350222881124,58.54052258911338,87.15856703474314,96.3834572802824,76.5259179335625,286.9658300695252,38.05108599173643,114.51321739398357,186.79755655063144,77.79344014891939,90.73300641458984,6.6312577187315465e-09,17.50374962014593,17.534326025613286,35.34239730973321,44.57281569223767,168.16586331519252,46.619572858421805,69.92029763054384,174.7968687390929,34.766564447060055,69.75238767925018,22.6176836037365,71.07840893380222,21.573992701474488,41.450524114783605,2.782005645886233e-06,11.928656138353437,62.3407144935648,10.07153840487131,39.663388200979874,0.0,26.720052016236142,121.92231171179044,171.07060073487497,118.86712836671514,118.77656748843015,25.66240657598987
2027-02-01,2.820774846075435e-07,139.36789017133003,716.9680447059094,1.6372396094225722e-05,0.0007759630164818459,98.45682454582925,280.2220526222909,788.3452741813795,187.21287576470922,236.1003458462531,1.5267921335564716e-12,38.20450789829438,38.42804265886471,69.98617440884557,18.435054749856285,7.687457843829024,58.32165677367481,86.56140249958757,95.89045504578569,76.33662775541531,283.0830655881402,37.97376327647072,112.98857693788307,183.74148395199185,79.65184047121387,98.78941597044314,5.9523777775177246e-09,17.363686698635995,17.39206320791871,35.03819807647084,44.16454573410685,164.3404803186288,46.25073694584561,69.3687947790754,173.41972307412559,34.5071268073477,69.21801444532656,22.847190889755442,72.38039958188357,22.65496336095784,44.88544997893515,2.5504389430436397e-06,11.885354179529326,61.942591145129086,10.025486429182001,39.52666323280734,0.0,26.45737964739113,121.69382174827061,170.7345612825415,118.96143009795884,118.87974075553169,26.462237789987135
2027-03-01,2.555255739799393e-07,135.4877498320799,720.8481850717114,1.500915290587411e-05,0.0007173055274839736,97.92468762248602,273.14844699734545,776.7150484636654,191.35768463642043,251.19156526127668,1.3531282057077812e-12,38.09106427917961,38.29956742211621,69.70061478818384,18.374101042627686,7.661643162834562,58.08370576859782,85.95147151967797,95.37298839482648,76.11559306447977,279.1054040042871,37.8792349441349,111.42314125308751,180.62049240338055,81.40072319003592,107.39528689735832,5.3403900554883835e-09,17.216251178215575,17.242573025592414,34.720839935029844,43.741624227997804,160.5232533976489,45.861880466514194,68.78701313842099,171.96658292996176,34.23127169409027,68.6516870892317,23.041026260877338,73.56141896009964,23.742055684392138,48.526286893994794,2.3381102354589966e-06,11.842070086780257,61.556666845165665,9.980204858230813,39.389407193525216,0.0,26.204520374428952,121.44451772235051,170.3687439020967,119.00249939870459,118.92887784949657,27.226184353274128
2027-04-01,2.3146615276490263e-07,131.9018929762781,724.4340419515727,1.375511746362243e-05,0.000662874800604127,97.37598098068885,266.31987931916166,764.9567619301964,195.1324394517858,266.55242698412366,1.17988884383799e-12,37.95896311205634,38.153347824548455,69.38634119984803,18.304584745349036,7.6322862753289336,57.82182499443113,85.32112138929408,94.82296333765964,75.85679926461954,275.02207466916957,37.76460210892441,109.81288124422528,177.4304863753207,83.02816091059296,116.55112679940314,4.788831451098041e-09,17.06146121752026,17.08586481556623,34.3902632531793,43.30387448493875,156.7209307246189,45.45307830182033,68.17509503353043,170.4378475609506,33.939162380765765,68.05370491167399,23.199280802622813,74.61765987083034,24.829742966494692,52.37242546203577,2.143386289595113e-06,11.798592234159647,61.18104998956739,9.935458477509314,39.25096207501008,0.0,25.960593950608313,121.17415820503555,169.97309418738254,118.99308095268299,118.92678489510371,27.951440938377097
2027-05-01,2.0966496352561048e-07,128.5912528807905,727.7446820688615,1.2602366022706536e-05,0.0006124046800537441,96.81380922011222,259.7443679464614,753.1264279878496,198.54315669857235,282.1097784358331,1.0072828169847105e-12,37.80670114274384,37.98782434715165,69.04035643247363,18.225760298157642,7.599074935254983,57.53351691441944,84.6662336909983,94.23616146852885,75.55727347064439,270.83392923403795,37.6284704562823,108.15838148668338,174.17491144719943,84.52595348730334,126.25431449571222,4.292059096608969e-09,16.899372074073312,16.92198554588404,34.046488335446114,42.851225050415145,152.93999433354605,45.024502339806915,67.53332502627521,168.83426623591507,33.63102710839357,67.42449525143682,23.322261540590404,75.54637748023872,25.912190691923055,56.42087257160941,1.964780528313925e-06,11.754724267727113,60.81398855052279,9.89102973660919,39.110716682053,0.0,25.724764530207175,120.8824792139329,169.54747798885467,118.93566971327745,118.87601574902425,28.635717787443816
2027-06-01,1.8990977032147349e-07,125.53752008397029,730.798414885437,1.1543471132902298e-05,0.0005656424992739235,96.24156468974296,253.42831510933834,741.2798947996765,201.6007012242869,297.78711228685944,8.355641221175166e-13,37.63361038507459,37.80228046804559,68.66120693397725,18.137286371278904,7.561865544671045,57.21757035849974,83.98461505228805,93.61047955951469,75.21570948345037,266.5478466376172,37.470268778011985,106.46261178131786,170.86104136490368,85.88845290421041,136.4973635054929,3.844739704682577e-09,16.730081833034212,16.751025513525388,33.689626553415444,42.38372341294476,149.18666307808186,44.57643688924761,66.86215337086172,167.15699753774257,33.3071711674323,66.76463816864276,23.41048337270737,76.34590024251918,26.98333886969183,60.66597863381924,1.8009386626025467e-06,11.710284553356468,60.453861761256675,9.846717824575903,38.96810518418518,0.0,25.496239935031287,120.56920493096327,169.09170275479786,118.83252946723813,118.77889019370384,29.277240619939754
2027-07-01,1.7200916118520306e-07,122.72318602271478,733.612748964593,1.057146869554509e-05,0.000522348234409298,95.6628562242104,247.37654061892852,729.4720227355864,204.32008717109088,313.506125626355,8.312562381391607e-13,37.439382352950574,37.59636334925498,68.2481073615084,18.038995965986917,7.520587263730294,56.87333098530742,83.27490306188011,92.94472505176817,74.83151754391051,262.1729735862641,37.289777274313685,104.72942886790804,167.4974992960046,87.11164195326946,147.26615995917905,3.442347425663066e-09,16.553745895248998,16.57313281271844,33.319909115760424,41.90157188389532,145.46697868163665,44.10931742570767,66.16225443403204,165.40775600225953,32.96800639437325,66.0749259524229,23.464673436505244,77.01566967840243,28.03701238789204,65.09923172098601,1.6506260357178882e-06,11.665105591951459,60.09917218526074,9.802337766858667,38.82260551728256,0.0,25.274270722008175,120.23405667886554,168.6055357431872,118.68571160869672,118.63751247592366,29.874737043078824
2027-08-01,1.5578904980149628e-07,120.13157241724004,736.2043625862879,9.679828695144993e-06,0.00048229378186797587,95.08142870635221,241.59231325886657,717.7558624995986,206.7197241289157,329.1883447285308,6.61183056455746e-13,37.22402191019539,37.37003686528196,67.80085324736523,17.930873911823284,7.475232611242453,56.50062850537898,82.53645025717593,92.23849289929339,74.40473241219233,257.72017996256665,37.087082577617586,102.9633608516044,164.09387061315374,88.19307192887771,158.53936573583167,3.080293633405518e-09,16.37058725121524,16.38852358169616,32.93770732704005,41.40515272087182,141.78685513577608,43.62375810792275,65.43456824354564,163.58891651225053,32.61407227606288,65.35640571343829,23.485770699740364,77.55625469101544,29.067039766585967,69.7091004919068,1.5127155175540347e-06,11.619033716190168,59.748539730037685,9.757719802226124,38.673738685177305,0.0,25.058149750540103,119.87676349193258,168.08872383542104,118.49707677336984,118.45379281269567,30.427412313555656
2027-09-01,1.4109220939602247e-07,117.74684806386074,738.589086954364,8.862429873058893e-06,0.0004452623582032923,94.50107690785883,236.07738352919446,706.1818669174885,208.82064224811157,344.75674156843314,6.569911002076737e-13,36.98784385960105,37.12357770196769,67.31981237058172,17.813055021410833,7.425856681804543,56.099769492041055,81.76930655336459,91.49215071495166,73.93600680203039,253.20184109687918,36.86257512838104,101.16952185045037,160.6605291718777,89.13187043549347,170.2880998034183,2.7549064589226307e-09,16.180903660089708,16.197489151292718,32.54354662034165,40.895045408203075,138.15210543628365,43.12057104079938,64.68032962991316,161.7035876145489,32.24605086376998,64.61040950411935,23.474922025820305,77.96934472526931,30.067377947322033,74.48094318739108,1.3861783085412962e-06,11.571929110044257,59.40069774696036,9.712709068404589,38.52106910349766,0.0,24.847212335444542,119.4970748216125,167.5410157619904,118.26831937680144,118.22947188643028,30.934916968922213
2027-10-01,1.277763208449573e-07,115.55403466723988,740.7819003643008,8.113536642693135e-06,0.0004110480143067674,93.92555761608963,230.83202201191972,694.7971692800246,210.64572740843525,360.1372698178542,4.89330217720302e-13,36.73147626725984,36.85757829659073,66.80592880501669,17.685825523518435,7.3725777318656505,55.67154075585906,80.97421826101714,90.70684167325481,73.42661823812342,248.63168208530317,36.61695314024173,99.35355121526595,157.20850568738624,89.9287469616526,182.47585579470245,2.4626853756385264e-09,15.985072203861984,16.00040056780696,32.13811532944844,40.3720373335928,134.56845257655493,42.60077853460114,63.901086837313414,159.75565845597671,31.864776418597877,63.838573834242005,23.433475220005423,78.25772408104861,31.032239582745515,79.39699849439899,1.2700737617048698e-06,11.52366611378104,59.05449096347357,9.66716556001043,38.36420586590094,0.0,24.64083690240193,119.09477509933342,166.96218640184048,118.00099439195863,117.96614764615367,31.397308707032714
2027-11-01,1.1571202791907195e-07,113.53900328216083,742.7969317614441,7.427780185626732e-06,0.00037945525126543853,93.35850422436897,225.85506746140862,683.6449579226294,212.21899362836416,375.26025517607195,4.856605225065799e-13,36.45586069588721,36.57294673846111,66.26072166338923,17.549623034242753,7.315577158153886,55.217208298904225,80.15262157835055,89.88448060996949,72.8784697034309,244.0246170689318,36.351223388985304,97.52155056570753,153.74935579778352,90.58597626214035,195.0586653442108,2.2001886195226524e-09,15.783551181111141,15.797710455711314,31.722268142154345,39.83712780486511,131.04152661490843,42.065618263638264,63.09870946067615,157.74981898638055,31.471239708559057,63.042848437974854,23.362968900686845,78.42522774745156,31.95621812735255,84.43647066001286,1.1635421114861494e-06,11.474133754465441,58.70887488935163,9.6209643041995,38.202804736594054,0.0,24.43844601929977,118.66969963236751,166.35206247027338,117.69654553724506,117.66530357009647,31.815010717250097
2027-12-01,1.0478216990005562e-07,111.68846284783788,744.647472206697,6.800140071833081e-06,0.0003502987201095974,92.80334774683355,221.14398792710742,672.7639708667791,213.5649150249588,390.0615866313355,4.81750877647879e-13,36.16224541278153,36.270899679524135,65.68627137043765,17.40503317089816,7.255098078257947,54.738505876510935,79.30662188909946,89.02773360936207,72.29407621428992,239.39656091809582,36.06669491130141,95.68000965241524,150.2950144513812,91.1073514409774,207.9855182797631,1.9648513161516745e-09,15.57687923773517,15.589952118380141,31.29702403823771,39.291525173166825,127.57684868226352,41.51654104979,62.27538529902084,155.69155240942825,31.06658674719358,62.22549388430911,23.26511895269862,78.4766789363136,32.834405625349916,89.57571745468718,1.065796488194437e-06,11.423236430399504,58.36291629051919,9.573995690543178,38.03657063384324,0.0,24.23950765752406,118.22175117747902,165.71054872468306,117.35633398333724,117.32833748483621,32.18876840293509
2028-01-01,9.488051290165202e-08,109.98994219166184,746.3459928727746,6.225928954409806e-06,0.00032340298398550883,92.2632476671539,216.69495698742648,662.1881266429319,214.70783415793278,404.48367021151626,3.1841453270815043e-13,35.852169781563916,35.95294646006361,65.08519022208748,17.252781947310833,7.191442154367704,54.23761046394496,78.43895504121978,88.13997674149749,71.67653374432004,234.76420638737247,35.7649638303568,93.83571828958955,146.8576333441156,91.49810321770339,221.19904111649143,1.7538048529001163e-09,15.36567167674761,15.37773581953206,30.86355860293965,38.73663693554945,124.17980281710376,40.955201115819825,61.433605894571144,153.58709930997964,30.652111855050663,61.38906780357321,23.14180139076021,78.41780877109406,33.66249810674045,94.78854477098187,9.761168304864325e-07,11.370894672595465,58.01579430616999,9.526165887834475,37.865260350822794,0.0,24.043536530572496,117.7509164718979,165.0376537237402,116.9816666793901,116.9565900305791,32.51960611217634
2028-02-01,8.748297620592926e-08,110.41584363046623,761.5892663713012,5.805090807706666e-06,0.0003040661259902332,93.4197062631176,216.39130974477942,663.8755665014595,219.6177991181292,426.1333700956197,3.155315646649754e-13,35.527439228667056,35.62086384078675,64.46057613832457,17.093723658373445,7.124964538449957,53.71710371774042,77.5529293929437,87.22523253407441,71.02946928031132,230.144767564201,35.44788870273825,91.99566469977549,143.4494029818913,91.76478471588378,234.63642161237442,1.5646941498303525e-09,15.15061398476651,15.161742283478937,30.42319079641095,38.17405292502522,120.85559690541984,40.383438908462196,60.57614090961773,151.4433938425302,30.229245117811526,60.53639988598462,22.995031613900927,78.2551591047332,34.43688390065953,100.04660590602018,8.938433070450675e-07,11.317045905782289,57.66680178979483,9.477397280586816,37.68868525773537,0.0,23.850095359789776,117.25728198673511,164.33351415278122,116.57382343256027,116.55137189756961,32.80878514705038
2028-03-01,7.920955046563659e-08,108.96096518449657,763.0441448255443,5.316151002642225e-06,0.0002807860316135278,92.90865879154617,212.37807946900222,653.8106429223875,220.43955384403625,439.9008404651673,3.1256498680516504e-13,35.19330449130823,35.279882955079074,63.821777557827915,16.930370265632522,7.056711328735673,53.18477605157067,76.65934893085367,86.29596443129685,70.36339730498396,225.57629233543378,35.12076347224419,90.17515631614025,140.09515569041852,91.92351686547504,248.2532197215138,1.3954336495085943e-09,14.932452735281359,14.942713574623705,29.977364503278384,37.60552199919173,117.60921454374612,39.80325691804479,59.706001983169685,149.2679735899426,29.79953456086538,59.67055629875788,22.82694023348482,77.99597010337935,35.15471093092002,105.31989725655929,8.183715356225755e-07,11.261645134687642,57.315346477484574,9.427628861141308,37.506713739558435,0.0,23.65879592639245,116.74104819463406,163.59841676264665,116.13408194103172,116.11398902660217,33.05776398018509
2028-04-01,7.171565500671512e-08,107.62754241915887,764.3775675983759,4.869190420105875e-06,0.00025933079842325253,92.4204311723444,208.61310523776686,644.1290386710866,221.1234930317348,453.15172928140055,3.095181250062936e-13,34.85013942651679,34.9303453476325,63.16929444221582,16.76288729741174,6.986750593460948,52.641044150145085,75.75835065573304,85.35264725175534,69.67908136586618,221.06377148768593,34.784013901743684,88.37627848165855,136.79878104496976,91.97839746376143,261.96988816895305,1.2439834230123761e-09,14.712010802928079,14.721468307809271,29.527678921266276,37.03299002888061,114.4455674478549,39.216860291861465,58.8265037671743,147.06913235078102,29.364676801932347,58.79490116910688,22.639786879910698,77.6481955737614,35.81399497658233,110.57753598606462,7.491472469539034e-07,11.204665487815268,56.96095162457408,9.376816519067129,37.31927314506635,0.0,23.46929978396508,116.20254170498688,162.83281705236737,115.66374007462485,115.64576506201222,33.26816129369347
2028-05-01,6.492839757282515e-08,106.40594145719916,765.5991685671228,4.4606512449767095e-06,0.00023956025605525574,91.9567034554553,205.08829555053484,634.8447685557337,221.6896818883248,465.858368123366,1.5320267980466268e-13,34.499562597946,34.573841804606296,62.50589152731486,16.592039696365966,6.915400283357884,52.088212004083,74.8528000491148,84.39881835875686,68.97977253623596,216.61926682601168,34.43930438001636,86.60393440002457,133.5683392298368,91.93704192032779,275.71087823520764,1.1086744921464311e-09,14.49014152013296,14.498855761689748,29.07579640293064,36.458484183462275,111.3691745195416,38.626534687915075,57.941080807347184,144.85546250384957,28.926425823866186,57.91291400798977,22.435881555571346,77.22020149504468,36.41356639575761,115.7882020510768,6.856620775100218e-07,11.146098949313735,56.603257778205176,9.324933503084543,37.126352349503364,0.0,23.28131933814389,115.64222874857897,162.0373596078293,115.164138834995,115.14806448416827,33.44172335226304
2028-06-01,5.878120407472318e-08,105.28721233940973,766.7178976910595,4.087246438655715e-06,0.00022134334887070445,91.51873657776316,201.79483594510975,625.9671265606094,222.15641775545762,478.0007193247869,1.5162319276849249e-13,34.14379098059242,34.212563804766006,61.835422730888695,16.41888062132805,6.8430985033503475,51.5294912511952,73.94686634145759,83.43948176158196,68.26991751246503,212.25753957057202,34.08889379479553,84.86409885409314,130.4132992136103,91.80893754310998,289.40354936712276,9.87768657837537e-10,14.26771072514183,14.275737911454527,28.623406386341102,35.884067685866434,108.38408156726358,38.034598456402584,57.053215906649854,142.6356760660133,28.486557330186304,57.028118474736075,22.21754802013482,76.72060520616208,36.95305133642288,120.92077334971488,6.274493682883451e-07,11.085956516480135,56.24202179467614,9.271970415994726,36.92800239264556,0.0,23.09461770551436,115.06072215679626,161.21288911865065,114.63667816807317,114.62230859209495,33.580293746301834
2028-07-01,5.32142123925036e-08,104.26305328418542,767.7420567518508,3.7459451488969324e-06,0.00020455787866199566,91.10738484770758,198.7233299090589,617.5010407615981,222.54015742170668,489.5659403504272,1.5003105612330818e-13,33.78517831351792,33.84884063961447,61.161993496119685,16.244529322915387,6.770310926551784,50.968303130262576,73.04501541463313,82.47997520645693,67.55423569493666,207.99309349731445,33.73517506455298,83.1626368738186,127.34270467086526,91.60418861060573,302.9771937214617,8.798891001597663e-10,14.045585070949272,14.052977729322079,28.17220192254785,35.31181039823751,105.49383779775839,37.443371503706814,56.1663935044541,140.41848827375156,28.046845567990747,56.1440361039264,21.98709750707295,76.15815025197053,37.432845874860725,125.94501950366048,5.740807009270696e-07,11.024267898572043,55.877113693148765,9.217934838941936,36.724335578032786,0.0,22.909007620599265,114.45878307059468,160.3604538331167,114.08282684890285,114.06998555333003,33.68578584128527
2028-08-01,4.8172945021702125e-08,103.32577465811941,768.679335382958,3.4339588649596997e-06,0.00018909021002939993,90.72311856006486,195.863938365182,609.4474852630943,222.85550785127214,500.54781903053987,1.484368259787767e-13,33.42610118027063,33.485025274015634,60.48975457949688,16.07011636787558,6.6975079648883895,50.40810663797816,72.15176449255495,81.52569279841579,66.83749144245648,203.83952355732623,33.380561514778734,81.50504385655896,124.3647880687658,91.33314802433264,316.36413741240665,7.835921765430047e-10,13.824618375180457,13.831425526500075,27.723852290351747,34.74375451915018,102.70146210106842,36.855138929658395,55.28404520785866,138.21248152976963,27.60903622054507,55.26413215658656,21.74680028073275,75.54157502185203,37.854065113558924,130.83226483223723,5.251624457514914e-07,10.961080911022808,55.50851212399297,9.162850713124701,36.51552354736747,0.0,22.724349728649383,113.83731901798039,159.481303771971,113.50412808359236,113.4926561636789,33.76015827998171
2028-09-01,4.36076617570198e-08,102.46826311981243,769.5368469258302,3.1487278603225246e-06,0.00017483493943040463,90.3660545015122,193.20651422425172,601.8039273355243,223.11526857387702,510.9461189754896,1.4685083811779303e-13,33.06888656534515,33.123421828396246,59.822771286709916,15.896748834977153,6.625150265231793,49.85228955913635,71.27152843154889,80.5819101526719,66.12434923679079,199.8091613801889,33.02741459963548,79.89630430808623,121.48677576253368,91.00615541091696,329.5009351757429,6.97783176105917e-10,13.605637648798012,13.611904975291049,27.279974982980338,34.18187950916038,100.00941058664115,36.27211380462053,54.409494025841795,136.0259660932795,27.174818641089075,54.391760146127304,21.49885751543015,74.87948416470152,38.218472587879944,135.5559958902882,4.803328254188262e-07,10.896460589694637,55.13629856792971,9.106757498604368,36.30179441298454,0.0,22.540550324187684,113.19737865675073,158.57688413777024,112.90220115046186,112.89195563781792,33.805393408255476
2028-10-01,3.947408313213914e-08,101.68394631298546,770.3211637367909,2.8879062752158756e-06,0.00016169453091709044,90.03599208284882,190.74072903680886,594.564789969189,223.33051414114723,520.7658717818912,1.4528295707923728e-13,32.71575535232596,32.766229060231645,59.164921714395966,15.725483187805716,6.553677405844086,49.30408366832215,70.40850130520896,79.65364900961914,65.4192607137929,195.91284236517419,32.677987513693466,78.34079915239693,118.71477274393226,90.6333194838772,342.32944595687655,6.213989436750288e-10,13.389429930881992,13.3951999387513,26.842109322936313,33.62806906755556,97.41955212452882,35.69640209235511,53.54590181593186,133.86684878970794,26.745799682436687,53.530109550710236,21.245375259270304,74.18022931963853,38.52839536861319,140.09239068234322,4.3925927220773e-07,10.83048803523327,54.76065030735025,9.049709117686026,36.083428982710075,0.0,22.357558561917934,112.54014332574135,157.6488241386655,112.27873925616774,112.26959160590343,33.82347837609343
2028-11-01,3.5731186985488414e-08,100.96675840888003,771.0383516446392,2.6493481405778822e-06,0.00014957892451538058,89.73245295157807,188.45618942220472,587.7219128637474,223.51070578461758,530.0166483439016,1.4374237361737726e-13,32.36877671605407,32.41549477014052,58.519814764720905,15.557303389876614,6.483498777975851,48.76649640893388,69.56656187941792,78.74556866491959,64.72637347375506,192.1597538059266,32.334379671050584,76.84224541002487,116.05370009044519,90.22433403513557,354.7977138555185,5.533140200930539e-10,13.176730598423374,13.18204277662743,26.41169304054918,33.08408182729772,94.93315487354258,35.12997150304098,52.696222620554614,131.7425164339854,26.32348046252444,52.68215939212093,20.98834155430733,73.4518032626603,38.786629865975314,144.42074942891006,4.016356677218914e-07,10.763259010009953,54.38183227378054,8.99177270077584,35.86075615278836,0.0,22.175363190116382,111.86691567431723,156.69892162025397,111.63550391252646,111.62733862162827,33.81638865652179
2028-12-01,3.2342439270034326e-08,100.31110673139808,771.6940033255098,2.4310933821328667e-06,0.0001384051241614014,89.45472215958034,186.3425416351849,581.2649980719067,223.66382253497412,538.7118363564585,1.422374457828978e-13,32.02983233783328,32.07308004817317,57.890725931986964,15.393103742173512,6.414986435624041,48.24225738220812,68.74920033088439,77.86188138035266,64.04945953295153,188.55735006292682,31.998500993126406,75.40366266089465,113.50727488881932,89.78832651148313,366.86061916875656,4.927351596850437e-10,12.968213613849498,12.973104589959394,25.99004273811883,32.551526916618876,92.55088522794323,34.574625511012876,51.86316374539664,129.65973859931756,25.909236994038874,51.85063953635288,20.729607459709793,72.70175035336446,38.996343201172685,148.52381253523316,3.671805582937188e-07,10.694882322098241,54.00018793552029,8.933027162642361,35.6341475843577,0.0,21.993988879181295,111.17910576159427,155.72912406751087,110.9743162632896,110.96702961095848,33.7860737402376
2029-01-01,2.9274269729554382e-08,99.7118396407958,772.2932704191802,2.2313543216708024e-06,0.00012809677305679297,89.20188924599276,184.38956328955544,575.182029794906,223.79650341908152,546.8679455166591,0.0,31.700590188672113,31.74063309646177,57.28055035426621,15.233676316886065,6.348469860610403,47.73377922375086,67.95946540525686,77.00629098515844,63.39186290884108,185.11132688841718,31.672045757740698,74.02736313965481,111.07802637094659,89.33373968342809,378.48028678569574,4.3880259480197886e-10,12.76448400400572,12.768987697727248,25.578338823240365,32.03184511242765,90.27281951640029,34.03198332115094,51.04915575607257,127.62459267305972,25.504305268187448,51.03800089474852,20.47087244636691,71.93709509838335,39.160974659262266,152.38795823307908,3.3563473059418186e-07,10.625478040063165,53.616129436231105,8.873561644835124,35.40401181001952,0.0,21.813492235267805,110.47821511147771,154.74150666937717,110.29704588524824,110.29054478610625,33.73444479035988
2029-02-01,2.696032885651621e-08,100.89970009861956,786.3664712488638,2.084352480279583e-06,0.00012065907016597684,90.53001261039908,185.78272208149735,579.4258396823151,227.83294174842493,564.2083936864798,0.0,31.382487598486538,31.419572339587162,56.691772586679,15.079702849106019,6.284232585198301,47.24313241476164,67.1999312133951,76.18195385197812,62.75646577646093,181.8256478267659,31.356475732534193,72.71496263655821,108.76734272069685,88.86824632867697,389.62625588461566,3.908783924225086e-10,12.566072706835211,12.57022048143588,25.177615180066454,31.526295917279338,88.09846789464494,33.50346614781422,50.25633193925509,125.64241256587748,25.109771067372577,50.24639507402829,20.213674365061042,71.16428961934264,39.284141153526626,156.00327936326954,3.067596400275003e-07,10.555175588663431,53.23012722685521,8.8134738653247,35.170787938076806,0.0,21.63395760022698,109.7658192729742,153.7382482256327,109.60559765096777,109.59979861235264,33.663364072839094
2029-03-01,2.440158134590926e-08,100.39060269949297,786.8755686505492,1.913972318541611e-06,0.00011172325523299622,90.32004653511879,184.09224388239107,573.9556529125992,227.9419126342836,571.4700629509183,0.0,31.079397211054356,31.113755373739345,56.13128175645499,14.933035696413159,6.22304600779884,46.77605791052106,66.47840231170235,75.39794824507396,62.15101972780554,178.71799238236986,31.055684155632093,71.47355890979979,106.58471371487694,88.4063023845662,400.3098715513833,3.4825840592792803e-10,12.373433777648382,12.377254589233125,24.788753559021362,31.035950531854287,86.02680915690904,32.99028978519414,49.48651719685134,123.71776099635514,24.72656449239508,49.477663445562605,19.959383942157473,70.38917985162851,39.36954987604328,159.36354527328245,2.8033568341765224e-07,10.484111778691886,52.84269944887218,8.752868419072131,34.93493913239748,0.0,21.455492744108444,109.04354946542378,152.72160571649263,108.90189726946086,108.89672544443896,33.57463600847865
2029-04-01,2.208536280772316e-08,99.9255386538471,787.3406326985113,1.7578915568762668e-06,0.00010347112070481282,90.13183195081704,182.53557763625273,568.8225300253639,228.0436528519651,578.2463348591274,0.0,30.790744803034922,30.822588746321603,55.59793958328048,14.793390900312433,6.164791280073625,46.33160715995506,65.793180691951,74.65257027198918,61.574383276627714,175.78002024233388,30.769119268885234,70.29984097587133,104.52399514721458,87.94962382069158,410.4983280246486,3.1036118776100306e-10,12.186963225045423,12.19048377498743,24.41252128389507,30.561739042010117,84.05646848623982,32.49351484825427,48.74130344385198,121.85461803042708,24.35549771632142,48.73341269334711,19.709234918893205,69.6171002945249,39.4209832234256,162.46631896396678,2.5616061145420975e-07,10.412428824175077,52.45440132693829,8.69185507327302,34.69694604580868,0.0,21.27822455546245,108.31307388600025,151.6938883508866,108.18787611711694,108.18326444531078,33.46999971869945
2029-05-01,1.998853317071302e-08,99.50076367870129,787.7654076757539,1.6148616049096099e-06,9.58476581110157e-05,89.96402247957651,181.10352496942934,564.0107924634624,228.14091915507856,584.560676022472,0.0,30.516644474148734,30.54616965606339,55.091859421545635,14.660815905623172,6.109487702904133,45.90987463891859,65.14407660488251,73.94580955917515,61.026790751893834,173.00746588672195,30.496914963759977,69.19212446304161,102.58149418766533,87.50164018743523,420.1752884532377,2.767206491492639e-10,12.006977054868683,12.01022193118707,24.049527219165785,30.104395243744133,82.18560320182364,32.01398825485614,48.021961860487764,120.05616174537897,23.9972212254033,48.014927237188445,19.464289104387554,68.85274197927065,39.44216000014331,165.31244820077453,2.340484632012849e-07,10.34027267517549,52.06581621401783,8.630547330614071,34.45730130135155,0.0,21.10229539528025,107.57608211584916,150.6574359122994,107.46545882521144,107.4613472539256,33.35112385333157
2029-06-01,1.809034628359932e-08,99.11284123176826,788.1533301245852,1.4837468915605438e-06,8.880249491992371e-05,89.81524415955933,179.78729388816842,559.5045823952273,228.2357992387648,590.4370225845769,0.0,30.25741482322984,30.284801330180628,54.613531014459994,14.535456978420745,6.057195795119552,45.5112684790414,64.5313668475368,73.27817100221003,60.508884870363644,170.39729524780816,30.239407647349143,68.1492149294542,100.75425982119931,87.06615196474603,429.33546137146806,2.4680456040593817e-10,11.83371206028419,11.836703875502307,23.70022331209253,29.664458533877905,80.41194401270465,31.552345352117175,47.32944610938079,118.32477630405671,23.652225505169127,47.32317258966864,19.225438315348036,68.10015209798665,39.4366709796815,167.9057220324549,2.138276538615813e-07,10.26779120663705,51.67754596255178,8.56906087625254,34.21650349056759,0.0,20.927859168651764,106.83426786487883,149.61459474084037,106.73654890179773,106.73288368069412,33.21960199205343
2029-07-01,1.6372284655702502e-08,98.75861896867458,788.5075523893969,1.3635153948692154e-06,8.228951504560494e-05,89.68411880478702,178.57851985892034,555.2880584049606,228.32982278128895,595.8994290495511,0.0,30.013257117598105,30.03867075587485,54.16323881170139,14.417404537490016,6.00795283615619,45.13602573269866,63.9551049943532,72.64989312466876,60.02107320216725,167.94588919611942,29.996814810590838,67.16968168984202,99.0390085512458,86.64642063965685,437.9799943587584,2.2019363417907055e-10,11.667333012213632,11.670092538394043,23.364918943076713,29.242291819062046,78.73287320615874,31.109029108532333,46.6644211485912,116.66212401455417,23.32085551869558,46.658824296483836,18.99341714651033,67.36277400479642,39.40794267189658,170.2525456955096,1.953405256351371e-07,10.195132403472995,51.29020132283793,8.507512025175265,33.975051156309945,0.0,20.755077400197486,106.08931152899231,148.5676934209146,106.00301388684494,105.999746929806,33.076948842850165
2029-08-01,1.4817190671732943e-08,98.43520671130076,788.8309646483258,1.2532283668075643e-06,7.626650172679243e-05,89.56928358695374,177.46927835046054,551.3455565976464,228.42406037286946,600.9717761248785,0.0,29.78422537086093,29.807818676657156,53.74100767416533,14.306678756588695,5.961766864724155,44.78416712710741,63.415056973835206,72.06087523421489,59.56346836886027,165.6489185773818,29.7692052460085,66.25180808589131,97.43206195993996,86.24508569039891,446.1152574367087,1.9648971620056124e-10,11.507939497069529,11.510485796739676,23.04379455646283,28.838098507474363,77.14549308817324,30.684308366574264,46.027290632271544,115.0692138544083,23.00332448127138,46.02229545685417,18.768815594787853,66.64348862041955,39.3592084509604,172.36157193411285,1.784421403350419e-07,10.122442692825127,50.90439312189021,8.446016295487663,33.73343726337448,0.0,20.58411561840661,105.3428641449473,147.51902039880437,105.26667165013633,105.2637599583775,32.924597536866074
2029-09-01,1.34096244406381e-08,98.1399558802747,789.1262154807594,1.1520325219512886e-06,7.069480339669422e-05,89.46940705252163,176.45209004960856,547.6617205019719,228.51921042768504,605.6775326739156,0.0,29.570230590046442,29.59214379286023,53.34661027311557,14.203231583091856,5.91861751859827,44.455503230402726,62.91070956810848,71.51068736004068,59.135896570399524,163.5014077018884,29.556503404405785,65.39361709949992,95.92939463852902,85.8641810632087,453.75197026848997,1.7539924632156297e-10,11.35557278060096,11.35792333269121,22.736915333905095,28.451939541357294,75.64668820622249,30.278296165284942,45.41822441349909,113.54647024635277,22.699727686563577,45.413764337907864,18.552092034014905,65.9446586592543,39.29348802195006,174.24331324660443,1.629989088119448e-07,10.049865464658563,50.5207244228487,8.384687141565111,33.49214429446755,0.0,20.415140128873574,104.59653318508721,146.4708041530679,104.52927829809714,104.52668343905756,32.76389799712319
2029-10-01,1.2135518898568949e-08,97.87044033615506,789.3957310261532,1.0591514713263057e-06,6.553902362711625e-05,89.38320185881413,175.5199199144712,544.2216033212616,228.61567455308813,610.0395663067287,0.0,29.371055119360953,29.391417063910808,52.979592690124356,14.106953605213947,5.878458894794519,44.14965578502669,62.441300244860564,70.99860450593518,58.73792630254363,161.49784596552854,29.358503838954046,64.59291619499709,94.52670835090878,85.50518281677684,460.90443383614,1.5672702734346047e-10,11.210222772025626,11.212393592200698,22.444245061452218,28.0837506627635,74.23318267080398,29.89096833028156,44.83718644569139,112.09380282717721,22.41005653116592,44.833202379305106,18.34358656828193,65.26817548819318,39.21357509385729,175.90975470671168,1.4888808162097066e-07,9.977539792869582,50.13978372001214,8.323634856864484,33.25164001239386,0.0,20.248315197846463,103.8518703310107,145.4251961156651,103.79251785059112,103.79020548757912,32.596116288386455
2029-11-01,1.098236052311544e-08,97.62443856783945,789.6417327956219,9.738787561760875e-07,6.076673469967561e-05,89.30943455479851,174.66617115221575,541.0107460671055,228.7136221080648,614.0799969297407,0.0,29.186370551043435,29.20529957631657,52.63930642906745,14.01768263080625,5.841223122867785,43.86608438448729,62.005854374147475,70.52364939138852,58.368904207117296,159.6323105018995,29.174889211696364,63.84734655438578,93.21951041732495,85.16906892126553,467.5898245544187,1.4004278298088435e-10,11.071834935174612,11.073840690102127,22.165659885626585,27.73335953387284,72.90159231621898,29.52218192220948,44.28396246940196,110.71067567715038,22.134212430093747,44.2804019750445,18.14353443725421,64.61550720202293,39.12203220518882,177.3739812984193,1.3599686771868262e-07,9.905599360542599,49.76213918264591,8.262965649123243,33.012373900832976,0.0,20.08380065088397,103.11036127483545,144.3842564147841,103.05799375622847,103.05593322421453,32.42243484821374
2029-12-01,9.938667064864756e-09,97.39991716278983,789.8662542017153,8.955710074357894e-07,5.6348214300573926e-05,89.24693275137443,173.884675113078,538.0152349668581,228.81304484317258,617.8200876342704,0.0,29.015756574792874,29.033361347545178,52.324942101829436,13.935212715477922,5.8068241253562976,43.604114544867855,61.60322425666913,70.08463733681153,58.0279927984069,157.8985858727898,29.005249234857963,63.15443111059753,92.00318824991218,84.85638319489674,473.8275460534668,1.2518138312482968e-10,10.940316977066615,10.942171092312131,21.90096162092507,27.40050229189434,71.64847132160793,29.171693091226444,43.758186806111546,109.39617431446251,21.8720202833767,43.75500335431581,17.952079131511383,63.98774647253452,39.0211914492966,178.64983014262972,1.2422174643075947e-07,9.834171586423919,49.38833392868268,8.202780885247858,32.774774274137755,0.0,19.921749878820176,102.3734175270119,143.34994241245505,102.32722224312215,102.3253861664566,32.24395349620309
2030-01-01,8.993991141904417e-09,97.19501549135407,790.0711558740957,8.236422443524838e-07,5.22562046442621e-05,89.1945900274831,173.16967798716476,535.2217413063619,228.9138025973851,621.280167554297,0.0,28.858719440641075,28.87509974095588,52.03556240420281,13.85930300410735,5.775161300408319,43.3629651848237,61.23212718486634,69.68022011548418,57.714207415386426,156.29027451447055,28.849099221706116,62.51161886715793,90.87307662213257,84.56729909127976,479.6386416048126,1.1198701837292368e-10,10.815545170610832,10.81725993198289,21.64989032360037,27.084839183938918,70.47035306224159,28.839173955228794,43.25936768581124,108.14906902205801,21.623241206619554,43.25651998850959,17.76928492927973,63.385656945130016,38.91315984717869,179.75157490589504,1.1346751286598361e-07,9.76337694420916,49.01888228285219,8.143176498676102,32.53924602833248,0.0,19.76230823282999,101.64237015159175,142.3240999285002,101.60162744225957,101.59999139044795,32.06169111695408
2030-02-01,8.27701966613201e-09,98.65187578171184,803.6494155291366,7.703954315474541e-07,4.928696532887858e-05,90.66207850908927,175.43918247652647,541.642987832926,232.89643329846976,635.0616659897182,0.0,28.714709291641523,28.729956748973326,51.77013304803804,13.789686029160011,5.746122978036859,43.14177440244744,60.891181000130175,69.30892700429793,57.42645091238614,154.8008950227423,28.705897502931382,61.916324338656516,89.82451626658494,84.30168076860275,485.0452704189478,1.002336179708861e-10,10.697370205330095,10.69895685361551,21.412135920813444,26.78596901985678,69.36378516197408,28.52422821872396,42.78691068395222,106.96787344613114,21.387584312909024,42.78436210032251,17.59514863666387,62.809717235781015,38.79982820718273,180.69364693446076,1.0364669945149194e-07,9.693328461999123,48.65426695322203,8.08424254849735,32.306168991301895,0.0,19.60561178238489,100.91846530465479,141.30845697884578,100.88253817391117,100.8810803519068,31.876587912777957
2030-03-01,7.49025709845856e-09,98.47836176778446,803.8229295438508,7.086399999961791e-07,4.571547024068227e-05,90.62641760218087,174.83137276875806,539.1748703884807,233.0008344143662,638.0688565661943,0.0,28.585522612601164,28.599722577259286,51.53185340322007,13.7272213796045,5.720067146800988,42.9432083434133,60.58399458269887,68.9749609131303,57.16831835284591,153.43677790566437,28.577447280142927,61.37108566203356,88.86032257721389,84.0661587325781,490.1111697361591,8.978519826437645e-11,10.585622497618196,10.58709131675498,21.187348759337894,26.503442274694663,68.32535890532351,28.22640534962488,42.3401399938799,105.85089778187782,21.164717408830565,42.3378580014809,17.429610384383395,62.26016186047571,38.68288244833078,181.49039528777183,9.467935666911798e-08,9.624131386231781,48.2949370455248,8.026062917108838,32.075896819996046,0.0,19.451786404241385,100.20286141908086,140.30461981048103,100.17118625359674,100.1698872233713,31.689508124824442
2030-04-01,6.7781247225185955e-09,98.32003904468682,803.9812522676606,6.518808783571738e-07,4.240576057577463e-05,90.59813728681812,174.27599793294647,536.8752963647072,233.10571017523625,640.8472133467409,0.0,28.469204695658767,28.48243483796882,51.31716298538925,13.670967462550434,5.69660126424167,42.764299941463975,60.30623710592488,68.67348034218715,56.93590258872735,152.18420411514984,28.461801022547885,60.87042095638268,87.97172036419775,83.85623519454589,494.8378504718139,8.043596134697208e-11,10.480132924388135,10.481493325285529,20.975181025261854,26.236812808516202,67.35183613617467,27.94525588147681,41.91838138696543,104.79645617806285,20.954308523061773,41.916337108607785,17.272589765494796,61.737112927495495,38.563875390725336,182.15616396623363,8.649193926507038e-08,9.555882992475446,47.94130682553729,7.968715131608188,31.848756386039696,0.0,19.30094716712023,99.49662785809637,139.31407098608923,99.46870615213423,99.4675485825653,31.50124312591369
2030-05-01,6.1336991201701314e-09,98.17558480401306,804.1257065089787,5.997049338913423e-07,3.933809993076708e-05,90.57639602675903,173.7687193096772,534.733235028026,233.21069929090825,643.413308570915,0.0,28.364588672931298,28.376920109086615,51.123925580150164,13.62036133692746,5.675490590584484,42.6032690214256,60.0552678619732,68.40155832064066,56.726871839171686,151.03398557905228,28.357798057363958,60.41065992122042,87.15263572594266,83.66959496119321,499.2394574130926,7.206690449598264e-11,10.380718177239057,10.381978772421292,20.775257351819292,25.98560100781977,66.44004600647335,27.68029237604356,41.52090366042092,103.80272035793955,20.755996693354074,41.519071448716105,17.123963655514846,61.24050368211959,38.444172840253266,182.70481555543716,7.901710132499113e-08,9.488672751774953,47.59375627533741,7.912270482853454,31.625048345379124,0.0,19.153198433852243,98.80074721582605,138.33817256971915,98.77613819839524,98.77510664073974,31.312515544581064
2030-06-01,5.550406296133685e-09,98.04379017142631,804.2575011421488,5.51734970427742e-07,3.649432700593786e-05,90.56042087300678,173.30552776216834,532.7382769711035,233.31543666018982,645.7826988515601,0.0,28.270876769691395,28.28237482445467,50.9506735094553,13.575017557303946,5.6565743636423065,42.458892521317935,59.82924406829188,68.15716887179879,56.539632281626744,149.97913974869394,28.264646082668182,59.989013831969146,86.39832928645482,83.50489909790986,503.3359042408208,6.464137925219595e-11,10.287182266627543,10.288350938873451,20.58717776199136,25.749297386715593,65.58688704477144,27.430993447688483,41.146924677940824,102.86773472256893,20.56939503490275,41.14528174701881,16.98357040695812,60.770096036966066,38.32495940050739,183.14956110361587,7.219322032466312e-08,9.422582428539709,47.252631314865596,7.856794088503647,31.40504747887181,0.0,19.008633824456822,98.11611685499929,137.37816824006353,98.0944309262983,98.09351161281417,31.123983003657166
2030-07-01,5.022737771039422e-09,97.92355060560757,804.3777407084953,5.076258440656128e-07,3.385771847603044e-05,90.54950491525324,172.88272372477257,530.8806182450301,233.41956514942936,647.969951764261,0.0,28.18735069177419,28.19807544290267,50.79608513372897,13.534589065064566,5.639707830780797,42.33006907753842,59.62650500826119,67.93848683357972,56.3727488789473,149.01330801249748,28.18163171556843,59.60294302316153,85.70447337297158,83.36094621364019,507.14772962216045,5.797487247968565e-11,10.199321637971805,10.200405603749106,20.410527843726445,25.527375239121543,64.78935187598455,27.196817417958698,40.79563185508832,101.98946756556445,20.394101025526943,40.794157953751984,16.851219888178637,60.32551897005035,38.207259563696844,183.50289538180394,6.596375305181827e-08,9.35768616803819,46.91824398105978,7.802344948452018,31.189002997363374,0.0,18.867336159816237,97.44355029014842,136.43518518446086,97.42444318282428,97.42362384629567,30.93624164608763
2030-08-01,4.54500077088051e-09,97.81385707070518,804.4874342438753,4.67061892131383e-07,3.141286441924122e-05,90.54300425819073,172.49689752994624,529.151040872596,233.52274428654255,649.9886793368885,0.0,28.11333545122464,28.12334220362637,50.65891935450425,13.498749794247187,5.624754999407833,42.215764443771086,59.445493999013756,67.74379966847675,56.22487305268828,148.1305463336413,28.108084387859424,59.250073212767816,85.06702695150423,83.23657569478397,510.69523460081007,5.204050989402609e-11,10.116928742049222,10.117934609837729,20.244885834763906,25.319299428988632,64.04454152034751,26.977211847642135,40.46619646018118,101.1658468260082,20.22970369581454,40.46487358233249,16.72670087239952,59.90629740983044,38.091954802146596,183.7765450729397,6.027712191713688e-08,9.294050652037063,46.5908729587397,7.748976058105042,30.977139073049134,0.0,18.729377545894472,96.78377923782071,135.51023692493115,96.76694682650202,96.76621653860875,30.74982969727847
2030-09-01,4.11274887609988e-09,97.7137879259531,804.5875033890597,4.297541716437463e-07,2.914555613509426e-05,90.54033466940564,172.14491021517028,527.5408907539784,233.62465642605204,651.8515765241741,0.0,28.04819011350686,28.057529823404558,50.53799868681186,13.467190208531454,5.611586776002644,42.114997384680606,59.28473760064089,67.57148435527843,56.09472419452534,147.32526233537862,28.043367147814564,58.92817039307,84.48219586060617,83.13064897172038,513.9981228388503,4.673951785390789e-11,10.039794665721178,10.040728489457859,20.08982783065551,25.124532837400203,63.34967352842988,26.77162056224396,40.157784154740874,100.3947864398552,20.075788935924127,40.15659628310043,16.609786766311043,59.51187509210056,37.97979835201772,183.98143441876456,5.50859978693074e-08,9.231735322671756,46.27076446352557,7.69673457953029,30.769655597455586,0.0,18.59481959951143,96.13745633831765,134.604227083387,96.12263002842094,96.12197905507864,30.565231060617144
2030-10-01,3.721710546434753e-09,97.62250147918961,804.6787898362143,3.954379378551269e-07,2.7042684363016543e-05,90.54096802098277,171.82387496237254,526.0420537954983,233.72501086468242,653.5704630824322,0.0,27.991305364699137,28.00002502194938,50.43220465199802,13.439616115353493,5.600080470839482,42.02683583662528,59.142839397080294,67.42000081455122,55.981084815166945,146.59218983788412,27.9868742741138,58.635130693953016,83.94641493765295,83.04205001296762,517.0753065815156,4.197755340587865e-11,9.967711177534047,9.968578505477641,19.94493182579237,24.94254135467429,62.70208644645897,26.57948911630913,39.86956319175275,99.6742068355608,19.93194362812751,39.868496071192666,16.5002402616629,59.14163344613186,37.87142861409727,184.12766930196722,5.034711235295065e-08,9.170792659694264,45.958133402184366,7.64566205804237,30.5667291165796,0.0,18.463713786468215,95.50515839761644,133.71795387479827,95.49210103132786,95.49152070329721,30.38287889724481
2030-11-01,3.3676109308394518e-09,97.53922915410774,804.7620621616502,3.638709439217493e-07,2.5092146753763465e-05,90.54442862495647,171.53113928125663,524.6469309368174,233.82354631724507,655.1563275477972,0.0,27.942103102556917,27.950246076152293,50.34047684086495,13.415748453655322,5.590119708531591,41.95039612696834,59.01847816393889,67.28789028202243,55.88279973925126,145.9263749111523,27.938030908000094,58.368974846111065,83.45633697010719,82.96969105078125,519.9447928734938,3.7737503888914675e-11,9.900472327853786,9.90127824718305,19.80978086695082,24.772797767123336,62.09924165220247,26.400269069024485,39.600710830470405,99.00205097084246,19.79775888458703,39.59975176762154,16.397817142914356,58.794907327619896,37.767381395965224,184.2245374504606,4.602106927934053e-08,9.111268497236424,45.653164740834,7.5957946726266155,30.368513897022112,0.0,18.33610184479271,94.88739000816734,132.85211513103786,94.87589223176697,94.87537482898877,30.203159147231606
2030-12-01,3.0474237560461156e-09,97.46326922414696,804.8380220919312,3.3483046800467477e-07,2.328276475713997e-05,90.55028954338027,171.26426801372997,523.3484126197465,233.92003209953782,656.6193722701008,0.0,27.90003652405095,27.90764287465989,50.26181289144797,13.3953233216128,5.5815944386729965,41.88484295558288,58.91040717694205,67.1737749383409,55.798776291759324,145.32316524284488,27.896293177277226,58.12784396475811,83.00882372358038,82.91251910933778,522.6236181343022,3.3931093158785516e-11,9.837875690171533,9.838624867637336,19.68396549265905,24.614784755143383,61.53872321529233,26.233421302179472,39.35041831444961,98.37629677735512,19.672832563891312,39.349556000579774,16.30226939863177,58.4709981187416,37.66810108869198,184.2805219344685,4.207173949676826e-08,9.053202368074734,45.356015020727085,7.547163510143094,30.175143083107187,0.0,18.212016269544385,94.28458742624628,132.00731368461368,94.27446446862405,94.27400311688136,30.026413957587806
2031-01-01,2.757584179890854e-09,97.39398106894824,804.9073102474197,3.0811262586369786e-07,2.1604207497301315e-05,90.55816893696391,171.02102720847168,522.1398531300697,234.01426830898046,657.9690586672847,0.0,27.864590164114947,27.871696926939546,50.19526839679574,13.378091982363902,5.5744009374046035,41.82938931802326,58.81745349911701,67.07635747542457,55.72798438561278,144.7781999258903,27.861148267512203,57.909995496538244,82.60093737992571,82.86952178291922,525.12781559684,3.0473322470750403e-11,9.779723308439511,9.780420027379133,19.567085588025574,24.46799716460981,61.01823626248618,26.07841855348441,39.11789467236683,97.79496666221432,19.556771196328167,39.11711902684173,16.21334774958401,58.16918459701366,37.57395084202442,184.30332518689167,3.846608951331027e-08,8.996627865154013,45.06681397023334,7.49979485473579,29.9867299108888,0.0,18.09148083911605,93.69712260179263,131.18406296695773,93.68821141915616,93.68779999779812,29.8529449900577
2031-02-01,2.534423054756306e-09,98.85915618334614,817.6108891933476,2.879827941786617e-07,2.0361717877597e-05,91.98990316820807,173.48141564800096,529.1964964099167,237.78223153590366,669.5657311496938,0.0,27.835279696861814,27.84192113771843,50.13995640101143,13.36382075698085,5.568441762078967,41.78329608557811,58.73851684112409,66.99442014032444,55.66945613311547,144.2873986772637,27.832114252170403,57.71379893483931,82.22993182070844,82.83973175662756,527.4724064684299,2.7426030789598122e-11,9.725822402974632,9.726470596988507,19.458751759973474,24.33194368261653,60.53560422395614,25.934747305399554,38.90236955189848,97.25613459209718,19.449191423240663,38.90167158382934,16.13080368681469,57.888731908281684,37.48522179820947,184.29990102318388,3.5174012530647876e-08,8.941573011808124,44.78566617002801,7.4537104852690925,29.803368950533077,0.0,17.97451116625811,93.12530727391382,130.3827927000168,93.11746402035341,93.11709707993643,29.683016588380436
2031-03-01,2.2933526470845033e-09,98.80060303404167,817.6694423428931,2.650093315382147e-07,1.889418200530403e-05,92.0010083860747,173.27629226334724,528.1332074490416,237.87289015067475,670.7323811530943,0.0,27.813813887059844,27.820022216985418,50.09894142938074,13.353328960488035,5.564058237241456,41.74911703032893,58.677129848259966,66.93202688996338,55.626609677792935,143.8581347520899,27.810901843467885,57.54220492814935,81.89961104992675,82.82866964091387,529.7125920645393,2.4707365609867605e-11,9.675985878783274,9.676589162357232,19.358586320421423,24.206148026794544,60.08876526178125,25.801909146469924,38.70309526219227,96.75793119877844,19.349721038437956,38.70246694814038,16.05439109892026,57.62889893169923,37.402141446474516,184.27649244686668,3.216808033734323e-08,8.888060633655392,44.51265273620575,7.408927974903467,29.625137353709874,0.0,17.861115260066306,92.56939706113351,129.60385458207298,92.56249484892935,92.56216753774298,29.51685879062441
2031-04-01,2.0751388176266675e-09,98.74719554687155,817.7228498302815,2.4387026098184154e-07,1.7532543916349468e-05,92.01323958214012,173.08943941707145,527.1436106093128,237.96083375130314,671.8086574251819,0.0,27.798572915012095,27.804377674603558,50.0692931722759,13.345837919661664,5.56092584203483,41.72441022859726,58.62980587798974,66.88523354384807,55.59620606821554,143.48061053294106,27.795893362205614,57.39129576421731,81.60401548970786,82.83191400479033,531.8390898215572,2.223799093382709e-11,9.630046677956638,9.630608375112212,19.266251969476954,24.090184773795237,59.67585490801402,25.679459048646912,38.519404190497795,96.29868732029945,19.2580277122087,38.51883836552491,15.983890801301687,57.389027744959016,37.3249354427581,184.2389412845028,2.9423138319086366e-08,8.83610872653897,44.24783299296587,7.365460988078984,29.452096087254255,0.0,17.751294087873127,92.02959548974654,128.84752788866436,92.02352240711735,92.02323040566354,29.354670177296818
2031-05-01,1.8777890369191375e-09,98.69848217957141,817.771563197779,2.2441845201977397e-07,1.6269115492378034e-05,92.02635735843339,172.91926000254367,526.2225875958421,238.04597354724945,672.801603563821,0.0,27.78868028255444,27.79410874854872,50.04942152714043,13.34092593220686,5.558868804706582,41.70785059579653,58.59463371781065,66.85188952290967,55.576492901200524,143.1490090588318,27.78621416013341,57.258745812408215,81.33948829693963,82.84721476558217,533.8549131468768,2.0011652046677137e-11,9.587841782811882,9.588364952068197,19.181419761292947,23.98363926852371,59.29510038601078,25.566962715100427,38.350644823670166,95.87677405368095,19.17378702191138,38.35013508614094,15.919084651444967,57.168452028737875,37.25377206909098,184.192426256569,2.691631989591458e-08,8.78573101417959,43.991247104399825,7.323319736302233,29.28429179865627,0.0,17.645042526164673,91.50605997924973,128.11402781539934,91.500717336563,91.50045679914375,29.196621208465867
2031-06-01,1.6991282164453551e-09,98.65405088358112,817.8159944939478,2.0651889959307458e-07,1.5096777435352585e-05,92.04015153443345,172.76429300441055,525.3653685360315,238.1282448507461,673.7177253325057,0.0,27.78362167310109,27.788699121184354,50.038389757967494,13.33834525711137,5.5577838446244465,41.69865751936205,58.570471505507484,66.83071932249969,55.56644206982573,142.85948503410478,27.781351562846368,57.143017969038574,81.1035214886154,82.87336674145644,535.7684371874428,1.8093425255532446e-11,9.549210410694236,9.549697867694373,19.103765468075807,23.886103048763587,58.94480424217403,25.46399177061989,38.19617453390148,95.49058471858999,19.096678859436718,38.19571516127004,15.859753112606093,56.966489448210616,37.18876065688733,184.1414692306392,2.462673525901672e-08,8.7369373425286,43.74291789711346,7.282511298433529,29.121758136775224,0.0,17.542349991067987,90.99890610995656,127.4035114176054,90.99420688880727,90.99397439147367,29.04285688743156
2031-07-01,1.537525343156147e-09,98.61352567327903,817.8565197044114,1.9004730258400946e-07,1.4008934975135085e-05,92.05443836087191,172.6232024579538,524.5675100395275,238.20760498534295,674.5630285187452,0.0,27.782975755925307,27.787725637745858,50.03542947249287,13.337892863424871,5.5575863152346905,41.69619067309854,58.55637801682632,66.8206741750285,55.56521138892017,142.6087584050658,27.78088572445381,57.042801115050956,80.89395147401427,82.90941228877641,537.5884040087291,1.6266295508895868e-11,9.51399576451265,9.514450102725359,19.032973060068787,23.7971781701302,58.62335037558119,25.370128433313113,38.05536658640823,95.13855237597488,19.026390947565915,38.054952460506215,15.805678663864079,56.782454925497156,37.12996352159488,184.09001147405263,2.2535330371149842e-08,8.689733971129664,43.502852175922534,7.2430398557260505,28.964516728806743,0.0,17.4432008701462,90.50821080233433,126.71608202830302,90.50407828456092,90.50387077874751,28.893498959699542
2031-08-01,1.3911671182746427e-09,98.57656348916309,817.8934818886737,1.74889261086601e-07,1.2999477537243515e-05,92.06905792682487,172.49476720663873,523.8248742953648,238.28403117474159,675.3430547834868,0.0,27.786374303704903,27.79081839847179,50.0398686946082,13.339391275645687,5.5582022222717224,41.6998900775349,58.5515280474567,66.82083575633156,55.572064836628584,142.39390013023527,27.784449765220707,56.95692443869443,80.7088349676853,82.95452557064232,539.3232516290677,1.4667712851503952e-11,9.482045840149032,9.482469449752434,18.96873630045026,23.716479176035378,58.329204490084805,25.284967671025278,37.92761337411288,94.81915791417713,18.962620468761056,37.92723991490477,15.756647598059134,56.61566803929577,37.077404017984,184.04147314484155,2.0624670307776342e-08,8.644123841796699,43.27104193461795,7.204906908529254,28.812578081208684,0.0,17.34757491691607,90.03401524590286,126.05179332754933,90.03038180204832,90.03019657328225,28.748647923110074
2031-09-01,1.2587845954604118e-09,98.54285133048661,817.9271940474827,1.609400904554348e-07,1.2062742138569805e-05,92.08387175819391,172.3778714180462,523.1336092250194,238.35751846097713,676.0629154755047,0.0,27.793487664900283,27.797646214061764,50.05110562206081,13.342681593118542,5.559565314706653,41.70925423134906,58.55518137522991,66.83038096699887,55.58634350394471,142.21225061816315,27.791715258982208,56.884324822359964,80.54640084058838,83.00797187969934,540.980919453475,1.3223781427863772e-11,9.453213772110486,9.453608857195677,18.910759418218067,23.64363391690216,58.06091199554766,25.208118126111586,37.8123278047982,94.53093351623932,18.905074769108065,37.81199091164574,15.712451008610323,56.465457428380624,37.031072525736555,183.99880388137151,1.8879047729490087e-08,8.600106837510644,43.0474655260611,7.168111485375718,28.665942447617567,0.0,17.255447633831544,89.57632771340505,125.41065325312556,89.57313373238517,89.57296836352282,28.608384901052062
2031-10-01,1.1391083851648825e-09,98.51210363478326,817.9579417433058,1.4810313137623225e-07,1.11934790323068e-05,92.09876060299153,172.27149581675013,522.4901296927865,238.42807768833413,676.7273234189794,0.0,27.804017448451532,27.807909276881375,50.06859538509295,13.347619972832822,5.561615618874011,41.72382907690781,58.56666699230151,66.84856410593078,55.60745096807876,142.06137631972558,27.80238493041824,56.824029489461175,80.40502392005864,83.06908812574326,542.568788488869,1.1931657670287634e-11,9.427357987031844,9.4277265812684,18.858757398344725,23.57828389282825,57.81709503153627,25.139202527518187,37.708943919186005,94.27246420454703,18.853471676689363,37.708639918755516,15.672885416207682,56.331163823058155,36.990931393260794,183.96452879908873,1.728387594313331e-08,8.557680030694629,42.83208878703601,7.132650343717419,28.524600660985303,0.0,17.16679064181896,89.1351262527293,124.79262774199084,89.13231919649937,89.13217153500058,28.47277338461313
2031-11-01,1.0306870651298644e-09,98.48405988350102,817.9859854946964,1.3628957990478325e-07,1.0386821110275364e-05,92.11362239683234,172.1747095920517,521.8910997615993,238.4957335790963,677.3406227087333,0.0,27.817692007981734,27.82133463370395,50.0918418553086,13.354075456866262,5.56429853292341,41.74320117432871,58.585373284257365,66.87470580792976,55.63484426430379,141.93904141424878,27.816188150163708,56.775144687512785,80.28320754641312,83.13727140742742,544.0936727522264,1.0788848044095869e-11,9.40434224892751,9.404686229828467,18.812456056931254,23.520084329270308,57.596449122567044,25.07785781392927,37.61691707558675,94.04238830192658,18.807539602297048,37.61664267562927,15.637753178363905,56.212142223840516,36.95691916330948,183.94079092369324,1.5826045912435313e-08,8.516837919786951,42.624866112067885,7.098518161375966,28.388534926353874,0.0,17.08157203393433,88.71036124642202,124.19764428821333,88.70789481524665,88.70776294404776,28.34186084820825
2031-12-01,9.326138339589493e-10,98.4584824146401,818.0115629636554,1.2541786938208782e-07,9.638254775793424e-06,92.12837040060545,172.08666293859892,521.3334159723307,238.5605229189498,677.9068165672661,0.0,27.83426323940339,27.83767297331604,50.1203918266533,13.361928430895293,5.567564184256071,41.76699285230203,58.610741013537,66.90818516415983,55.6680274841908,141.84318678392668,27.832877742014126,56.7368472854319,80.17957041060131,83.21197128031632,545.5618332972482,9.723730093857505e-12,9.38403563523176,9.384356737145223,18.77159197932712,23.468704083085548,57.39773969133575,25.023735072103975,37.53572385731387,93.83939719968423,18.767017500672925,37.53547610563688,15.606862750194955,56.10776347879655,36.92895423746712,183.92939041537548,1.449356770235516e-08,8.477572653430368,42.42574147243816,7.065707718109859,28.257719572028915,0.0,16.999756711503256,88.30195783273047,123.6255953088218,88.29979122827991,88.2996734398738,28.21568024405356
2032-01-01,8.437999789668224e-10,98.43515442483094,818.0348909535533,1.1541275370967784e-07,8.943594120920073e-06,92.14293150132671,172.00658018859718,520.8141916170337,238.6224928632792,678.4295933321798,0.0,27.853504087649583,27.856696124406685,50.153830479151665,13.371069423588706,5.571366929027981,41.7948584278769,58.642257827319845,66.94843356796864,55.7065467917542,141.7719130757985,27.852227498173534,56.70837800493591,80.09283583062896,83.29268394987237,546.9790029555289,8.804157777380708e-12,9.366312465795664,9.36661229173907,18.735912365444246,23.423825434081483,57.21979854993962,24.976499349544486,37.46486179158091,93.66223465438374,18.731654736719207,37.464638039609696,15.580028836555666,56.01741540944962,36.90693807555162,183.93182075418875,1.3275457019681781e-08,8.439874241917028,42.23464937821306,7.034210066966273,28.13212175796657,0.0,16.92130670172302,87.9098181853188,123.07634131349914,87.90791546025947,87.90781023363206,28.094251381385877
2032-02-01,7.739293690589498e-10,99.75560921494942,829.2091813966073,1.0765325836793184e-07,8.41210058946292e-06,93.41367557700497,174.27782186705397,527.424700023205,241.93577956701262,688.1683398688695,0.0,27.875206483512773,27.878194984526168,50.19177762210421,13.381398112869928,5.575664937874988,41.82648107579613,58.67945369738798,66.99492961207037,55.749986299515854,141.72346635327,27.874030123680996,56.68903568696248,80.0218225993399,83.37894758113946,548.3504161255727,7.959284019214447e-12,9.351052199049724,9.351332231494071,18.705174810569705,23.385143797326975,57.061520439146555,24.935829379404645,37.403848936749775,93.5096957555319,18.701210885192207,37.40364680714741,15.557072462171394,55.9405035863669,36.89075799780461,183.9493020106022,1.216170324945073e-08,8.403730755786757,42.05151578241664,7.004014695304792,28.011702141057054,0.0,16.846181456219924,87.53382365143622,122.54971387772397,87.53215313546943,87.53205911558004,27.977582196683837
2032-03-01,7.002850328041262e-10,99.73593968433518,829.2288509272951,9.906427095685357e-08,7.80572786264709e-06,93.42788152566534,174.21070263586557,526.9683910596041,241.99305634356378,688.620285953409,0.0,27.901063474371252,27.903861832706717,50.23727652806598,13.393726827733978,5.580796660017551,41.864396856798756,58.72586221416864,67.05172208800875,55.80173230544984,141.70579366646285,27.89997930071905,56.68199950346323,79.97083665455095,83.47597469685012,549.717958108764,7.188025027289817e-12,9.338139305139629,9.338400915840442,18.67914704119122,23.352367380493423,56.9218596585801,24.90141724381543,37.35222337719863,93.38062566234342,18.675455483584592,37.35204073507629,15.537820978834095,55.876451828037034,36.88028964230277,183.98281132277862,1.114323912619087e-08,8.369128511688864,41.87625892754465,6.9751096755579916,27.896415497693575,0.0,16.77433813047322,87.17383675044582,122.04551842194532,87.17237054389457,87.17228652342096,27.86566992135213
2032-04-01,6.336351111566098e-10,99.71800017639337,829.2467904353038,9.115990310644266e-08,7.243021580894492e-06,93.44174361706204,174.14968658189397,526.5434608454917,242.04766651919647,689.0377605250743,0.0,27.929862949825132,27.93248353701569,50.28813979498174,13.407473311363354,5.586519460275636,41.90678293611623,58.778902964830536,67.11587861584138,55.859360819080145,141.71210628227027,27.928863621235223,56.684554313678106,79.93587308778714,83.5802766934042,551.0656620094875,6.489452325505765e-12,9.327475162816556,9.32771962209562,18.657630702758482,23.32524691140712,56.79990013031196,24.873000100047964,37.30959081256016,93.27403857654,18.65419183085691,37.30942573965167,15.522128059564995,55.82477453645516,36.875446718327886,184.03334825816472,1.0211757879245141e-08,8.336052245785082,41.70879013546197,6.947481805934779,27.786211304569747,0.0,16.70573184434832,86.82970303628841,121.56353680170733,86.82841656335096,86.82834146644981,27.75850215340469
2032-05-01,5.734277660463797e-10,99.70163854811082,829.2631520636465,8.388579864290275e-08,6.720838925721569e-06,93.45522872890889,174.09422904197572,526.1477215690393,242.0996853555714,689.4234539226799,0.0,27.961025447595496,27.963479761631138,50.343319599206374,13.422359042339504,5.592717263966808,41.952766127620485,58.837329872871614,67.18598902166363,55.92171311622715,141.73888493518837,27.960104235717186,56.695292719234814,79.91478755035855,83.69024424392808,552.3892409731492,5.8627697567912214e-12,9.318964044186075,9.319192528987108,18.640433315738864,23.303540567075558,56.69476760304958,24.85032280832266,37.27556849914509,93.18897759544406,18.63722896367652,37.27541927111813,15.509850561135531,55.78499389167569,36.876128264981304,184.10168778871855,9.359689516188124e-09,8.304485444971546,41.54901539228186,6.921116882955856,27.681034845305167,0.0,16.640316264625714,86.50125459815564,121.10353219265673,86.50012621282679,86.50005908068668,27.65605840537005
2032-06-01,5.189269091233125e-10,99.68671602672995,829.2780745850819,7.719170020093882e-08,6.236263646622333e-06,93.46831107402072,174.04383331985588,525.7791391842924,242.14919197129592,689.7798435599798,0.0,27.99427473910529,27.99657349825781,50.402314452297325,13.438251092181666,5.599334662720544,42.00192852449209,58.90053704718472,67.26137315488889,55.988236919115955,141.78419167165814,27.993425464407203,56.71343981208234,79.90633940163973,83.8051644003009,553.6897284067253,5.307304279078073e-12,9.312511271290667,9.31272487251191,18.62736458085736,23.287009345791763,56.605616535989746,24.833133017228775,37.24977787794532,93.12449628166503,18.62437797436613,37.24964294419586,15.500845610610876,55.75662971220263,36.8822135733323,184.18836943486136,8.580178288947067e-09,8.274410537733422,41.396836235833995,6.895999857278729,27.58082784898693,0.0,16.578043911502053,86.18831209399934,120.66525192274368,86.1873227325201,86.18726271051034,27.5583111403609
2032-07-01,4.695805046567462e-10,99.67310603698616,829.2916845748749,7.103129818718701e-08,5.7865896616972795e-06,93.480971262879,173.99804652565876,525.435822679483,242.1962683772898,690.1092107199685,0.0,28.02940402001488,28.031557224706955,50.46474816862208,13.45504988291665,5.606330145917874,42.05395663889816,58.9680663713885,67.34151880446103,56.05851878281025,141.84647682849103,28.028621003256816,56.73837597236726,79.90951691637991,83.92452236804014,554.9689414746467,4.822499275465558e-12,9.308024499897394,9.30822422914445,18.618238940318463,23.27542026109175,56.531636179701486,24.82118458815475,37.2318497111842,93.0796715041972,18.61545458254198,37.23172767678365,15.494972880725806,55.73920794470223,36.89356929107588,184.2937460880124,7.866832663666983e-09,8.245808997780859,41.252150211522455,6.872114917092972,27.485528837796704,0.0,16.518866295493062,85.89068587095298,120.24842902726976,85.88981874533805,85.88976507157808,27.46522647731132
2032-08-01,4.2483644175747613e-10,99.66069313078607,829.3040974811198,6.536208031515727e-08,5.369305745346605e-06,93.49319546378327,173.9564557664425,525.1160140634667,242.24099862043278,690.4136560741068,0.0,28.06624150872219,28.068258494816398,50.53030789561864,13.472672670631791,5.61366921860172,42.10858976054544,59.03953493861567,67.42599892062461,56.13221529411641,141.92440124935817,28.06551952821666,56.769565758386584,79.92343611528744,84.04789949146205,556.2288561948808,4.3390337354055695e-12,9.305414260461047,9.30560105624654,18.612876653668685,23.268547679354445,56.47205224189804,24.814239038787665,37.221426247460705,93.0536088510159,18.610280220784205,37.22131585703499,15.492095616558602,55.73226463639259,36.91005344352556,184.41801638957176,7.2140135625066725e-09,8.218661430942872,41.11485124894378,6.849445557804164,27.395073418652586,0.0,16.46273402573229,85.60817690721103,119.85278355508474,85.6074172350225,85.60736923021443,27.37676480393815
2032-09-01,3.8432669786023656e-10,99.64937201045811,829.3154186014882,6.014502773314072e-08,4.982081343765609e-06,93.50497465213788,173.918684659959,524.8180790284683,242.2834680281274,690.6951140119809,0.0,28.104638169181133,28.106527655825108,50.59872198503402,13.49104765006327,5.621321944905179,42.165601516047566,59.114609086009295,67.51444202753625,56.20902851859898,142.01677145837476,28.103972422334472,56.80653197871916,79.94730350427535,84.17493730019828,557.4714123739545,3.925447723242022e-12,9.304594151701165,9.304768885130077,18.61110417930815,23.266173789962846,56.42612655823108,24.81206606017284,37.21816199723207,93.0454445675365,18.608682425199227,37.2180621205652,15.492081072084346,55.7353477594373,36.93151793081528,184.56124846162396,6.616511412322089e-09,8.192947657980143,40.984830022312416,6.827974648540165,27.30939456108542,0.0,16.40959691473057,85.34057770767322,119.47802381108572,85.33991247377162,85.3398695321556,27.292881343204463
2032-10-01,3.478673557449006e-10,99.63904663745558,829.3257439745272,5.534400364411195e-08,4.6227536158858525e-06,93.51630394092547,173.8843901456332,524.5404982485751,242.32376254623637,690.9553658634323,0.0,28.14446177945783,28.146231912660877,50.669749292937034,13.510111105649578,5.629261760872652,42.224790952271086,59.19299180335652,67.60651789770743,56.28869413884107,142.12250737752137,28.14384784790278,56.8488427815109,79.98039726574014,84.30532045281767,558.6984392387467,3.5814525912135265e-12,9.305480906713102,9.30564438669423,18.612754301527474,23.26808875791669,56.39315610481439,24.81444369378578,37.22172399831646,93.05434622014202,18.610494970725235,37.22163361749011,15.49480072354332,55.74801820886971,36.95781037727399,184.72339940502386,6.069381436760401e-09,8.168646793808177,40.86197429685328,6.8076844958704354,27.22842286299575,0.0,16.359404080276803,85.08767315883716,119.12384754261787,85.08709090533999,85.08705248664853,27.21352667820027
2032-11-01,3.147219948440898e-10,99.62962941908887,829.3351611929271,5.092591050676493e-08,4.289315315533616e-06,93.52718198493857,173.85325956859808,524.28185927491,242.36196816285488,691.1960520913575,0.0,28.18559349201171,28.187251884599828,50.74317296838799,13.529805758894065,5.637464785761032,42.28597736022819,59.27441539867366,67.70192922279439,56.370974576005764,142.24062291863115,28.18502730988063,56.89610389330068,80.02205577548489,84.43876706478004,559.9116265020568,3.237957440841168e-12,9.307994395108496,9.308147373134176,18.617666130044466,23.274090717592976,56.37247173252301,24.821158337946308,37.23179182541193,93.07951271976906,18.61555787820033,37.23171002331229,15.50013036630807,55.76985035977764,36.98877559326028,184.9043319211612,5.568460655034625e-09,8.145737323036887,40.74616926042598,6.788556904644874,27.15208680399648,0.0,16.312104044009402,84.84924134231872,118.78994306883583,84.84873198343838,84.84869760573805,27.138647238103072
2032-12-01,2.8470661830831735e-10,99.6210404664995,829.3437501455466,4.686023222142594e-08,3.979903508943825e-06,93.53761045185529,173.82500801437496,524.0408489900669,242.3981704105262,691.418683529313,0.0,28.22792557536087,28.229479343755216,50.81879637102385,13.550079682984373,5.645909369710075,42.34899687306594,59.35863666009545,67.80040612996517,56.45565447405621,142.37021274865612,28.2274034003552,56.947953326923354,80.07166965078058,84.5750225110119,561.1125154336077,2.894757748347904e-12,9.312057588066477,9.312200762595756,18.62568502577006,23.28398567478012,56.36343677918204,24.832004655260054,37.24805745116057,93.1201739743728,18.623717346980285,37.24798340120216,15.507950140944825,55.800432350067304,37.024256765492176,185.1038286992619,5.109674417237547e-09,8.124197171775327,40.637297839860196,6.7705732358934885,27.080312986176786,0.0,16.267644826283778,84.62505430675853,118.47599035261945,84.62460896558198,84.62457819890481,27.068185747726513
2033-01-01,2.5763720381724015e-10,99.61320691767114,829.3515836944019,4.311888360022713e-08,3.6927890964477034e-06,93.54759355376099,173.79937587344494,523.8162465860678,242.43245393976446,691.624651733954,0.0,28.27135979551773,28.272815593672416,50.89644014208631,13.570885524648608,5.654575769437478,42.4137000252574,59.44543337243775,67.90170224113852,56.54253746342372,142.51044244964348,28.27087818248746,57.004057447096564,80.12867575389834,84.7138550902763,562.3024995514472,2.6206250405386083e-12,9.31759650010673,9.3177305205882,18.63666248039645,23.2975873514391,56.36544563609386,24.846785417927997,37.27022501401866,93.17559030842342,18.634825640757757,37.270157970952184,15.5181445123449,55.83936617652036,37.06409644011798,185.32160495450032,4.689479504366436e-09,8.104003775675142,40.53524100163652,6.753714461751345,27.013026362213186,0.0,16.22597403703072,84.41487879812526,118.18166201499469,84.41448966274324,84.41446212341968,27.00208164299509
2033-02-01,2.361192455167697e-10,100.87650613270041,839.9369364905793,4.0181959458232224e-08,3.4700696095352183e-06,94.75042932540147,175.99258613462996,530.2853576070654,245.55746527638465,700.6391230185109,0.0,28.315806181063962,28.317170231843154,50.97593996752007,13.592179910278873,5.663445900719688,42.47994988851807,59.534601648170536,68.00559165879197,56.63144369187719,142.66054075342402,28.315361957852577,57.06410786571902,80.19255240095214,84.85505279102566,563.4828301269382,2.415532908037782e-12,9.324540115669388,9.324665586233715,18.650455965941887,23.314716993320587,56.37792231068954,24.865311312483144,37.29801052527231,93.24505173027987,18.6487409427723,37.29794981695759,15.530602216187111,55.88626765713139,37.10813733973238,185.5573193868927,4.304478252585925e-09,8.085134144219522,40.439878036715534,6.737961217400976,26.950150450856427,0.0,16.187038962377844,84.21847694872324,117.90662429243044,84.21813714542095,84.21811249103696,26.940271454549222
2033-03-01,2.1373942908925194e-10,100.86990676601553,839.9435358572865,3.6973422230770194e-08,3.2196980517187253e-06,94.75965872611667,175.97123538862235,530.0877569811228,245.58855154234553,700.817758977365,0.0,28.362962773023977,28.364240977503954,51.06035055558959,13.614777759745092,5.672859304629174,42.55029205314936,59.62969757009161,68.11614314741358,56.72576931511325,142.82876049126037,28.362552992637447,57.13140581682386,80.26785490248413,85.00375762344486,564.6900774772033,2.141372325130913e-12,9.332820305680977,9.33293778853304,18.66692876458461,23.335203153320066,56.40031900980068,24.88740071777802,37.331141535933774,93.32787709927945,18.66532719079697,37.33108655597314,15.54521618208899,55.94076629493357,37.15622304356973,185.8105837694613,3.951710533884817e-09,8.067564921295912,40.35108682950418,6.72329385005302,26.891607539934384,0.0,16.15078664688796,84.0356069255373,117.65053793784223,84.03531040702879,84.03528833193774,26.882689161581258
2033-04-01,1.9341089534015744e-10,100.86388777734368,839.9495548459787,3.402079795156013e-08,2.9873747637418247e-06,94.76846139136569,175.95188089965504,529.9035614240778,245.61794307008907,700.9831150656607,0.0,28.411774621731333,28.41297244909027,51.14777062665661,13.638172509514963,5.682604901118899,42.62314211953411,59.72848963325143,68.23081408356246,56.82340451789754,143.00949993320668,28.411396586948126,57.20371071063356,80.35135492253762,85.15685767208949,565.9057848304992,1.936124937545296e-12,9.34238306069382,9.342493079363098,18.685972433391722,23.35890977054329,56.43218315474277,24.912909660319055,37.369402069708215,93.42352645804141,18.684476544740395,37.36935227078652,15.561902301154491,56.002572943876004,37.20824364976166,186.08119686829798,3.628421005730637e-09,8.051272442123945,40.26874411111503,6.709692465012969,26.837318877113763,0.0,16.11716397134392,83.8660235388476,117.41305906655641,83.86576498577332,83.865745217101,26.829266517910817
2033-05-01,1.749471976650224e-10,100.85839811137727,839.9550445119635,3.1303806627341034e-08,2.77180040181824e-06,94.77684817480853,175.93434160037918,529.7318468253301,245.6457189086227,701.1362065599991,0.0,28.461775987982556,28.462898536148405,51.23735981275421,13.662140443435582,5.692589464888774,42.69779978110472,59.82998627770442,68.3484776852687,56.92341789532023,143.20014941190166,28.461427220572496,57.279978769949224,80.44151254028388,85.31300217457031,567.1229655575677,1.7999074990492956e-12,9.353175384336112,9.353278426490128,18.707480586426094,23.385703392210136,56.473077329078436,24.941696864051917,37.41258019753085,93.53146996864407,18.7060831755691,37.41253508553117,15.580577648007433,56.07140155928269,37.26408447768294,186.36889292795414,3.332052984559755e-09,8.036232946196634,40.19272649525977,6.697137101877921,26.787205380618808,0.0,16.086118045470144,83.7094804743799,117.19384227576941,83.70925520849242,83.7092375025807,26.779933883942437
2033-06-01,1.5834838962417205e-10,100.85339120461447,839.960051418743,2.880370900376405e-08,2.5717690162654728e-06,94.78483085999042,175.9184525817399,529.5717538141054,245.67195590974296,701.2779691060923,0.0,28.512780383476873,28.513832417227757,51.32878060660974,13.686591902343842,5.702775628768404,42.77398378186451,59.93378387528645,68.4686783763248,57.025436536871446,143.39952394708206,28.512458602220132,57.3597360827737,80.53759360290623,85.47167348114031,568.3399748497078,1.5942635457014353e-12,9.365143604128768,9.36524012415225,18.731345513814073,23.41544894442489,56.52256841596199,24.973619246232037,37.46046128130043,93.65117102184209,18.730039888313026,37.46042041002796,15.60115771150724,56.146959332997376,37.32362008116727,186.67331617324945,3.0603911481949488e-09,8.02242266619229,40.12291089591347,6.68560780747408,26.741187936449496,0.0,16.057596354752913,83.56573123209994,116.99254195378553,83.56553513975959,83.56551927900007,26.734620632802784
2033-07-01,1.4324149306712725e-10,100.84882459026923,839.9646180331033,2.6503152749202996e-08,2.38616136223787e-06,94.79242194362534,175.9040636647688,529.4224831684087,245.69672859861527,701.4092650841611,0.0,28.56466034624759,28.5656463220995,51.421801884894585,13.711465570530944,5.713137836046302,42.85150151909719,60.03960361106874,68.5911028156409,57.12920557920996,143.60675187859573,28.56436345021704,57.44263405730091,80.63904449487222,85.63252747919766,569.5561496048534,1.4576669265812644e-12,9.378234627342426,9.378325048735233,18.75746069147119,23.448012866959168,56.580234576458615,25.008535266671267,37.51283299769213,93.78209879649766,18.75624063493862,37.51279596412757,15.623558526997451,56.22895445848353,37.38671992778632,186.99405319701887,2.811258635559998e-09,8.009817841997153,40.05917457244245,6.675084646479414,26.69918744589852,0.0,16.031546759646545,83.43452928364032,116.80881249578424,83.43435874840034,83.43434453841516,26.693255295612232
2033-08-01,1.2962654449329566e-10,100.84465953789896,839.9687830854873,2.438617431965289e-08,2.2139387176674055e-06,94.79963444749617,175.89103809752314,529.2832915499605,245.7201090768519,701.5308894620872,0.0,28.61731551516923,28.61823960291532,51.516241423967614,13.73671315005088,5.723655954672809,42.930201139820525,60.147224301504785,68.71550318382133,57.23452435582168,143.8211127834786,28.617041568923614,57.52838458964355,80.74540068565531,85.79529821776994,570.7711915893531,1.3208332678862453e-12,9.392396504317984,9.392481221915768,18.785721905798383,23.4832645167994,56.645668077785906,25.046306430205025,37.569487591800275,93.92373389359255,18.784581642072038,37.56945403183273,15.647697651656342,56.3170997252123,37.45325126937506,187.33065089083252,2.5828094613076615e-09,7.998394725480794,40.001395130383486,6.665547704429173,26.66112484218142,0.0,16.007917478431132,83.31562813225982,116.64230838354581,83.31547997546274,83.31546724259422,26.655765665778805
2033-09-01,1.1731706203078762e-10,100.8408607247058,839.9725818986927,2.2438200693108442e-08,2.054136990577317e-06,94.80648175583512,175.87925136636628,529.1534875425014,245.7421669540559,701.6435751769098,0.0,28.670661553854192,28.671527656039473,51.61194595156278,13.762294043293519,5.734313061608563,43.00995491719323,60.256459059458635,68.84167055042178,57.34122424527368,144.04198063131423,28.670408774036027,57.61673732669916,80.85625448815749,85.95976497491677,571.9849634024713,1.1837086568141986e-12,9.407578667912196,9.407658049938965,18.816027730736007,23.521076762270123,56.71847620451964,25.086797925473235,37.63022283525331,94.07557073142672,18.814961890886032,37.63019241984487,15.673494597098902,56.41111415255564,37.523080671472016,187.6826272934642,2.3732275285232403e-09,7.988129587516999,39.94945053520945,6.656977092674249,26.626921114492202,0.0,15.986657076566342,83.20878139516181,116.49268429685762,83.20865282359648,83.20864141267118,26.62207890166362
2033-10-01,1.061265574233255e-10,100.83739593573581,839.9760466876738,2.0645739123301658e-08,1.9058613072315025e-06,94.81297747535072,175.86859011168542,529.0324279722876,245.76296930417422,701.747998082239,0.0,28.724625027489488,28.72543679727933,51.70878191628622,13.788172893168657,5.745094417856906,43.09065155842964,60.367144481355616,68.96942254223667,57.44915842527315,144.2687970456488,28.72439177060687,57.70746897134042,80.97123977191885,86.12573713783017,573.1974012563325,1.1159918306024751e-12,9.423732054304926,9.423806444270735,18.84827976767254,23.561326280881588,56.79828149239476,25.129878947312235,37.694842509747886,94.23711875437228,18.84728335962444,37.69481494148548,15.70087106132216,56.510723894743805,37.596075021764015,188.04947949382128,2.1810189739438004e-09,7.978998727323512,39.903219139309144,6.649352955345981,26.596497339732654,0.0,15.967714462535104,83.11374290903728,116.35959525777905,83.11363146881848,83.11362124115554,26.592121628807288
2033-11-01,9.605505165716493e-11,100.83423579043713,839.9792068329826,1.899637849410609e-08,1.7682813819610925e-06,94.81913531534512,175.8589511389767,528.9195144909784,245.78258064335517,701.8447814963106,0.0,28.779140596021133,28.779901453703864,51.80663042785953,13.814318235241354,5.755986906815921,43.17219198833629,60.4791347086871,69.09859657750471,57.55819625937306,144.50105631892612,28.778925347271564,57.800377288940986,81.09002330625822,86.2930460025166,574.4084724367236,9.782625182613341e-13,9.440809163947469,9.440878882401641,18.882382765764305,23.60389370784559,56.88472163786213,25.1754228595015,37.76315665111788,94.407903042971,18.881451146327088,37.76313166111281,15.72975105815721,56.61566277069986,37.672102255119974,188.43068980994127,2.0045653685748605e-09,7.970978483645542,39.86257971968573,6.642655477926255,26.569774720339797,0.0,15.951038889088679,83.03026685398974,116.24269680095638,83.0301703899221,83.03016122155869,26.565820040985415
2033-12-01,8.691604784735799e-11,100.83135349326615,839.9820891301628,1.7478790563923216e-08,1.6406264141597605e-06,94.82496898561782,175.85024051699904,528.814190402439,245.8010629263321,701.9345003827509,0.0,28.834149288546136,28.83486243682901,51.905384144404614,13.840701668915377,5.7669786889049375,43.25448675538297,60.592297766077884,69.2290456990275,57.668219846056076,144.73829594246723,28.833950651573844,57.89527731985973,81.21229922224775,86.46153979464813,575.618153027445,9.101143411974647e-13,9.458764087293035,9.458829433445334,18.918244671943434,23.648663696848494,56.97744922991185,25.223307263579002,37.83498165250961,94.58746457180344,18.917373521045945,37.83495899760846,15.760060985521891,56.72567256789904,37.75103189689975,188.82573078345052,1.8427114733656294e-09,7.964045247355253,39.827411524112875,6.636864897059616,26.546674626785688,0.0,15.936579958904964,82.95810789145801,116.14164516382023,82.95802451123335,82.95801629134343,26.54309999942269
2034-01-01,7.852304500295827e-11,100.82872460622755,839.9847180172097,1.6082263232495353e-08,1.5221812867214128e-06,94.83049211008824,175.84237275539678,528.7159377162017,245.8184755586606,702.017685193633,0.0,28.889597349453748,28.89026578767107,52.0049451895342,13.867297303108977,5.778058970566105,43.3374542959452,60.70651310423488,69.36063578229333,57.779121711292085,144.98009007515802,28.88941403695353,57.99199876735673,81.33778514265002,86.63108038705874,576.8264158889274,8.417743846495548e-13,9.477552507846667,9.477613761065907,18.95577663567857,23.695524924402218,57.07613137745635,25.2734140071569,37.91014027681021,94.77536024049648,18.954961932631736,37.91011973708537,15.791729653587165,56.84050319674195,37.83273547787446,189.2340692844322,1.6940985025807763e-09,7.958175475074172,39.79759432368413,6.631961511275394,26.52711864344803,0.0,15.924287633757224,82.89702131213366,116.05609749103806,82.89694935478843,82.89694198427347,26.523887129540515
2034-02-01,7.192176671521219e-11,102.04538764607697,850.1431474588836,1.4976235306054722e-08,1.429357580176232e-06,95.98234831035487,177.96124144064376,535.0157115838233,248.80719099150323,710.5836428529734,0.0,28.94543541636578,28.946061953696287,52.10522366720778,13.894081361235358,5.7892178396455645,43.42101969668449,60.821669842900626,69.4932435420647,57.890803164664696,145.22604473518237,28.94526624145431,58.09038407468267,81.46621929461145,86.80154099655041,578.0332242255017,7.029278761980455e-13,9.497131689806196,9.49718911100675,18.994892983024148,23.744370055932777,57.180449273812464,25.325629151131217,37.988461607419865,94.97116275059618,18.99413098464112,37.98844298391061,15.824688285183152,56.95991274027188,37.91708685292691,189.65516991323378,1.5577516629403736e-09,7.9533457034740875,39.77300846992569,6.62792569232688,26.5110286167005,0.0,15.914112246389916,82.84676319033393,115.98571204824162,82.84670119846098,82.84669458869386,26.50810691469342
2034-03-01,6.512613299145918e-11,102.04317423451738,850.14536087045,1.3779739900986054e-08,1.326155537883295e-06,95.98735027584009,177.95475552678408,534.9291550422021,248.82281918075486,710.6560552581159,0.0,29.003326254584948,29.003913556953545,52.20921176868573,13.92185190838138,5.80078781931323,43.50767645034233,60.94125500367152,69.6308564236313,58.00658976479971,145.48436337875182,29.003170113676685,58.19371465511914,81.60216476566714,86.977927648151,579.2726485832392,6.339893168310846e-13,9.517460454927939,9.517514287852551,19.03551116921766,23.795095685170548,57.29009772398964,25.37984290814369,38.069780955905,95.17446037464717,19.0347983896378,38.06976406858356,15.858870496357698,57.083667428145795,38.003962444969126,190.08849782965456,1.4324888746820991e-09,7.949532563957406,39.75353495489873,6.624737896895634,26.498326704237055,0.0,15.906004514406044,82.80709054179978,115.93014844076696,82.80703723706922,82.8070313087741,26.495684786450454
2034-04-01,5.889677933226768e-11,102.04115540405319,850.1473797009203,1.2678573022920111e-08,1.23040077030802e-06,95.99207811145953,177.94890708960708,534.8483909681355,248.8375299935237,710.7232292178271,0.0,29.062288976296593,29.06283951877955,52.31514284827558,13.950138035446,5.812572692181991,43.59595235219954,61.0632009180743,69.77111508984271,58.12451976807221,145.74999282137824,29.06214485784435,58.299969265835635,81.74275017855946,87.1573171514699,580.5258895606714,6.353915543925062e-13,9.538509993361316,9.538560465826114,19.077573399933286,23.847629360222104,57.40484989874907,25.43597847155887,38.15398310544428,95.3849650647674,19.076906591251188,38.15396779136638,15.89423032809926,57.21160658222577,38.0932847267,190.5337376701346,1.3175078537232579e-09,7.946712797471053,39.73905547296829,6.6223786784501915,26.48893542480654,0.0,15.899915555576042,82.77776148239174,115.88906783384861,82.77771574398801,82.77771042624163,26.486546211084722
2034-05-01,5.32337123780648e-11,102.0393140425733,850.1492210624061,1.1665501052925504e-08,1.1415564034027141e-06,95.99654464024984,177.94363682866233,534.7730260222887,248.85137359907426,710.7855543801352,0.0,29.12190505650988,29.12242114939933,52.42226265644202,13.978738778812318,5.824488718868385,43.68521886099833,61.186622109206844,69.91301069479299,58.24375615255654,146.02071201524467,29.12177202993639,58.408259514987996,81.88669583643785,87.33847107756758,581.785298332281,5.660798883559019e-13,9.560251375297975,9.56029870027004,19.121021652740488,23.901898358192113,57.524481843672085,25.49395871340158,38.24095235767512,95.60238756970728,19.1203977881339,38.24093846933821,15.930721453702485,57.34356781221487,38.18497264874197,190.99054686586777,1.2118694768637358e-09,7.944863421930308,39.72945324664956,6.62082882632237,26.48277821661759,0.0,15.895797209553088,82.75853697603343,115.86213539794427,82.75849782166166,82.75849305100266,26.48061728092435
2034-06-01,4.832571021089939e-11,102.03763454340029,850.150900561584,1.0733286385588108e-08,1.0591240976881175e-06,96.00076234046011,177.93889080542476,534.7026940368381,248.86439781333317,710.8433905577185,0.0,29.18202141924376,29.182505224449056,52.53029484189753,14.007580597516736,5.836505253213383,43.775245684018444,61.31119125247943,70.05617194346328,58.36399279158663,146.2956398485725,29.18189862700059,58.5182329822835,82.03347595499706,87.5209456667252,583.0484596126859,4.964806291749776e-13,9.58265398260282,9.582698359193873,19.165794539456364,23.95782576203674,57.64876279828104,25.553702002156534,38.33056625936037,95.82642175147559,19.16521079765428,38.33055366322406,15.96829457925481,57.479377690691386,38.2789356230562,191.45852668040172,1.1148641466674077e-09,7.943961784136332,39.724613275667934,6.620069408562699,26.479779610696472,0.0,15.893602129435992,82.74918137907906,115.84902106921233,82.74914794823724,82.74914366787145,26.477824917331404
2034-07-01,4.360646093046218e-11,102.03610267281265,850.1524324321763,9.875635174433905e-09,9.826414892514578e-07,96.00474332030508,177.9346199654219,534.637054104408,248.8766481651711,710.8970700758091,0.0,29.242539442865112,29.24299298466347,52.639061130183364,14.0366160933548,5.848602542170659,43.865884259228395,61.436695780922975,70.20035850038447,58.48503246514122,146.5741757199603,29.24242609436232,58.62964944923464,82.18272413830277,87.70445923280559,584.3139852152069,4.265777167780832e-13,9.605686758842506,9.605728373241217,19.211829805519617,24.0153335839643,57.77746249431372,25.61512553627455,38.42270060262132,96.05675708588653,19.211283556317476,38.422689177769556,16.006899539288717,57.61885932575722,38.375078741534296,191.9372493183012,1.0257164731260672e-09,7.943985542823659,39.72442224242076,6.620081757437169,26.47986517465581,0.0,15.8932837364581,82.74946226694105,115.84939930530096,82.74943380618849,82.74942996528014,26.478096841078692
2034-08-01,3.945351301160025e-11,102.03470544922868,850.1538296557643,9.086408390216348e-09,9.116794606238601e-07,96.00849929897367,177.93077970265244,534.5757888035095,248.8881679665672,710.9468999311636,0.0,29.303384551226085,29.303809725603127,52.748426579982336,14.06580941401435,5.860765643739875,43.957022135546346,61.56297396260462,70.34538796568698,58.60672604235171,146.8558464135923,29.303279917436747,58.7423196495028,82.3341473268451,87.88880107909007,585.5809126621583,4.2762721911093845e-13,9.629318795716346,9.62935782205782,19.259065502166827,24.074344229835624,57.91035447024897,25.678146908080215,38.51723177077301,96.29308452711439,19.258554292970423,38.51722140770561,16.046486285718625,57.76183594787814,38.47330532827766,192.42627158471717,9.438047158590467e-10,7.944912645368762,39.7287683864829,6.6208474496725085,26.482961435309782,0.0,15.89479616285517,82.75915019436593,115.86294874838167,82.75912604435177,82.75912259739086,26.481361518849738
2034-09-01,3.567809727402566e-11,102.03343103302089,850.155104071976,8.360253786455885e-09,8.458398498163676e-07,96.01204159304615,177.92732946256618,534.5186025506725,248.89899838564762,710.9931637774996,0.0,29.364495780436727,29.36489436356557,52.858280798576196,14.095131244751876,5.872982340141399,44.04856731905473,61.689892956648386,70.49111081254597,58.728951615217035,147.1402532819789,29.364399189000157,58.85608414220474,82.4874960379436,88.07380030410935,586.8485020273151,3.5725164860174953e-13,9.653519608135413,9.653556209310302,19.30744053593285,24.13478118525341,58.047217525097736,25.74268483740243,38.61403783874471,96.53509925871398,19.30696207927863,38.61402843828612,16.087005357008998,57.90813262361515,38.573518231919564,192.9251421423112,8.685128397848391e-10,7.946721308944617,39.73754140203168,6.6223482904353315,26.4889958160885,0.0,15.898094204424288,82.77801850173758,115.88935195274436,82.77799808577916,82.77799499201704,26.48754812209484
2034-10-01,3.2280216435390987e-11,102.03226862602925,850.156266478971,7.69213258859841e-09,7.847531005808631e-07,96.01538110757016,177.92423238021053,534.4652200701357,248.90917852172123,711.0361237515496,0.0,29.425821036384054,29.426194692431633,52.968529401695896,14.124556531709656,5.8852421891799445,44.14044115620898,61.81733882952511,70.63739898888923,58.85160501378016,147.4270480304965,29.425731867129045,58.970803625911216,82.64255066457265,88.25931166360375,588.1161458859777,3.581672221809277e-13,9.678259294172749,9.678293622580691,19.35689498793418,24.1965694139283,58.18783649274972,25.808659598189724,38.71299921297894,96.78250229333955,19.356447149920978,38.712990685292816,16.128408154597906,58.0575772734937,38.67562064242436,193.43340629997763,7.993767447727864e-10,7.949390006001004,39.75063235753604,6.624566300942358,26.49789658885319,0.0,15.903133282470575,82.80584316618526,115.92829517523252,82.805825980213,82.80582320315841,26.49658649809886
2034-11-01,2.9259872854808614e-11,102.0312083799177,850.1573267250857,7.077319787782203e-09,7.280764622012021e-07,96.01852833112878,177.9214549504369,534.4153849726324,248.9187454815539,711.0760221527263,0.0,29.487314557132834,29.487664845495637,53.079089442703705,14.154063263619697,5.897536016605388,44.23257452482272,61.94521120613868,70.78413981385428,58.974594731053195,147.71591960112156,29.487232237972965,59.086353692302886,82.79911401063646,88.44520803685666,589.3833228370167,2.872813243837685e-13,9.703508636042997,9.703540834293172,19.407370315252386,24.259635608719357,58.33200267440329,25.875993287863913,38.81399903543942,97.03500148273818,19.406951104818784,38.813991299138685,16.1706471202195,58.21000133123368,38.77951665771933,193.9506094702888,7.357894475512315e-10,7.9528974534425,39.76793363451597,6.62748370917567,26.50959283801816,0.0,15.909869413826316,82.84240269097472,115.97946821937627,82.84238829468046,82.84238580164961,26.508407151394035
2034-12-01,2.642829504034106e-11,102.0302413125967,850.1582937924094,6.511720255300491e-09,6.754916337855465e-07,96.02149333431396,177.9189667273412,534.3688584354085,248.9277344562294,711.1130829883357,0.0,29.54893539726093,29.54926377929179,53.18988668160944,14.183631744063991,5.909855612873934,44.32490555824815,62.073420069648,70.93123232867113,59.09783889179886,148.00658621353506,29.54885940042477,59.202621642757336,82.95700672769561,88.63137595098749,590.6495710277546,2.880431160419627e-13,9.729239165650016,9.729269367212797,19.458809481492782,24.323908354191218,58.479514070065555,25.944610002181317,38.91692344588176,97.29231217340258,19.45841704047761,38.916916427224805,16.21367585341505,58.36524018591664,38.88511169527652,194.4762997801539,6.772945170064427e-10,7.957222604930736,39.78933888246233,6.631082943223809,26.524014435072488,0.0,15.918259187744146,82.88747802724042,116.04256432489623,82.88746603628651,82.88746379800138,26.522941233813825
2035-01-01,2.3974257997522104e-11,102.02935923200162,850.1591758730069,5.991237311221355e-09,6.267034009148638e-07,96.0242857710849,177.91674005035537,534.3254179761685,248.93617879803668,711.147513395292,0.0,29.610646446963376,29.610954292238265,53.30085381693318,14.213244120444424,5.9221935368728325,44.41737817192828,62.20188368613778,71.07858493221211,59.221263290837946,148.29879011525279,29.610576285528122,59.319504388531975,83.11606427857284,88.817712703027,591.9144719963966,2.1661375004990192e-13,9.755423206684242,9.755451536497489,19.511157040482612,24.38931823064181,58.63017548049605,26.0144359475575,39.0216617503208,97.55415762771712,19.510789634410045,39.021655382485264,16.257449189264836,58.52313347934294,38.99231279757814,195.0100300872718,6.235857869836981e-10,7.962344645788022,39.81474298725814,6.635346626810678,26.54109202175718,0.0,15.928259748568395,82.94085252262536,116.11728009496245,82.94084260178843,82.94084059201782,26.540120541625424
2035-02-01,2.1967631694859162e-11,103.24412910124346,860.2888383936569,5.578079747940346e-09,5.883651696693688e-07,97.17098541410923,180.03443699501412,540.6503587393192,251.91004543611675,719.6525410263531,0.0,29.672413757073663,29.672702349238023,53.41192926843349,14.242884059810184,5.934542980836898,44.50994104900397,62.330527173112806,71.22611375167565,59.34480004318428,148.59229388970002,29.672348981776455,59.4369069741118,83.27613478132261,89.00412439408899,593.17764029867,2.1720463600031945e-13,9.782033900238073,9.78206047527151,19.5643591870387,24.45579787700943,58.783798520761245,26.085399509431927,39.128106523559055,97.82026928025853,19.564015196573262,39.128100745985655,16.301923248008336,58.68352530071265,39.10102886030126,195.55135955360203,5.741387133373711e-10,7.968242990033599,39.84404205071922,6.640257576619711,26.56075700033795,0.0,15.939828783203184,83.00231189196847,116.2033154543963,83.00230374910649,83.00230194434553,26.559877518343423
2035-03-01,1.986639311360566e-11,103.24338649325142,860.2895810016511,5.132179875710189e-09,5.458677102488016e-07,97.17348951714818,180.0326391768525,540.6120314804062,251.91758233304992,719.682625146399,0.0,29.735909645757967,29.736180203485272,53.526122852132914,14.27335424664071,5.947238394841365,44.605102369501545,62.462860010349644,71.37783075734112,59.471793796055785,148.89540806353014,29.73584983863424,59.55815361969285,83.4418578495487,89.19563461064662,594.4727744091639,2.1780441698864156e-13,9.809045218392821,9.809070148173046,19.618363783713786,24.523282023792728,58.9402015714761,26.157431288554566,39.23615366359936,98.09038687380901,19.61804169673411,39.23614842139887,16.34705546403278,58.84626430568145,39.21117080196362,196.09985487584498,5.286517265207088e-10,7.97489727914271,39.87713337917095,6.645798801070979,26.582941529608835,0.0,15.95292451251688,83.07164420578837,116.30037363285722,83.0716375865333,83.07163596571698,26.582145262005895
2035-04-01,1.7956173884458688e-11,103.2427091391495,860.2902583557549,4.722047077238578e-09,5.064389816529905e-07,97.17584582339862,180.0310365458892,540.5762397578277,251.92465896193832,719.710586604641,0.0,29.80016921618675,29.800422871811367,53.64169727974167,14.304191492928412,5.960086781502809,44.70141439318704,62.59685202760404,71.53141760316082,59.60031476828211,149.20323994364983,29.80011399383637,59.68128725761877,83.61047449279077,89.38935592929573,595.7808287565025,2.1841277354736415e-13,9.836442771858467,9.836466158983562,19.673141975959663,24.591734511866555,59.099274592098546,26.2304929213845,39.345745622233466,98.36436653581309,19.672840379873318,39.34574086564544,16.39282260304157,59.01126858845041,39.32269487486427,196.6553072236491,4.868250986440547e-10,7.982287382176458,39.91391547926648,6.651953500255601,26.607578525453267,0.0,15.967505685940544,83.14863989290802,116.40816116788939,83.14863457599749,83.14863312024472,26.606857535869125
2035-05-01,1.6236974751293397e-11,103.24209130284383,860.2908761920622,4.344490219348049e-09,4.69857456328284e-07,97.17806247256614,180.0296100746561,540.542813843883,251.93130239290792,719.7365789466409,0.0,29.864787428612765,29.865025239781218,53.757923069680295,14.335201347129715,5.973007117285692,44.79826921875078,62.731649360588364,71.6859000045598,59.72955289132797,149.51370532726253,29.86473643808585,59.80547421522511,83.78080105065612,89.58407963862312,597.0939252287588,1.4601957941665487e-13,9.864211402062493,9.864233342647083,19.728663375543015,24.66111727083975,59.260904437296375,26.304543992405645,39.45682177349075,98.64205669947987,19.728380950594957,39.4568174574015,16.439200089516397,59.178451277585445,39.43555316729437,197.21748498635043,4.4836057264093923e-10,7.990393549073619,39.95428882001971,6.658705193520651,26.634602171935214,0.0,15.983531882861577,83.23309333839465,116.52639014146901,83.23308913156681,83.23308782395152,26.633949288598625
2035-06-01,1.4708796359432236e-11,103.24152775266805,860.2914397422396,3.9972763424274276e-09,4.3591770580831654e-07,97.18014721909599,180.02834249647645,540.5115955452047,251.93753821044618,719.7607442937175,0.0,29.929623139132087,29.929846096135226,53.874545793142,14.366316030892932,5.985971159353252,44.895454822193145,62.866952675350504,71.84093725991396,59.859225887277255,149.8260452639899,29.929576054973342,59.930410919936165,83.95239761910372,89.77938809363091,598.4094404029131,1.4643587738892886e-13,9.89233364980122,9.892354233889314,19.784892997495334,24.73138648982059,59.42496556100176,26.379537950572292,39.569312288292316,98.92328279040373,19.78462851057581,39.56930837179911,16.48615945934042,59.34771137675852,39.549687567081314,197.7861038500389,4.1296099781329774e-10,7.999196449975353,39.998156025281176,6.6660377520926035,26.66394805248854,0.0,16.000963586410734,83.324803294227,116.65477875442002,83.32480003061127,83.3247988559579,26.663356793656625
2035-07-01,1.3371639267663317e-11,103.24101371700652,860.2919537779024,3.67769232334514e-09,4.044288990558003e-07,97.18210744312071,180.02721814681556,540.4824374046249,251.9433905836206,719.7832142185677,0.0,29.994588780304937,29.994797810887807,53.99140748535892,14.397493484659787,5.998961381165244,44.99283956621288,63.00257534661212,71.9963173832799,59.98915863035236,150.1397724560359,29.994545302292057,60.05590245948809,84.12497747394879,89.97502390008476,599.7258032597282,1.4685713601591677e-13,9.920791030921999,9.920810342876548,19.841793811219773,24.802495805991782,59.5913275919061,26.455425511163423,39.68314323722097,99.20785998347709,19.841546110054008,39.68313968323673,16.533670490073906,59.51894144334045,39.66503493989717,198.36085292911187,3.8040407315968853e-10,8.008677146912344,40.04542172831833,6.673935375348493,26.69555305564292,0.0,16.019762122311175,83.4235725853168,116.79305091437298,83.42357012026156,83.42356906496215,26.69501756240716
2035-08-01,1.203448045952585e-11,103.24054484382346,860.2924226510869,3.383823616257756e-09,3.7521425071744574e-07,97.18395016207562,180.02622281874008,540.4552019593582,251.94888233426357,719.8041105518205,0.0,30.059620108562783,30.059816082111116,54.10839218751141,14.42870284614973,6.011964921829217,45.090326818465144,63.13837989609174,72.15188447733111,60.11922264181811,150.45451950632187,30.059579959693764,60.181801881261656,84.29832195306251,90.1707992090262,601.0418922231075,1.4728307560515084e-13,9.949564649736782,9.949582768604603,19.89932796705271,24.874397837495376,59.75985893296771,26.53215629158392,39.79823904421164,99.49559933710418,19.89909597477283,39.798235819106736,16.581702227236637,59.69203129213196,39.78152965476268,198.9414076019,3.504682928507847e-10,8.01881706005317,40.095992399486825,6.682382562565404,26.72935526261039,0.0,16.03988958718438,83.52920775878006,116.94093574431686,83.5292059670651,83.52920501891577,26.728870238339823
2035-09-01,1.088834370207365e-11,103.2401171637526,860.2928503311588,3.113275650354383e-09,3.4810951741282433e-07,97.18568204280444,180.0253436312397,540.429761051465,251.95403500301313,719.8235461251106,0.0,30.12466586280822,30.124849594153485,54.22540733011948,14.459919486322455,6.024971517741071,45.18783943772099,63.274256259007636,72.30751390295096,60.249315407244765,150.76998691551984,30.124628787471682,60.307989391159644,84.47225125195371,90.36656473136482,602.3568300321601,1.4771341484060179e-13,9.978635500965664,9.978652500819534,19.957457399894334,24.947044937663456,59.93042849416484,26.609679616580436,39.9145236943642,99.78631081272263,19.95724010997916,39.91452076764203,16.630223491209993,59.86686982871149,39.89910485890522,199.52743606648542,3.2285839902656627e-10,8.029597939188811,40.1497762003489,6.691364089043313,26.765293852318166,0.0,16.06130878764103,83.64151878766927,117.09816716743542,83.64151756105703,83.64151670911168,26.764854508072997
2035-10-01,9.933229372494317e-12,103.23972705643602,860.2932404384765,2.8644526101958795e-09,3.2296238825336186e-07,97.18730941400072,180.02456890927255,540.4059951868327,251.95886891313023,719.841625455793,0.0,30.189683090835384,30.189855343765217,54.342375318977034,14.49112276593118,6.037972567807458,45.28531276214602,63.410111957752164,72.46310105476462,60.379351029401825,151.08591948483735,30.189648853136077,60.43436291477625,84.64661114521928,90.56219575006163,603.6698917518222,7.407393676768767e-14,10.0079846556873,10.008000605945172,20.01614420086496,25.0203896592966,60.102906733250585,26.687945014137778,40.03192147777766,100.07980513437879,20.015940672425803,40.03191882178091,16.679203190538455,60.043346185179125,40.01769328363053,200.11860352888812,2.9742779083929985e-10,8.041001840272315,40.20668286331661,6.700864986450282,26.803309023286452,0.0,16.083983189771068,83.76031882729437,117.26448356560353,83.76031807237959,83.7603173068189,26.802911028603685
2035-11-01,8.978114090988965e-12,103.23937121982489,860.2935962750885,2.6354386119439195e-09,2.996314830196154e-07,97.18883827885523,180.02388807449447,540.3837929391975,251.96340323203862,719.858445378003,0.0,30.254634668429134,30.254796158945243,54.45922906814639,14.522294844580847,6.050960637213048,45.38269088679574,63.54586688239281,72.61855540056895,60.50925526650416,151.4020937159355,30.254603050651124,60.560833057414094,84.82126587582479,90.75758470661009,604.980456474545,7.429308724785866e-14,10.037593387254438,10.037608352978202,20.075350868907154,25.094385068891913,60.27716634065124,26.766902551281657,40.150357493244606,100.37589504795444,20.07516022229724,40.150355082889256,16.72861053490872,60.221350494125886,40.137227805250475,200.7145751466674,2.741048405939623e-10,8.053011106331333,40.26662359338464,6.710870526819945,26.84334193007572,0.0,16.107876877644333,83.88542401702644,117.43962750159154,83.88542365334803,83.88542296536258,26.842981368589626
2035-12-01,8.022997964614414e-12,103.23904664218131,860.2939208527329,2.4247969765561823e-09,2.7798574130243436e-07,97.19027432779511,180.0232915457316,540.3630503959841,251.96765603055684,719.8740956243779,0.0,30.319487832241435,30.31963923159331,54.575909357903846,14.553419976411158,6.063929163948975,45.47992446190371,63.68145020138374,72.77379695468034,60.63896259800598,151.71831030130596,30.319458633434692,60.687320100279095,84.99609390107379,90.95263682598967,606.2879791626156,7.4514022421929e-14,10.067443260652286,10.06745730282675,20.13504048928758,25.16898496951351,60.45308270937266,26.846503072393592,40.269758005714486,100.67439621481665,20.134861902013686,40.26975581824889,16.778415186952017,60.40077444179117,40.25764185527347,201.3150182013541,2.5259482313574706e-10,8.065608352131193,40.32951098882268,6.721366209681852,26.885334632228577,0.0,16.132954519555767,84.01665332110532,117.62334549590474,84.0166532794898,84.0166526611751,26.885007961643556
